train/global_step,train/grad_norm,_step,_timestamp,train/entropy,train/num_tokens,train/learning_rate,train/mean_token_accuracy,_runtime,train/loss,train/epoch
1,4.03196,0,1782935800.90015,0.57294,24667.0,0.0,0.82172,11.22609,1.1973,0.00811
2,4.14524,1,1782935810.181,0.60425,46081.0,0.0,0.8047,20.5069,1.4197,0.01622
3,5.74539,2,1782935819.63075,0.5901,67326.0,1e-05,0.81214,29.95658,1.5791,0.02433
4,3.43921,3,1782935829.11172,0.59233,93256.0,1e-05,0.82188,39.4376,1.1905,0.03244
5,3.5472,4,1782935838.46298,0.64331,114184.0,2e-05,0.79079,48.78882,1.2042,0.04055
6,4.37866,5,1782935847.84064,0.61359,134839.0,2e-05,0.80955,58.16645,1.3522,0.04866
7,4.37905,6,1782935857.40482,0.56354,158486.0,2e-05,0.81762,67.73067,1.235,0.05677
8,4.00212,7,1782935866.89597,0.60654,181111.0,3e-05,0.82311,77.22173,1.1807,0.06488
9,3.14145,8,1782935876.43755,0.63825,203880.0,3e-05,0.81816,86.76336,1.1547,0.07299
10,1.95947,9,1782935886.08546,0.64282,230038.0,4e-05,0.83651,96.41134,0.8115,0.08109
11,2.56242,10,1782935895.58859,0.71302,251960.0,4e-05,0.84469,105.91438,0.904,0.0892
12,1.47793,11,1782935905.10727,0.72923,275113.0,4e-05,0.85362,115.43307,0.735,0.09731
13,1.49319,12,1782935914.76987,0.74715,298078.0,5e-05,0.87266,125.09564,0.5595,0.10542
14,1.33004,13,1782935924.29576,0.82178,320398.0,5e-05,0.86062,134.62161,0.5981,0.11353
15,0.95608,14,1782935933.8373,0.79013,343158.0,6e-05,0.86301,144.16329,0.5943,0.12164
16,0.80747,15,1782935943.44987,0.85078,364997.0,6e-05,0.89145,153.77568,0.4008,0.12975
17,0.73276,16,1782935953.08387,0.85019,389164.0,6e-05,0.87947,163.40973,0.5192,0.13786
18,0.69811,17,1782935962.68435,0.92178,411195.0,7e-05,0.89358,173.01023,0.4417,0.14597
19,0.53508,18,1782935972.21284,0.9138,434306.0,7e-05,0.90063,182.53865,0.4081,0.15408
20,0.51201,19,1782935981.776,0.89395,458074.0,8e-05,0.89825,192.10182,0.4157,0.16219
21,0.47258,20,1782935991.45318,0.93248,480288.0,8e-05,0.9061,201.77906,0.4014,0.1703
22,0.48644,21,1782936000.97074,0.94134,501247.0,8e-05,0.90345,211.29669,0.354,0.17841
23,0.51086,22,1782936010.67956,0.92527,523262.0,9e-05,0.92122,221.00541,0.3561,0.18652
24,0.35258,23,1782936020.25547,0.89108,548352.0,9e-05,0.9088,230.58151,0.3586,0.19463
25,0.35111,24,1782936029.94286,0.88422,570800.0,0.0001,0.91522,240.26871,0.2953,0.20274
26,0.21286,25,1782936039.6986,0.82506,595979.0,0.0001,0.92661,250.02443,0.2295,0.21085
27,0.33972,26,1782936049.3091,0.92598,618313.0,0.0001,0.92328,259.63496,0.2895,0.21896
28,0.34336,27,1782936058.97701,0.89006,639131.0,0.0001,0.91082,269.30287,0.3396,0.22707
29,0.33409,28,1782936068.6264,0.84124,662694.0,0.0001,0.91051,278.9522,0.3616,0.23517
30,0.26627,29,1782936078.3094,0.87225,684468.0,0.0001,0.91647,288.63527,0.2702,0.24328
31,0.28768,30,1782936087.94507,0.83686,707371.0,0.0001,0.92311,298.27091,0.2604,0.25139
32,0.34925,31,1782936097.5673,0.8634,728587.0,0.0001,0.92131,307.89313,0.3615,0.2595
33,0.28692,32,1782936107.09856,0.82095,751834.0,0.0001,0.92312,317.42437,0.3278,0.26761
34,0.28193,33,1782936116.54172,0.81321,775500.0,0.0001,0.91558,326.86757,0.3366,0.27572
35,0.2949,34,1782936125.96662,0.85381,797140.0,0.0001,0.89768,336.29245,0.4126,0.28383
36,0.30418,35,1782936135.59546,0.85981,818010.0,0.0001,0.92064,345.92126,0.3753,0.29194
37,0.27385,36,1782936145.22344,0.81672,840247.0,0.0001,0.93566,355.54927,0.2421,0.30005
38,0.37482,37,1782936154.98553,0.8311,861309.0,0.0001,0.91233,365.31129,0.3575,0.30816
39,0.30844,38,1782936164.7025,0.83316,884892.0,0.0001,0.91561,375.02831,0.3429,0.31627
40,0.32062,39,1782936174.4222,0.91642,904139.0,0.0001,0.92277,384.74795,0.2619,0.32438
41,0.23977,40,1782936183.93602,0.87433,926900.0,0.0001,0.91092,394.26188,0.2995,0.33249
42,0.38338,41,1782936193.47594,0.87525,947249.0,0.0001,0.94136,403.8018,0.2507,0.3406
43,0.37392,42,1782936203.08444,0.8094,970165.0,0.0001,0.91483,413.41033,0.3081,0.34871
44,0.26087,43,1782936212.62573,0.86095,991860.0,0.0001,0.9203,422.95165,0.3325,0.35682
45,0.2847,44,1782936222.27026,0.8323,1014874.0,0.0001,0.91324,432.59613,0.3351,0.36493
46,0.37988,45,1782936231.8677,0.85835,1036254.0,0.0001,0.91667,442.19355,0.2926,0.37304
47,0.29695,46,1782936241.36461,0.81037,1060515.0,0.0001,0.92189,451.69039,0.2977,0.38115
48,0.22987,47,1782936251.00493,0.84537,1084196.0,0.0001,0.93139,461.33074,0.3011,0.38925
49,0.28394,48,1782936260.55134,0.7844,1108907.0,0.0001,0.92084,470.87718,0.2828,0.39736
50,0.32846,49,1782936269.86834,0.84815,1131541.0,0.0001,0.92597,480.19413,0.2832,0.40547
51,0.30236,50,1782936281.11816,0.79113,1155002.0,0.0001,0.91976,491.44405,0.2629,0.41358
52,0.33206,51,1782936290.55493,0.79769,1176830.0,0.0001,0.91281,500.88082,0.2492,0.42169
53,0.2752,52,1782936300.48383,0.84425,1199543.0,0.0001,0.92572,510.80967,0.2838,0.4298
54,0.35709,53,1782936310.26126,0.83588,1222674.0,0.0001,0.9281,520.58705,0.2622,0.43791
55,0.33597,54,1782936319.84613,0.81159,1244380.0,0.0001,0.90467,530.17194,0.3087,0.44602
56,0.28734,55,1782936329.27358,0.76973,1268262.0,0.0001,0.93019,539.59947,0.2673,0.45413
57,0.27456,56,1782936338.77504,0.84343,1290626.0,0.0001,0.92584,549.10086,0.3239,0.46224
58,0.32462,57,1782936348.1609,0.78635,1312949.0,0.0001,0.9305,558.48673,0.2753,0.47035
59,0.30944,58,1782936357.7425,0.83637,1335611.0,9e-05,0.9393,568.06835,0.2428,0.47846
60,0.27696,59,1782936367.33331,0.80247,1359635.0,9e-05,0.92998,577.6591,0.2574,0.48657
61,0.31733,60,1782936376.72656,0.8089,1381527.0,9e-05,0.9266,587.05242,0.2773,0.49468
62,0.31009,61,1782936386.3672,0.80467,1404371.0,9e-05,0.93042,596.69307,0.2559,0.50279
63,0.29179,62,1782936395.91559,0.83112,1424986.0,9e-05,0.94567,606.24149,0.2177,0.5109
64,0.37015,63,1782936405.43492,0.81674,1445918.0,9e-05,0.9374,615.76076,0.2203,0.51901
65,0.31438,64,1782936415.10883,0.83674,1468285.0,9e-05,0.9097,625.43465,0.3352,0.52712
66,0.27936,65,1782936424.66729,0.81652,1490575.0,9e-05,0.92734,634.9931,0.3049,0.53523
67,0.30793,66,1782936434.16856,0.79634,1513701.0,9e-05,0.92424,644.49437,0.3025,0.54334
68,0.35318,67,1782936443.62478,0.82278,1533278.0,9e-05,0.9416,653.95057,0.2611,0.55144
69,0.27177,68,1782936453.03436,0.75847,1555762.0,9e-05,0.93307,663.36031,0.2198,0.55955
70,0.25382,69,1782936462.49384,0.74657,1579200.0,9e-05,0.93988,672.81966,0.2305,0.56766
71,0.32388,70,1782936471.98825,0.78886,1601874.0,9e-05,0.9187,682.31405,0.3166,0.57577
72,0.2959,71,1782936481.80416,0.80577,1624691.0,9e-05,0.92914,692.13002,0.2607,0.58388
73,0.24824,72,1782936491.52378,0.775,1647029.0,9e-05,0.9297,701.84958,0.2794,0.59199
74,0.29879,73,1782936501.20366,0.79318,1669166.0,9e-05,0.94259,711.52954,0.1967,0.6001
75,0.3172,74,1782936511.11904,0.77496,1692253.0,9e-05,0.93139,721.44493,0.2517,0.60821
76,0.29322,75,1782936520.86862,0.80471,1712219.0,9e-05,0.94243,731.1944,0.2169,0.61632
77,0.30278,76,1782936530.50634,0.80514,1734402.0,9e-05,0.92427,740.83221,0.2793,0.62443
78,0.27714,77,1782936540.2137,0.78227,1756113.0,9e-05,0.92321,750.53947,0.2861,0.63254
79,0.25478,78,1782936549.88045,0.80343,1777909.0,9e-05,0.92524,760.20639,0.3113,0.64065
80,0.29908,79,1782936559.54739,0.76032,1801904.0,9e-05,0.94571,769.87332,0.2,0.64876
81,0.32976,80,1782936569.19761,0.80583,1823824.0,9e-05,0.94046,779.52339,0.2168,0.65687
82,0.27091,81,1782936578.67057,0.78934,1848747.0,9e-05,0.91624,788.99635,0.2686,0.66498
83,0.36643,82,1782936588.33474,0.78532,1872078.0,8e-05,0.91895,798.66062,0.2688,0.67309
84,0.28965,83,1782936597.97138,0.79785,1895706.0,8e-05,0.92317,808.29722,0.2753,0.6812
85,0.2549,84,1782936607.82734,0.75601,1918655.0,8e-05,0.92616,818.15321,0.2392,0.68931
86,0.28688,85,1782936617.39481,0.8006,1939824.0,8e-05,0.93462,827.72072,0.248,0.69742
87,0.30515,86,1782936627.03837,0.80198,1964442.0,8e-05,0.91963,837.36435,0.3178,0.70552
88,0.25167,87,1782936636.56021,0.77005,1987461.0,8e-05,0.94068,846.88615,0.3023,0.71363
89,0.31674,88,1782936646.03394,0.77588,2009829.0,8e-05,0.92153,856.35986,0.2692,0.72174
90,0.34674,89,1782936655.42518,0.82211,2030224.0,8e-05,0.93702,865.75104,0.2644,0.72985
91,0.34624,90,1782936664.99691,0.78428,2051887.0,8e-05,0.92152,875.32281,0.3141,0.73796
92,0.33405,91,1782936674.42999,0.80429,2072751.0,8e-05,0.92795,884.7559,0.2642,0.74607
93,0.30606,92,1782936683.96929,0.81341,2095245.0,8e-05,0.92271,894.29512,0.3379,0.75418
94,0.30995,93,1782936693.55751,0.78284,2118636.0,8e-05,0.92099,903.88343,0.2678,0.76229
95,0.31009,94,1782936702.9966,0.83091,2138377.0,8e-05,0.93786,913.32248,0.2504,0.7704
96,0.26163,95,1782936712.47201,0.77149,2160629.0,8e-05,0.93411,922.79784,0.2373,0.77851
97,0.365,96,1782936721.7745,0.89779,2179864.0,8e-05,0.92284,932.10024,0.2784,0.78662
98,0.30056,97,1782936731.16299,0.81172,2201780.0,8e-05,0.93668,941.48881,0.2595,0.79473
99,0.27731,98,1782936740.49613,0.81983,2224718.0,8e-05,0.93664,950.822,0.3159,0.80284
100,0.24453,99,1782936750.20522,0.76544,2249170.0,8e-05,0.9396,960.53103,0.2748,0.81095
101,0.36786,100,1782936762.02543,0.82214,2271002.0,7e-05,0.93393,972.35131,0.4181,0.81906
102,0.34531,101,1782936771.47748,0.78436,2293114.0,7e-05,0.92413,981.80327,0.2723,0.82717
103,0.31148,102,1782936781.01516,0.77376,2315137.0,7e-05,0.91358,991.34101,0.2769,0.83528
104,0.29236,103,1782936790.61148,0.79362,2338316.0,7e-05,0.93182,1000.93733,0.3433,0.84339
105,0.35701,104,1782936800.03623,0.81202,2359312.0,7e-05,0.93168,1010.36207,0.2474,0.8515
106,0.28626,105,1782936809.41302,0.78481,2381959.0,7e-05,0.93125,1019.7389,0.2491,0.8596
107,0.29621,106,1782936818.68188,0.79955,2403951.0,7e-05,0.93169,1029.00765,0.2573,0.86771
108,0.32831,107,1782936827.93479,0.81223,2426790.0,7e-05,0.93429,1038.26064,0.2429,0.87582
109,0.24583,108,1782936837.49544,0.78191,2450240.0,7e-05,0.93778,1047.82123,0.2428,0.88393
110,0.31123,109,1782936847.22764,0.78624,2473608.0,7e-05,0.93374,1057.5535,0.2505,0.89204
111,0.30147,110,1782936856.61074,0.76281,2497112.0,7e-05,0.9263,1066.93659,0.2894,0.90015
112,0.29131,111,1782936866.25509,0.76184,2520878.0,7e-05,0.92442,1076.58092,0.2524,0.90826
113,0.35368,112,1782936875.80783,0.80421,2542124.0,7e-05,0.92606,1086.13365,0.2687,0.91637
114,0.30911,113,1782936885.08788,0.77804,2563474.0,7e-05,0.92741,1095.41372,0.2765,0.92448
115,0.29145,114,1782936894.51392,0.80926,2586452.0,7e-05,0.92363,1104.83979,0.2793,0.93259
116,0.38726,115,1782936903.94288,0.79792,2607472.0,6e-05,0.93812,1114.26871,0.2381,0.9407
117,0.29174,116,1782936913.56001,0.77621,2629521.0,6e-05,0.91232,1123.8859,0.306,0.94881
118,0.29808,117,1782936923.22005,0.76484,2652457.0,6e-05,0.92312,1133.54594,0.2969,0.95692
119,0.37464,118,1782936932.99921,0.77052,2675551.0,6e-05,0.91561,1143.32499,0.2898,0.96503
120,0.3078,119,1782936942.73635,0.80907,2698947.0,6e-05,0.92618,1153.06219,0.2677,0.97314
121,0.30141,120,1782936952.283,0.77937,2720939.0,6e-05,0.93984,1162.6088,0.2015,0.98125
122,0.24427,121,1782936961.91852,0.78727,2743197.0,6e-05,0.94489,1172.24433,0.2138,0.98936
123,0.26768,122,1782936971.4365,0.77681,2766295.0,6e-05,0.94729,1181.76233,0.2056,0.99747
124,0.53819,123,1782936974.39715,0.78316,2773664.0,6e-05,0.93497,1184.72293,0.257,1.0
125,0.34713,124,1782936983.81951,0.78444,2795043.0,6e-05,0.92879,1194.14534,0.2968,1.00811
126,0.26674,125,1782936993.23646,0.79742,2817224.0,6e-05,0.94796,1203.56244,0.18,1.01622
127,0.28182,126,1782937002.9546,0.79583,2838379.0,6e-05,0.94027,1213.28054,0.2079,1.02433
128,0.25166,127,1782937012.65398,0.79024,2858897.0,6e-05,0.94775,1222.97989,0.1751,1.03244
129,0.31396,128,1782937022.14565,0.76104,2881673.0,6e-05,0.93778,1232.47152,0.255,1.04055
130,0.34203,129,1782937031.53799,0.73186,2903621.0,6e-05,0.93598,1241.86376,0.2301,1.04866
131,0.32691,130,1782937041.09578,0.79539,2924143.0,5e-05,0.94708,1251.42158,0.2129,1.05677
132,0.31287,131,1782937050.70736,0.78562,2945715.0,5e-05,0.95193,1261.03316,0.1907,1.06488
133,0.29585,132,1782937060.25812,0.74954,2968478.0,5e-05,0.93029,1270.58391,0.2443,1.07299
134,0.25821,133,1782937069.67424,0.72026,2992901.0,5e-05,0.93293,1280.00006,0.2689,1.08109
135,0.30113,134,1782937079.21083,0.74056,3015791.0,5e-05,0.94011,1289.53668,0.2403,1.0892
136,0.25131,135,1782937088.71865,0.73584,3037783.0,5e-05,0.93311,1299.04444,0.2194,1.09731
137,0.27183,136,1782937098.19971,0.70816,3060553.0,5e-05,0.94286,1308.52553,0.2404,1.10542
138,0.31804,137,1782937107.71019,0.7199,3084346.0,5e-05,0.94508,1318.03602,0.1893,1.11353
139,0.28473,138,1782937117.20062,0.7463,3107957.0,5e-05,0.93947,1327.52641,0.2128,1.12164
140,0.28274,139,1782937126.73074,0.70938,3129608.0,5e-05,0.9499,1337.05671,0.1874,1.12975
141,0.27901,140,1782937136.18086,0.74861,3150871.0,5e-05,0.94292,1346.50664,0.2509,1.13786
142,0.45521,141,1782937145.70717,0.75292,3172401.0,5e-05,0.92169,1356.03305,0.2465,1.14597
143,0.3143,142,1782937155.41139,0.72648,3195247.0,5e-05,0.94163,1365.73719,0.2245,1.15408
144,0.31667,143,1782937165.01581,0.76471,3217168.0,5e-05,0.93384,1375.34163,0.2307,1.16219
145,0.32592,144,1782937174.57116,0.73028,3238618.0,4e-05,0.94556,1384.89693,0.1942,1.1703
146,0.31861,145,1782937184.11626,0.71114,3263220.0,4e-05,0.93487,1394.44208,0.2539,1.17841
147,0.41633,146,1782937193.68583,0.78574,3282202.0,4e-05,0.9374,1404.0116,0.2018,1.18652
148,0.35445,147,1782937203.51142,0.75876,3305021.0,4e-05,0.95682,1413.83723,0.1945,1.19463
149,0.28388,148,1782937213.14284,0.76104,3327709.0,4e-05,0.94562,1423.46864,0.1493,1.20274
150,0.3195,149,1782937222.69269,0.7403,3349579.0,4e-05,0.94017,1433.01858,0.2517,1.21085
151,0.37878,150,1782937233.88982,0.76284,3370806.0,4e-05,0.93664,1444.2158,0.2402,1.21896
152,0.3222,151,1782937243.59317,0.73565,3393388.0,4e-05,0.9411,1453.91924,0.2015,1.22707
153,0.3275,152,1782937253.13351,0.7608,3415295.0,4e-05,0.94662,1463.45987,0.1881,1.23517
154,0.32752,153,1782937262.56113,0.78519,3434995.0,4e-05,0.94472,1472.88695,0.178,1.24328
155,0.26571,154,1782937272.24795,0.763,3457651.0,4e-05,0.94038,1482.57377,0.1979,1.25139
156,0.32118,155,1782937282.11929,0.73663,3481357.0,4e-05,0.93384,1492.4452,0.221,1.2595
157,0.24692,156,1782937291.9175,0.72819,3507473.0,4e-05,0.94891,1502.24334,0.193,1.26761
158,0.33548,157,1782937301.5468,0.81765,3528049.0,4e-05,0.92027,1511.87268,0.2745,1.27572
159,0.30337,158,1782937311.19793,0.73328,3553341.0,4e-05,0.94214,1521.52374,0.2026,1.28383
160,0.36025,159,1782937320.65187,0.78592,3574007.0,3e-05,0.92842,1530.9777,0.2474,1.29194
161,0.31185,160,1782937330.03955,0.77981,3598197.0,3e-05,0.94125,1540.36544,0.2059,1.30005
162,0.36912,161,1782937339.46877,0.78776,3618948.0,3e-05,0.93575,1549.79455,0.23,1.30816
163,0.29784,162,1782937349.20677,0.71821,3641913.0,3e-05,0.93289,1559.53266,0.1939,1.31627
164,0.31888,163,1782937358.78722,0.74015,3665212.0,3e-05,0.91696,1569.11303,0.2973,1.32438
165,0.31989,164,1782937368.40404,0.77236,3685466.0,3e-05,0.94112,1578.72983,0.205,1.33249
166,0.32152,165,1782937378.21717,0.74139,3709148.0,3e-05,0.93758,1588.54297,0.2525,1.3406
167,0.27169,166,1782937387.86806,0.72188,3732244.0,3e-05,0.95756,1598.19386,0.1683,1.34871
168,0.32214,167,1782937397.4088,0.75969,3754671.0,3e-05,0.932,1607.73458,0.2733,1.35682
169,0.28641,168,1782937407.1423,0.68003,3779800.0,3e-05,0.94625,1617.46811,0.2156,1.36493
170,0.33319,169,1782937416.60374,0.74395,3803154.0,3e-05,0.91849,1626.92967,0.2849,1.37304
171,0.2848,170,1782937426.04625,0.74433,3825760.0,3e-05,0.94345,1636.37202,0.1904,1.38115
172,0.34498,171,1782937435.41698,0.73534,3846920.0,3e-05,0.93295,1645.74286,0.2351,1.38925
173,0.28091,172,1782937444.98297,0.7002,3871801.0,3e-05,0.94325,1655.30878,0.2144,1.39736
174,0.33877,173,1782937454.3336,0.70876,3894598.0,3e-05,0.94455,1664.65939,0.1855,1.40547
175,0.28795,174,1782937463.79717,0.78673,3915627.0,2e-05,0.93771,1674.13106,0.1916,1.41358
176,0.34269,175,1782937473.25477,0.78539,3935586.0,2e-05,0.94799,1683.58057,0.1885,1.42169
177,0.29619,176,1782937482.72661,0.70646,3958732.0,2e-05,0.95018,1693.05244,0.2068,1.4298
178,0.30863,177,1782937492.20667,0.71562,3981469.0,2e-05,0.94293,1702.53246,0.232,1.43791
179,0.33616,178,1782937501.48833,0.75085,4002790.0,2e-05,0.95739,1711.81412,0.1615,1.44602
180,0.28318,179,1782937510.9873,0.75212,4025984.0,2e-05,0.92449,1721.31326,0.2641,1.45413
181,0.33021,180,1782937520.29402,0.73472,4048813.0,2e-05,0.94468,1730.61979,0.1978,1.46224
182,0.30757,181,1782937529.9369,0.73891,4070375.0,2e-05,0.95391,1740.26277,0.1617,1.47035
183,0.25279,182,1782937539.54384,0.71146,4094040.0,2e-05,0.9432,1749.86963,0.2136,1.47846
184,0.34038,183,1782937548.98298,0.7191,4116929.0,2e-05,0.94076,1759.30876,0.2108,1.48657
185,0.32949,184,1782937558.55804,0.7169,4139687.0,2e-05,0.94029,1768.88389,0.274,1.49468
186,0.33414,185,1782937568.15597,0.72693,4161750.0,2e-05,0.94265,1778.48175,0.2338,1.50279
187,0.30057,186,1782937577.632,0.68661,4186740.0,2e-05,0.93187,1787.9578,0.244,1.5109
188,0.33913,187,1782937588.09066,0.74948,4209445.0,2e-05,0.93745,1798.41656,0.2651,1.51901
189,0.31497,188,1782937597.49254,0.72435,4231547.0,2e-05,0.94298,1807.81839,0.2128,1.52712
190,0.33212,189,1782937606.78621,0.75518,4252226.0,2e-05,0.94033,1817.11207,0.2945,1.53523
191,0.2997,190,1782937616.07167,0.72725,4273801.0,2e-05,0.94855,1826.39749,0.1965,1.54334
192,0.36724,191,1782937625.48096,0.69101,4297931.0,2e-05,0.93572,1835.80679,0.2218,1.55144
193,0.26378,192,1782937634.93295,0.74718,4320906.0,1e-05,0.94669,1845.25886,0.2265,1.55955
194,0.3103,193,1782937644.3503,0.73008,4343729.0,1e-05,0.95176,1854.67617,0.2728,1.56766
195,0.29422,194,1782937653.86027,0.72392,4366279.0,1e-05,0.93651,1864.18617,0.2136,1.57577
196,0.33834,195,1782937663.29814,0.73529,4386369.0,1e-05,0.94687,1873.62399,0.1705,1.58388
197,0.3048,196,1782937672.76664,0.71724,4409048.0,1e-05,0.93931,1883.09248,0.316,1.59199
198,0.37918,197,1782937682.29415,0.71794,4431415.0,1e-05,0.94885,1892.61993,0.217,1.6001
199,0.31132,198,1782937691.65384,0.7071,4454380.0,1e-05,0.94034,1901.97975,0.1962,1.60821
200,0.29978,199,1782937701.15097,0.66877,4479690.0,1e-05,0.92066,1911.47675,0.2564,1.61632
201,0.34435,200,1782937712.50235,0.73783,4502107.0,1e-05,0.94814,1922.82818,0.1853,1.62443
202,0.34554,201,1782937722.07645,0.72303,4525085.0,1e-05,0.94113,1932.40232,0.2114,1.63254
203,0.2706,202,1782937731.56586,0.72053,4547989.0,1e-05,0.94405,1941.89174,0.1738,1.64065
204,0.3905,203,1782937740.9529,0.71847,4570444.0,1e-05,0.94569,1951.27876,0.2528,1.64876
205,0.28876,204,1782937750.42768,0.77061,4591725.0,1e-05,0.94646,1960.75357,0.2312,1.65687
206,0.36714,205,1782937759.90404,0.73488,4614148.0,1e-05,0.94481,1970.22989,0.3295,1.66498
207,0.32832,206,1782937769.30837,0.74653,4634360.0,1e-05,0.9349,1979.63418,0.2429,1.67309
208,0.31898,207,1782937778.79691,0.70257,4658556.0,1e-05,0.93418,1989.12273,0.2298,1.6812
209,0.30264,208,1782937788.15326,0.72941,4682176.0,1e-05,0.9312,1998.47914,0.2245,1.68931
210,0.38578,209,1782937797.64955,0.75106,4703681.0,1e-05,0.93573,2007.97548,0.2353,1.69742
211,0.27185,210,1782937807.19759,0.68261,4726340.0,1e-05,0.93593,2017.52341,0.1785,1.70552
212,0.35403,211,1782937816.61594,0.73505,4748308.0,1e-05,0.92924,2026.94177,0.2676,1.71363
213,0.30065,212,1782937826.37925,0.71568,4770861.0,1e-05,0.94194,2036.70513,0.1956,1.72174
214,0.30686,213,1782937836.06442,0.73506,4795408.0,1e-05,0.93122,2046.39023,0.2558,1.72985
215,0.34034,214,1782937845.49838,0.70962,4818051.0,1e-05,0.95485,2055.82417,0.198,1.73796
216,0.29579,215,1782937854.99115,0.72188,4841610.0,1e-05,0.93502,2065.31701,0.2395,1.74607
217,0.33836,216,1782937864.48029,0.7565,4863553.0,0.0,0.94224,2074.80615,0.2282,1.75418
218,0.31527,217,1782937874.01653,0.72407,4886908.0,0.0,0.94603,2084.34235,0.2077,1.76229
219,0.3274,218,1782937883.76697,0.73172,4909269.0,0.0,0.93661,2094.09277,0.2401,1.7704
220,0.28607,219,1782937893.47878,0.69057,4933391.0,0.0,0.93434,2103.80462,0.2223,1.77851
221,0.30953,220,1782937903.1231,0.72456,4955560.0,0.0,0.93123,2113.44899,0.3016,1.78662
222,0.3478,221,1782937912.71801,0.75962,4976647.0,0.0,0.95076,2123.04382,0.1735,1.79473
223,0.36865,222,1782937922.20419,0.72595,4998548.0,0.0,0.93969,2132.53004,0.2139,1.80284
224,0.30072,223,1782937931.71142,0.72227,5022436.0,0.0,0.93774,2142.03723,0.3493,1.81095
225,0.34404,224,1782937941.20846,0.7195,5045577.0,0.0,0.93567,2151.53424,0.2431,1.81906
226,0.32181,225,1782937950.73849,0.74791,5067218.0,0.0,0.93829,2161.06429,0.2425,1.82717
227,0.35831,226,1782937960.33502,0.71994,5089693.0,0.0,0.94003,2170.6608,0.2681,1.83528
228,0.28882,227,1782937969.82678,0.71429,5112696.0,0.0,0.94414,2180.15273,0.258,1.84339
229,0.30639,228,1782937979.34116,0.71404,5134144.0,0.0,0.95322,2189.66699,0.1787,1.8515
230,0.33606,229,1782937988.86541,0.73993,5157832.0,0.0,0.93289,2199.19116,0.2647,1.8596
231,0.34985,230,1782937998.23293,0.74297,5179827.0,0.0,0.93753,2208.55873,0.2535,1.86771
232,0.28735,231,1782938007.56684,0.68222,5203397.0,0.0,0.94316,2217.89264,0.2265,1.87582
233,0.29766,232,1782938016.9479,0.73102,5225765.0,0.0,0.9392,2227.2737,0.1876,1.88393
234,0.34789,233,1782938026.6148,0.73486,5247054.0,0.0,0.93122,2236.94064,0.2311,1.89204
235,0.28493,234,1782938036.35497,0.7718,5269158.0,0.0,0.93064,2246.68078,0.2405,1.90015
236,0.3807,235,1782938045.87134,0.7726,5289682.0,0.0,0.9495,2256.19714,0.1729,1.90826
237,0.29113,236,1782938055.37626,0.69597,5313027.0,0.0,0.93698,2265.70202,0.2323,1.91637
238,0.32424,237,1782938064.91745,0.71766,5336960.0,0.0,0.93678,2275.24322,0.2539,1.92448
239,0.30998,238,1782938074.41824,0.74363,5358100.0,0.0,0.94815,2284.74405,0.2471,1.93259
240,0.31891,239,1782938083.92258,0.72832,5379977.0,0.0,0.94696,2294.24835,0.1944,1.9407
241,0.2866,240,1782938093.34478,0.70427,5403611.0,0.0,0.94403,2303.67062,0.2299,1.94881
242,0.26946,241,1782938102.81017,0.71743,5426438.0,0.0,0.93858,2313.13601,0.2059,1.95692
243,0.31107,242,1782938112.2833,0.73207,5448277.0,0.0,0.93379,2322.60909,0.2214,1.96503
244,0.29641,243,1782938121.7255,0.6977,5472140.0,0.0,0.94121,2332.05128,0.197,1.97314
245,0.36113,244,1782938131.13168,0.74097,5494589.0,0.0,0.93508,2341.45746,0.2163,1.98125
246,0.31448,245,1782938140.74075,0.70617,5518667.0,0.0,0.94256,2351.06666,0.1766,1.98936
247,0.22619,246,1782938150.38284,0.72202,5540902.0,0.0,0.96346,2360.70864,0.133,1.99747
248,0.55138,247,1782938153.35513,0.75372,5547328.0,0.0,0.94252,2363.68092,0.2216,2.0
248,,248,1782938155.0327,,,,,2365.35847,,2.0
