train/rewards,profiling/Time taken: DistilTrainer._get_per_token_logps_and_entropies,train/global_step,_step,train/kl_approx,train/num_tokens,train/learning_rate,train/completions/mean_terminated_length,_timestamp,train/entropy,train/completions/min_terminated_length,train/completions/mean_length,profiling/Time taken: DistilTrainer.vLLM.generate,train/grad_norm,train/epoch,_runtime,train/completions/max_length,train/completions/clipped_ratio,profiling/Time taken: DistilTrainer.compute_loss,train/completions/max_terminated_length,profiling/Time taken: DistilTrainer._prepare_inputs,train/completions/min_length,train/loss
,,1,158,,,,,1786603610.34276,,,,,,,33.50455,,,0.17452,,,,
,,2,288,,,,,1786603625.28905,,,,,,,48.45066,,,0.12652,,,,
,,2,304,,,,,1786603626.50321,,,,,,,49.66484,,,0.12633,,,,
,0.03861,2,335,,,,,1786603628.9627,,,,,,,52.12435,,,,,,,
,0.04502,3,489,,,,,1786603645.7797,,,,,,,68.94134,,,,,,,
,,3,515,,,,,1786603648.11353,,,,,,,71.27518,,,,,0.0,,
,0.06097,5,696,,,,,1786603672.96534,,,,,,,96.12713,,,,,,,
,0.05913,5,768,,,,,1786603678.87804,,,,,,,102.03971,,,,,,,
,0.0594,6,802,,,,,1786603684.24039,,,,,,,107.40209,,,,,,,
,0.04316,7,989,,,,,1786603702.98709,,,,,,,126.14873,,,,,,,
,0.03593,8,1047,,,,,1786603711.26501,,,,,,,134.42676,,,,,,,
,0.06004,8,1082,,,,,1786603714.2956,,,,,,,137.45729,,,,,,,
,0.06016,8,1150,,,,,1786603720.09173,,,,,,,143.25345,,,,,,,
,0.07626,9,1188,,,,,1786603729.87428,,,,,,,153.03596,,,,,,,
,0.07601,9,1220,,,,,1786603733.50049,,,,,,,156.66222,,,,,,,
,,10,1312,,,,,1786603749.93424,,,,,,,173.09585,,,0.18528,,,,
,,10,1320,,,,,1786603750.79665,,,,,,,173.95829,,,0.1882,,,,
,0.04923,11,1481,,,,,1786603771.33352,,,,,,,194.49522,,,,,,,
,,11,1554,,,,,1786603777.78091,,,,,,,200.94255,,,0.1518,,,,
,0.04037,12,1671,,,,,1786603790.16046,,,,,,,213.32222,,,,,,,
,0.04825,14,1827,,,,,1786603809.20348,,,,,,,232.36529,,,,,,,
,,14,1924,,,,,1786603818.438,,,,,,,241.59976,,,0.16439,,,,
,0.05089,15,1977,,,,,1786603827.41204,,,,,,,250.57377,,,,,,,
,,16,2088,,,,,1786603840.56967,,,,,,,263.73142,,,0.18315,,,,
,,17,2214,,,,,1786603855.56672,,,,,,,278.72843,,,0.17106,,,,
,0.06497,18,2394,,,,,1786603877.55717,,,,,,,300.71884,,,,,,,
,,18,2425,,,,,1786603880.61658,,,,,,,303.77822,,,,,0.0,,
,0.0654,18,2442,,,,,1786603882.24598,,,,,,,305.40766,,,,,,,
,,21,2779,,,,,1786603926.56959,,,,,,,349.73127,,,,,0.0,,
,,21,2802,,,,,1786603928.37479,,,,,,,351.53647,,,0.1448,,,,
,0.04279,21,2809,,,,,1786603929.00707,,,,,,,352.1688,,,,,,,
,,22,2872,,,,,1786603937.93173,,,,,,,361.09344,,,0.15152,,,,
,,22,2940,,,,,1786603944.06162,,,,,,,367.22326,,,0.15022,,,,
,,23,3018,,,,,1786603955.48284,,,,,,,378.64448,,,0.15488,,,,
,,24,3180,,,,,1786603973.58665,,,,,,,396.7483,,,0.141,,,,
,,25,3307,,,,,1786603990.70039,,,,,,,413.8622,,,,,1e-05,,
,,26,3476,,,,,1786604010.18637,,,,,,,433.34799,,,0.14667,,,,
,,27,3547,,,,,1786604019.16278,,,,,,,442.32447,,,,,0.0,,
,,27,3587,,,,,1786604022.11645,,,,,,,445.27808,,,,,0.0,,
,0.03846,27,3597,,,,,1786604022.78936,,,,,,,445.95101,,,,,,,
,,27,3606,,,,,1786604023.41261,,,,,,,446.57421,,,0.12478,,,,
,,29,3867,,,,,1786604062.86989,,,,,,,486.03157,,,,,1e-05,,
,,30,3908,,,,,1786604071.4076,,,,,,,494.56924,,,0.15216,,,,
,0.05975,30,3966,,,,,1786604076.69831,,,,,,,499.85997,,,,,,,
,0.05993,31,4064,,,,,1786604088.65277,,,,,,,511.81452,,,,,,,
,0.05992,31,4156,,,,,1786604096.21413,,,,,,,519.37578,,,,,,,
,0.06735,32,4166,,,,,1786604101.81154,,,,,,,524.97343,,,,,,,
,,32,4225,,,,,1786604107.74642,,,,,,,530.90806,,,,,0.0,,
,0.0588,34,4486,,,,,1786604145.13126,,,,,,,568.29289,,,,,,,
,0.06534,35,4580,,,,,1786604158.33299,,,,,,,581.49469,,,,,,,
,0.05174,35,4581,,,,,1786604158.38514,,,,,,,581.5468,,,,,,,
,0.04535,36,4695,,,,,1786604172.559,,,,,,,595.72067,,,,,,,
,0.04512,36,4699,,,,,1786604172.89477,,,,,,,596.05647,,,,,,,
,,36,4728,,,,,1786604175.30399,,,,,,,598.46564,,,0.144,,,,
,,36,4780,,,,,1786604179.7181,,,,,,,602.87971,,,0.14267,,,,
,,37,4882,,,,,1786604193.84561,,,,,,,617.00723,,,0.16935,,,,
,,38,4944,,,,,1786604203.9933,,,,,,,627.15499,,,0.16813,,,,
,,39,5166,,,,,1786604236.54882,,,,,,,659.71044,,,0.23862,,,,
,0.04499,40,5275,,,,,1786604251.24936,,,,,,,674.41099,,,,,,,
,,41,5434,,,,,1786604267.69452,,,,,,,690.85613,,,0.13688,,,,
,0.05917,42,5490,,,,,1786604275.0442,,,,,,,698.20583,,,,,,,
,,45,5910,,,,,1786604323.94472,,,,,,,747.10643,,,0.13102,,,,
,0.0561,47,6165,,,,,1786604357.92922,,,,,,,781.09088,,,,,,,
,0.0402,49,6389,,,,,1786604385.83358,,,,,,,808.99541,,,,,,,
,0.05995,50,6515,,,,,1786604405.05906,,,,,,,828.22073,,,,,,,
,,51,6675,,,,,1786604426.85394,,,,,,,850.01559,,,,,1e-05,,
,,53,6999,,,,,1786604474.38126,,,,,,,897.54293,,,,,0.0,,
,0.04794,54,7139,,,,,1786604490.34439,,,,,,,913.50608,,,,,,,
,0.07129,55,7164,,,,,1786604498.34298,,,,,,,921.50479,,,,,,,
,,55,7259,,,,,1786604508.247,,,,,,,931.40867,,,,,1e-05,,
,,56,7296,,,,,1786604515.08915,,,,,,,938.25085,,,0.13771,,,,
,0.05324,56,7306,,,,,1786604515.97855,,,,,,,939.14018,,,,,,,
,,56,7369,,,,,1786604521.14728,,,,,,,944.30907,,,,,0.0,,
,,57,7483,,,,,1786604535.78023,,,,,,,958.94187,,,,,0.0,,
,,59,7670,,,,,1786604568.48053,,,,7.58106,,,991.64257,,,,,,,
,,61,7946,,,,,1786604613.50446,,,,,,,1036.6661,,,0.14652,,,,
,,61,7950,,,,,1786604613.85474,,,,,,,1037.01636,,,0.14647,,,,
,,62,8077,,,,,1786604630.42059,,,,,,,1053.58223,,,,,1e-05,,
,,63,8290,,,,,1786604651.61494,,,,,,,1074.77666,,,0.12797,,,,
,,64,8325,,,,,1786604658.48104,,,,,,,1081.64298,,,,,0.0,,
,0.05912,64,8338,,,,,1786604659.5994,,,,,,,1082.76112,,,,,,,
,0.0601,64,8342,,,,,1786604659.95905,,,,,,,1083.12069,,,,,,,
,0.03756,65,8453,,,,,1786604673.47613,,,,,,,1096.63785,,,,,,,
,0.04478,65,8533,,,,,1786604680.39809,,,,,,,1103.55972,,,,,,,
,0.04564,65,8553,,,,,1786604682.11377,,,,,,,1105.27562,,,,,,,
,0.04618,66,8615,,,,,1786604692.28044,,,,,,,1115.44212,,,,,,,
,,70,9117,,,,,1786604770.88957,,,,,,,1194.05121,,,,,1e-05,,
,,70,9129,,,,,1786604772.45238,,,,,,,1195.61424,,,,,1e-05,,
,0.08619,70,9174,,,,,1786604778.29019,,,,,,,1201.45189,,,,,,,
,0.087,71,9232,,,,,1786604792.23102,,,,,,,1215.39273,,,,,,,
,0.05824,71,9245,,,,,1786604793.70104,,,,,,,1216.86274,,,,,,,
,0.07728,71,9296,,,,,1786604799.7058,,,,,,,1222.86745,,,,,,,
,,73,9502,,,,,1786604826.60801,,,,,,,1249.76969,,,0.12283,,,,
,0.031,73,9509,,,,,1786604827.16893,,,,,,,1250.33065,,,,,,,
,,73,9583,,,,,1786604832.6648,,,,,,,1255.82647,,,,,1e-05,,
,0.08379,76,9938,,,,,1786604882.73711,,,,,,,1305.89884,,,,,,,
,,76,9952,,,,,1786604884.43563,,,,,,,1307.59731,,,0.22733,,,,
,,76,10008,,,,,1786604891.55125,,,,,,,1314.71301,,,0.2212,,,,
,,77,10022,,,,,1786604897.29906,,,,,,,1320.46071,,,0.15532,,,,
,0.05246,78,10187,,,,,1786604916.91406,,,,,,,1340.07569,,,,,,,
,0.05129,79,10329,,,,,1786604934.24243,,,,,,,1357.40408,,,,,,,
,0.04322,80,10515,,,,,1786604952.88136,,,,,,,1376.0431,,,,,,,
,,81,10610,,,,,1786604964.62125,,,,,,,1387.78284,,,0.1453,,,,
,0.05644,82,10698,,,,,1786604975.6929,,,,,,,1398.85451,,,,,,,
,,82,10757,,,,,1786604980.72457,,,,,,,1403.88617,,,,,0.0,,
,,85,11099,,,,,1786605033.46928,,,,,,,1456.63095,,,,,1e-05,,
,,85,11122,,,,,1786605035.22913,,,,,,,1458.39074,,,0.14145,,,,
,0.05249,88,11519,,,,,1786605088.11043,,,,,,,1511.27215,,,,,,,
,,88,11560,,,,,1786605091.98742,,,,,,,1515.14906,,,0.16158,,,,
,0.05125,90,11779,,,,,1786605124.04095,,,,,,,1547.20266,,,,,,,
,0.03757,91,11877,,,,,1786605135.15048,,,,,,,1558.31214,,,,,,,
,,91,11902,,,,,1786605137.02503,,,,,,,1560.18667,,,0.12929,,,,
,,93,12131,,,,,1786605166.42292,,,,,,,1589.58459,,,,,1e-05,,
,0.06631,93,12189,,,,,1786605173.58877,,,,,,,1596.75057,,,,,,,
,0.07826,94,12262,,,,,1786605189.43256,,,,,,,1612.59423,,,,,,,
,0.07885,94,12338,,,,,1786605198.51399,,,,,,,1621.67573,,,,,,,
,0.05886,95,12400,,,,,1786605207.50337,,,,,,,1630.66503,,,,,,,
,0.03764,95,12409,,,,,1786605208.17461,,,,,,,1631.33626,,,,,,,
,0.06031,95,12472,,,,,1786605213.22345,,,,,,,1636.38535,,,,,,,
,0.03641,96,12571,,,,,1786605224.08938,,,,,,,1647.25105,,,,,,,
,0.05861,97,12708,,,,,1786605236.74956,,,,,,,1659.91121,,,,,,,
,0.06329,98,12806,,,,,1786605249.79013,,,,,,,1672.9518,,,,,,,
,0.06776,99,12888,,,,,1786605262.56104,,,,,,,1685.72274,,,,,,,
,,99,12898,,,,,1786605263.46614,,,,,,,1686.62804,,,0.17467,,,,
,,99,12902,,,,,1786605263.8665,,,,,,,1687.02819,,,0.17192,,,,
,,99,12903,,,,,1786605264.09093,,,,,,,1687.25255,,,,,1e-05,,
,0.05431,99,12937,,,,,1786605267.42196,,,,,,,1690.58366,,,,,,,
,0.06772,99,12948,,,,,1786605268.57113,,,,,,,1691.7328,,,,,,,
,,101,13254,,,,,1786605305.03818,,,,,,,1728.19983,,,0.15224,,,,
,0.05942,102,13302,,,,,1786605313.07417,,,,,,,1736.23582,,,,,,,
,0.04544,104,13551,,,,,1786605343.90997,,,,,,,1767.07173,,,,,,,
,,104,13581,,,,,1786605346.52234,,,,,,,1769.68396,,,,,1e-05,,
,,104,13612,,,,,1786605349.03592,,,,,,,1772.19754,,,0.13959,,,,
,0.05957,104,13646,,,,,1786605352.00616,,,,,,,1775.16779,,,,,,,
,,106,13829,,,,,1786605376.15148,,,,,,,1799.31315,,,,,0.0,,
,,106,13897,,,,,1786605382.49438,,,,,,,1805.65602,,,,,0.0,,
,,111,14439,,,,,1786605460.39896,,,,,,,1883.56059,,,,,0.0,,
,0.06542,111,14460,,,,,1786605462.38952,,,,,,,1885.55122,,,,,,,
,0.06627,111,14520,,,,,1786605468.22775,,,,,,,1891.38954,,,,,,,
,,111,14550,,,,,1786605471.05938,,,,,,,1894.22101,,,0.16651,,,,
,,112,14568,,,,,1786605479.85712,,,,,,,1903.01872,,,0.211,,,,
,0.06147,112,14571,,,,,1786605480.27693,,,,,,,1903.43858,,,,,,,
,0.08034,112,14638,,,,,1786605488.51195,,,,,,,1911.67366,,,,,,,
,0.0591,113,14788,,,,,1786605505.67835,,,,,,,1928.84,,,,,,,
,,113,14791,,,,,1786605505.94469,,,,,,,1929.10633,,,,,0.0,,
,0.06177,115,14992,,,,,1786605531.19217,,,,,,,1954.35401,,,,,,,
,,115,15071,,,,,1786605537.43933,,,,,,,1960.60098,,,,,0.0,,
,0.05414,116,15127,,,,,1786605548.03362,,,,,,,1971.19526,,,,,,,
,,116,15196,,,,,1786605554.92656,,,,,,,1978.08823,,,0.17507,,,,
,,117,15283,,,,,1786605574.41187,,,,,,,1997.57357,,,,,1e-05,,
,0.0652,118,15394,,,,,1786605591.66034,,,,,,,2014.82207,,,,,,,
,,118,15421,,,,,1786605594.29878,,,,,,,2017.46047,,,,,1e-05,,
,,119,15594,,,,,1786605617.61036,,,,,,,2040.77201,,,0.17549,,,,
,,122,15984,,,,,1786605666.10307,,,,,,,2089.26476,,,0.17169,,,,
,,122,15988,,,,,1786605666.50379,,,,,,,2089.66558,,,0.17176,,,,
,,123,16042,,,,,1786605676.77409,,,,,,,2099.93573,,,0.16947,,,,
,0.0772,124,16126,,,,,1786605691.48117,,,,,,,2114.64291,,,,,,,
0.0,,125,16249,0.3658,3268604.0,6e-05,104.15625,1786605705.83982,0.36463,31.0,104.15625,,0.1846,1.01626,2129.00156,783.0,0.0,,783.0,,31.0,0.0851
,0.08063,125,16324,,,,,1786605721.91946,,,,,,,2145.0811,,,,,,,
,0.05986,126,16426,,,,,1786605736.07219,,,,,,,2159.23383,,,,,,,
,,127,16562,,,,,1786605750.07076,,,,,,,2173.23235,,,0.13468,,,,
,0.05154,127,16576,,,,,1786605751.25723,,,,,,,2174.41884,,,,,,,
,0.04279,127,16629,,,,,1786605755.42026,,,,,,,2178.58195,,,,,,,
,0.03885,128,16687,,,,,1786605762.4999,,,,,,,2185.66152,,,,,,,
,,129,16779,,,,,1786605773.74008,,,,,,,2196.90172,,,,,0.0,,
,,130,16920,,,,,1786605793.10888,,,,,,,2216.27057,,,0.19794,,,,
,0.07558,130,16994,,,,,1786605801.51604,,,,,,,2224.67774,,,,,,,
,,131,17042,,,,,1786605811.48127,,,,,,,2234.64293,,,0.1693,,,,
,,131,17158,,,,,1786605823.07653,,,,,,,2246.23842,,,0.17348,,,,
,0.06997,132,17203,,,,,1786605837.07351,,,,,,,2260.23516,,,,,,,
,,132,17233,,,,,1786605841.17041,,,,,,,2264.33205,,,,,0.0,,
,0.04672,135,17593,,,,,1786605887.9289,,,,,,,2311.09058,,,,,,,
,0.05913,135,17656,,,,,1786605893.35871,,,,,,,2316.52034,,,,,,,
,0.05167,136,17767,,,,,1786605907.83677,,,,,,,2330.99843,,,,,,,
,,136,17792,,,,,1786605910.10685,,,,,,,2333.26847,,,0.16012,,,,
,0.06887,136,17802,,,,,1786605911.12338,,,,,,,2334.28509,,,,,,,
,0.04594,137,17885,,,,,1786605922.55812,,,,,,,2345.71975,,,,,,,
0.0,,138,17939,3.06618,3611862.0,5e-05,99.0,1786605927.40667,0.31153,37.0,99.0,,0.20059,1.12195,2350.56834,405.0,0.0,,405.0,,37.0,0.0881
,,138,17972,,,,,1786605938.11769,,,,,,,2361.27931,,,0.20641,,,,
,,141,18415,,,,,1786606002.65594,,,,,,,2425.81758,,,,,0.0,,
,,143,18610,,,,,1786606034.81195,,,,,,,2457.97357,,,0.13713,,,,
,0.04368,143,18649,,,,,1786606038.09903,,,,,,,2461.26068,,,,,,,
,0.04497,143,18705,,,,,1786606042.74941,,,,,,,2465.91113,,,,,,,
,,144,18777,,,,,1786606055.01107,,,,,,,2478.17296,,,,,1e-05,,
,,144,18785,,,,,1786606055.83289,,,,,,,2478.99457,,,,,1e-05,,
,0.05434,144,18827,,,,,1786606060.07231,,,,,,,2483.23405,,,,,,,
,0.06002,145,18897,,,,,1786606074.53016,,,,,,,2497.69179,,,,,,,
,0.07982,145,18912,,,,,1786606076.38471,,,,,,,2499.54636,,,,,,,
,,146,19052,,,,,1786606094.38712,,,,,,,2517.54873,,,0.14246,,,,
,0.04383,146,19067,,,,,1786606095.68013,,,,,,,2518.84176,,,,,,,
,0.033,146,19107,,,,,1786606099.09242,,,,,,,2522.25412,,,,,,,
,0.03807,147,19185,,,,,1786606108.00013,,,,,,,2531.16183,,,,,,,
,0.05955,147,19220,,,,,1786606110.76428,,,,,,,2533.92598,,,,,,,
,,148,19240,,,,,1786606116.13152,,,,3.51016,,,2539.29362,,,,,,,
,,148,19332,,,,,1786606124.80921,,,,,,,2547.97082,,,0.15393,,,,
,0.05185,149,19497,,,,,1786606147.19175,,,,,,,2570.35345,,,,,,,
,,150,19544,,,,,1786606158.73729,,,,,,,2581.89895,,,0.17644,,,,
,,150,19592,,,,,1786606163.58695,,,,,,,2586.74858,,,0.17655,,,,
,0.04378,152,19855,,,,,1786606194.50392,,,,,,,2617.66554,,,,,,,
,0.05361,152,19874,,,,,1786606196.10289,,,,,,,2619.26451,,,,,,,
,0.05723,155,20165,,,,,1786606243.03852,,,,,,,2666.2002,,,,,,,
,0.06491,156,20342,,,,,1786606266.59184,,,,,,,2689.75349,,,,,,,
,,157,20422,,,,,1786606281.72143,,,,,,,2704.88315,,,0.21687,,,,
,0.05972,158,20562,,,,,1786606301.59682,,,,,,,2724.75846,,,,,,,
,,159,20779,,,,,1786606331.45022,,,,,,,2754.61186,,,,,0.0,,
,0.04169,161,20997,,,,,1786606360.61492,,,,,,,2783.77652,,,,,,,
,0.0469,162,21075,,,,,1786606371.74275,,,,,,,2794.90437,,,,,,,
,0.04738,162,21115,,,,,1786606375.3191,,,,,,,2798.48072,,,,,,,
,0.05793,164,21386,,,,,1786606410.10387,,,,,,,2833.26552,,,,,,,
,0.05969,166,21606,,,,,1786606440.49963,,,,,,,2863.66127,,,,,,,
,0.0595,166,21638,,,,,1786606443.22739,,,,,,,2866.38903,,,,,,,
,,166,21708,,,,,1786606449.16439,,,,,,,2872.32606,,,0.14654,,,,
,0.06661,167,21784,,,,,1786606461.16607,,,,,,,2884.3278,,,,,,,
,0.05416,169,22076,,,,,1786606492.46854,,,,,,,2915.63018,,,,,,,
,0.05935,170,22122,,,,,1786606498.82387,,,,,,,2921.98551,,,,,,,
,0.03995,170,22171,,,,,1786606502.69706,,,,,,,2925.8587,,,,,,,
,,172,22364,,,,,1786606531.97645,,,,,,,2955.1381,,,0.15748,,,,
,,172,22436,,,,,1786606538.21612,,,,,,,2961.37777,,,0.14523,,,,
,0.05751,172,22470,,,,,1786606541.24489,,,,,,,2964.40657,,,,,,,
,,173,22534,,,,,1786606551.06473,,,,,,,2974.22636,,,0.15783,,,,
,0.04938,173,22549,,,,,1786606552.46047,,,,,,,2975.62214,,,,,,,
,,174,22652,,,,,1786606569.04232,,,,,,,2992.20397,,,0.20037,,,,
,,174,22713,,,,,1786606576.37039,,,,,,,2999.53208,,,,,1e-05,,
,,175,22754,,,,,1786606588.21625,,,,,,,3011.37794,,,0.22449,,,,
,,175,22803,,,,,1786606594.42242,,,,,,,3017.58407,,,,,0.0,,
,,176,22917,,,,,1786606611.01722,,,,,,,3034.17886,,,,,1e-05,,
,0.0598,177,23044,,,,,1786606626.44739,,,,,,,3049.60909,,,,,,,
,0.05935,177,23108,,,,,1786606632.08335,,,,,,,3055.24502,,,,,,,
,,177,23138,,,,,1786606634.67555,,,,,,,3057.83722,,,0.15673,,,,
,,180,23424,,,,,1786606669.92932,,,,,,,3093.09097,,,0.12611,,,,
,,182,23716,,,,,1786606708.123,,,,,,,3131.28462,,,0.18188,,,,
,,183,23814,,,,,1786606721.21309,,,,,,,3144.37471,,,0.14245,,,,
,,183,23855,,,,,1786606724.81591,,,,,,,3147.97758,,,,,1e-05,,
,0.20285,185,24052,,,,,1786606746.017,,,,,,,3169.17879,,,,,,,
,0.05858,185,24068,,,,,1786606747.31851,,,,,,,3170.48023,,,,,,,
,,185,24090,,,,,1786606749.05248,,,,,,,3172.21419,,,0.13338,,,,
,0.05828,185,24128,,,,,1786606752.30671,,,,,,,3175.46837,,,,,,,
,0.0867,186,24214,,,,,1786606768.85961,,,,,,,3192.02127,,,,,,,
,0.06813,186,24243,,,,,1786606772.54933,,,,,,,3195.71101,,,,,,,
,,189,24659,,,,,1786606820.72664,,,,,,,3243.88827,,,,,1e-05,,
,,190,24716,,,,,1786606829.25521,,,,,,,3252.41682,,,0.15193,,,,
,0.0588,190,24750,,,,,1786606832.38029,,,,,,,3255.54194,,,,,,,
,,190,24797,,,,,1786606836.60127,,,,,,,3259.7631,,,,,0.0,,
,,192,25073,,,,,1786606868.95357,,,,,,,3292.11527,,,,,1e-05,,
,0.04851,192,25087,,,,,1786606870.14231,,,,,,,3293.30397,,,,,,,
,0.04579,193,25133,,,,,1786606878.00638,,,,,,,3301.16802,,,,,,,
,0.0593,193,25152,,,,,1786606879.71604,,,,,,,3302.8777,,,,,,,
,,193,25159,,,,,1786606880.35467,,,,,,,3303.51636,,,,,0.0,,
,,194,25292,,,,,1786606902.18432,,,,,,,3325.34608,,,0.22069,,,,
,0.04286,195,25457,,,,,1786606921.55487,,,,,,,3344.71652,,,,,,,
,0.04191,195,25465,,,,,1786606922.2131,,,,,,,3345.37476,,,,,,,
,,197,25727,,,,,1786606953.37974,,,,,,,3376.54142,,,,,1e-05,,
,,197,25731,,,,,1786606953.73006,,,,,,,3376.89174,,,,,0.0,,
,,198,25745,,,,,1786606959.34364,,,,,,,3382.50539,,,,,1e-05,,
,,199,25886,,,,,1786606975.77871,,,,,,,3398.94042,,,0.1435,,,,
,0.06279,201,26152,,,,,1786607015.26137,,,,,,,3438.42309,,,,,,,
,,203,26471,,,,,1786607057.93458,,,,,,,3481.09624,,,,,1e-05,,
,,204,26533,,,,,1786607069.63812,,,,,,,3492.79986,,,,,1e-05,,
,,206,26828,,,,,1786607112.34708,,,,,,,3535.50871,,,0.13632,,,,
,,206,26872,,,,,1786607115.88286,,,,,,,3539.04456,,,0.13364,,,,
,,207,26967,,,,,1786607126.63494,,,,,,,3549.79662,,,,,0.0,,
,0.04759,209,27225,,,,,1786607162.91974,,,,,,,3586.08142,,,,,,,
,0.0479,210,27351,,,,,1786607177.13356,,,,,,,3600.29523,,,,,,,
,,211,27494,,,,,1786607195.0163,,,,,,,3618.17817,,,0.17144,,,,
,,212,27561,,,,,1786607206.50871,,,,,,,3629.67058,,,,,4.83112,,
,0.0546,212,27595,,,,,1786607209.86124,,,,,,,3633.02288,,,,,,,
,,212,27637,,,,,1786607214.16747,,,,,,,3637.32916,,,,,1e-05,,
,0.04921,213,27789,,,,,1786607234.09455,,,,,,,3657.25617,,,,,,,
,0.05177,214,27859,,,,,1786607245.32805,,,,,,,3668.48972,,,,,,,
,,214,27884,,,,,1786607247.67379,,,,,,,3670.83544,,,0.16477,,,,
,,215,27954,,,,,1786607258.52388,,,,,,,3681.68555,,,0.16249,,,,
,0.0606,215,27972,,,,,1786607260.38271,,,,,,,3683.54436,,,,,,,
,0.03631,216,28151,,,,,1786607278.55619,,,,,,,3701.71785,,,,,,,
,,219,28579,,,,,1786607331.958,,,,,,,3755.11965,,,,,1e-05,,
,,220,28600,,,,,1786607335.67503,,,,1.65064,,,3758.8371,,,,,,,
,0.06698,222,28894,,,,,1786607368.53566,,,,,,,3791.69732,,,,,,,
,,223,29046,,,,,1786607388.61217,,,,,,,3811.77383,,,0.17163,,,,
,0.04353,224,29179,,,,,1786607403.87855,,,,,,,3827.04018,,,,,,,
,,224,29237,,,,,1786607408.65531,,,,,,,3831.81708,,,,,1e-05,,
,,225,29303,,,,,1786607419.90772,,,,,,,3843.06961,,,,,1e-05,,
,0.05926,226,29387,,,,,1786607434.21365,,,,,,,3857.37529,,,,,,,
,0.07705,226,29478,,,,,1786607444.62223,,,,,,,3867.78387,,,,,,,
,0.05946,227,29580,,,,,1786607457.06987,,,,,,,3880.23155,,,,,,,
,0.06065,228,29650,,,,,1786607466.98279,,,,,,,3890.14448,,,,,,,
,0.05843,229,29789,,,,,1786607486.12917,,,,,,,3909.29079,,,,,,,
,0.06436,231,30108,,,,,1786607526.62229,,,,,,,3949.78397,,,,,,,
,0.0476,234,30463,,,,,1786607576.74466,,,,,,,3999.9063,,,,,,,
,,234,30532,,,,,1786607582.84961,,,,,,,4006.01123,,,0.1574,,,,
,,236,30737,,,,,1786607612.8894,,,,,,,4036.05108,,,,,1e-05,,
,0.0565,236,30795,,,,,1786607618.88326,,,,,,,4042.045,,,,,,,
,0.07446,237,30816,,,,,1786607627.36467,,,,,,,4050.52636,,,,,,,
,,237,30818,,,,,1786607627.48279,,,,,,,4050.64442,,,0.19274,,,,
,0.07503,237,30916,,,,,1786607638.46222,,,,,,,4061.62389,,,,,,,
,,239,31075,,,,,1786607665.93572,,,,,,,4089.09736,,,,,1e-05,,
,,240,31209,,,,,1786607682.89247,,,,,,,4106.05413,,,,,1e-05,,
,,240,31236,,,,,1786607684.94995,,,,,,,4108.11155,,,0.13217,,,,
0.0,,241,31329,23.20012,6305862.0,0.0,83.09375,1786607692.55985,0.36226,37.0,83.09375,,0.22129,1.95935,4115.72163,202.0,0.0,,202.0,,37.0,0.1123
,,241,31351,,,,,1786607702.51449,,,,,,,4125.67644,,,,,1e-05,,
,,245,31890,,,,,1786607787.2425,,,,,,,4210.40412,,,0.1418,,,,
,0.04485,245,31965,,,,,1786607793.69101,,,,,,,4216.85266,,,,,,,
