train/kl_approx,train/learning_rate,train/loss,train/completions/clipped_ratio,train/epoch,train/grad_norm,train/completions/max_terminated_length,train/completions/mean_length,train/num_tokens,train/global_step,train/completions/min_length,train/entropy,profiling/Time taken: DistilTrainer.compute_loss,_timestamp,train/rewards,profiling/Time taken: DistilTrainer._prepare_inputs,_runtime,_step,train/completions/min_terminated_length,profiling/Time taken: DistilTrainer.vLLM.generate,train/completions/mean_terminated_length,profiling/Time taken: DistilTrainer._get_per_token_logps_and_entropies,train/completions/max_length
,,,,,,,,,1,,,0.17343,1786595029.90327,,,33.39115,158,,,,,
,,,,,,,,,2,,,0.1276,1786595044.81244,,,48.3004,288,,,,,
,,,,,,,,,2,,,0.1241,1786595046.02925,,,49.51721,304,,,,,
,,,,,,,,,2,,,,1786595048.48594,,,51.97394,335,,,,0.03813,
,,,,,,,,,3,,,,1786595065.50643,,,68.99434,489,,,,0.04878,
,,,,,,,,,3,,,,1786595067.86113,,1e-05,71.34905,515,,,,,
,,,,,,,,,5,,,,1786595092.67058,,,96.15848,696,,,,0.05816,
,,,,,,,,,5,,,,1786595098.63008,,,102.11797,768,,,,0.05864,
,,,,,,,,,6,,,,1786595103.95627,,,107.4442,802,,,,0.05932,
,,,,,,,,,7,,,,1786595122.9973,,,126.4852,989,,,,0.04349,
,,,,,,,,,8,,,,1786595131.34257,,,134.83045,1047,,,,0.0384,
,,,,,,,,,8,,,,1786595134.4051,,,137.89298,1082,,,,0.05916,
,,,,,,,,,8,,,,1786595140.25628,,,143.7442,1150,,,,0.05909,
,,,,,,,,,9,,,,1786595150.01421,,,153.50209,1188,,,,0.07644,
,,,,,,,,,9,,,,1786595153.64687,,,157.13482,1220,,,,0.07664,
,,,,,,,,,10,,,0.18692,1786595170.19745,,,173.68531,1312,,,,,
,,,,,,,,,10,,,0.18981,1786595171.06926,,,174.55716,1320,,,,,
,,,,,,,,,11,,,,1786595191.79225,,,195.28018,1481,,,,0.04616,
,,,,,,,,,11,,,0.15492,1786595198.29115,,,201.77907,1554,,,,,
,,,,,,,,,12,,,,1786595210.80132,,,214.28923,1671,,,,0.04158,
,,,,,,,,,14,,,,1786595229.9722,,,233.46017,1827,,,,0.05076,
,,,,,,,,,14,,,0.16563,1786595239.32765,,,242.81551,1924,,,,,
,,,,,,,,,15,,,,1786595248.33882,,,251.8267,1977,,,,0.05073,
,,,,,,,,,16,,,0.14775,1786595261.53422,,,265.02208,2088,,,,,
,,,,,,,,,17,,,0.17268,1786595276.56114,,,280.04902,2214,,,,,
,,,,,,,,,18,,,,1786595298.47153,,,301.95942,2394,,,,0.0653,
,,,,,,,,,18,,,,1786595301.55643,,1e-05,305.04431,2425,,,,,
,,,,,,,,,18,,,,1786595303.19854,,,306.68646,2442,,,,0.06576,
,,,,,,,,,21,,,,1786595347.5724,,0.0,351.06047,2779,,,,,
,,,,,,,,,21,,,0.14622,1786595349.39339,,,352.88131,2802,,,,,
,,,,,,,,,21,,,,1786595350.02621,,,353.51414,2809,,,,0.04281,
,,,,,,,,,22,,,0.15197,1786595358.9992,,,362.48707,2872,,,,,
,,,,,,,,,22,,,0.14995,1786595365.07627,,,368.56412,2940,,,,,
,,,,,,,,,23,,,0.15529,1786595376.29877,,,379.78666,3018,,,,,
,,,,,,,,,24,,,0.1418,1786595394.38386,,,397.87172,3180,,,,,
,,,,,,,,,25,,,,1786595411.53009,,1e-05,415.01834,3307,,,,,
,,,,,,,,,26,,,0.14774,1786595430.97394,,,434.46182,3476,,,,,
,,,,,,,,,27,,,,1786595440.05112,,1e-05,443.53903,3547,,,,,
,,,,,,,,,27,,,,1786595443.05706,,0.0,446.54498,3587,,,,,
,,,,,,,,,27,,,,1786595443.74857,,,447.23648,3597,,,,0.03271,
,,,,,,,,,27,,,0.12719,1786595444.37684,,,447.86473,3606,,,,,
,,,,,,,,,29,,,,1786595483.99543,,0.0,487.48335,3867,,,,,
,,,,,,,,,30,,,0.15349,1786595492.55281,,,496.04066,3908,,,,,
,,,,,,,,,30,,,,1786595497.87354,,,501.36143,3966,,,,0.05994,
,,,,,,,,,31,,,,1786595509.87376,,,513.36168,4064,,,,0.05922,
,,,,,,,,,31,,,,1786595517.49191,,,520.97988,4156,,,,0.0684,
,,,,,,,,,32,,,,1786595523.10038,,,526.58834,4166,,,,0.06709,
,,,,,,,,,32,,,,1786595529.04988,,0.0,532.53795,4225,,,,,
,,,,,,,,,34,,,,1786595566.54016,,,570.02821,4486,,,,0.05959,
,,,,,,,,,35,,,,1786595579.91329,,,583.40119,4580,,,,0.06452,
,,,,,,,,,35,,,,1786595579.96106,,,583.44899,4581,,,,0.04746,
,,,,,,,,,36,,,,1786595593.96755,,,597.45544,4695,,,,0.04485,
,,,,,,,,,36,,,,1786595594.30501,,,597.7929,4699,,,,0.0458,
,,,,,,,,,36,,,0.14519,1786595596.73182,,,600.21974,4728,,,,,
,,,,,,,,,36,,,0.14368,1786595601.16993,,,604.65789,4780,,,,,
,,,,,,,,,37,,,0.16637,1786595615.19139,,,618.67927,4882,,,,,
,,,,,,,,,38,,,0.1693,1786595625.25424,,,628.74213,4944,,,,,
,,,,,,,,,39,,,0.23976,1786595658.01986,,,661.50778,5166,,,,,
,,,,,,,,,40,,,,1786595672.76648,,,676.25435,5275,,,,0.04504,
,,,,,,,,,41,,,0.1376,1786595689.27175,,,692.75965,5434,,,,,
,,,,,,,,,42,,,,1786595696.70514,,,700.19306,5490,,,,0.05883,
,,,,,,,,,45,,,0.13255,1786595745.53031,,,749.01819,5910,,,,,
,,,,,,,,,47,,,,1786595779.55458,,,783.04246,6165,,,,0.05437,
,,,,,,,,,49,,,,1786595807.21624,,,810.70423,6389,,,,0.04073,
,,,,,,,,,50,,,,1786595825.93421,,,829.42217,6515,,,,0.0601,
,,,,,,,,,51,,,,1786595847.70635,,0.0,851.19432,6675,,,,,
,,,,,,,,,53,,,,1786595895.34134,,1e-05,898.82962,6999,,,,,
,,,,,,,,,54,,,,1786595911.30827,,,914.79625,7139,,,,0.04525,
,,,,,,,,,55,,,,1786595919.39307,,,922.88101,7164,,,,0.07132,
,,,,,,,,,55,,,,1786595929.32842,,1e-05,932.8164,7259,,,,,
,,,,,,,,,56,,,0.14111,1786595936.20898,,,939.69685,7296,,,,,
,,,,,,,,,56,,,,1786595937.11532,,,940.60322,7306,,,,0.05975,
,,,,,,,,,56,,,,1786595942.36313,,1e-05,945.85117,7369,,,,,
,,,,,,,,,57,,,,1786595957.15458,,0.0,960.64247,7483,,,,,
,,,,,,,,,59,,,,1786595989.86563,,,993.35402,7670,,7.50998,,,
,,,,,,,,,61,,,0.14726,1786596035.49038,,,1038.97833,7946,,,,,
,,,,,,,,,61,,,0.14685,1786596035.84242,,,1039.33031,7950,,,,,
,,,,,,,,,62,,,,1786596052.52199,,0.0,1056.00987,8077,,,,,
,,,,,,,,,63,,,0.12811,1786596073.8362,,,1077.32409,8290,,,,,
,,,,,,,,,64,,,,1786596080.72542,,0.0,1084.21336,8325,,,,,
,,,,,,,,,64,,,,1786596081.85998,,,1085.34791,8338,,,,0.06064,
,,,,,,,,,64,,,,1786596082.22636,,,1085.71434,8342,,,,0.06081,
,,,,,,,,,65,,,,1786596096.0291,,,1099.51706,8453,,,,0.03422,
,,,,,,,,,65,,,,1786596102.97228,,,1106.46025,8533,,,,0.04503,
,,,,,,,,,65,,,,1786596104.68936,,,1108.17724,8553,,,,0.0451,
,,,,,,,,,66,,,,1786596114.87525,,,1118.36319,8615,,,,0.04622,
,,,,,,,,,70,,,,1786596193.22124,,0.0,1196.70923,9117,,,,,
,,,,,,,,,70,,,,1786596194.78731,,0.0,1198.27531,9129,,,,,
,,,,,,,,,70,,,,1786596200.59833,,,1204.0863,9174,,,,0.08431,
,,,,,,,,,71,,,,1786596214.4678,,,1217.9558,9232,,,,0.09232,
,,,,,,,,,71,,,,1786596215.97631,,,1219.46423,9245,,,,0.06028,
,,,,,,,,,71,,,,1786596222.05492,,,1225.54284,9296,,,,0.0781,
,,,,,,,,,73,,,0.12348,1786596248.92514,,,1252.41301,9502,,,,,
,,,,,,,,,73,,,,1786596249.4894,,,1252.97732,9509,,,,0.03173,
,,,,,,,,,73,,,,1786596255.03756,,0.0,1258.5256,9583,,,,,
,,,,,,,,,76,,,,1786596304.90795,,,1308.3959,9938,,,,0.08399,
,,,,,,,,,76,,,0.22789,1786596306.60172,,,1310.08966,9952,,,,,
,,,,,,,,,76,,,0.22328,1786596313.74653,,,1317.23463,10008,,,,,
,,,,,,,,,77,,,0.15713,1786596319.49474,,,1322.98261,10022,,,,,
,,,,,,,,,78,,,,1786596339.31842,,,1342.8064,10187,,,,0.05258,
,,,,,,,,,79,,,,1786596356.72786,,,1360.21576,10329,,,,0.05142,
,,,,,,,,,80,,,,1786596375.60835,,,1379.09627,10515,,,,0.04344,
,,,,,,,,,81,,,0.14707,1786596387.51006,,,1390.998,10610,,,,,
,,,,,,,,,82,,,,1786596398.75263,,,1402.24053,10698,,,,0.05975,
,,,,,,,,,82,,,,1786596403.86177,,1e-05,1407.35004,10757,,,,,
,,,,,,,,,85,,,,1786596457.23711,,0.0,1460.72501,11099,,,,,
,,,,,,,,,85,,,0.14107,1786596458.99449,,,1462.48236,11122,,,,,
,,,,,,,,,88,,,,1786596512.14236,,,1515.63034,11519,,,,0.04786,
,,,,,,,,,88,,,0.16148,1786596516.00426,,,1519.49212,11560,,,,,
,,,,,,,,,90,,,,1786596548.22089,,,1551.70879,11779,,,,0.05161,
,,,,,,,,,91,,,,1786596559.18471,,,1562.6726,11877,,,,0.03739,
,,,,,,,,,91,,,0.13025,1786596561.06967,,,1564.55754,11902,,,,,
,,,,,,,,,93,,,,1786596590.72192,,0.0,1594.20996,12131,,,,,
,,,,,,,,,93,,,,1786596597.8718,,,1601.35967,12189,,,,0.06551,
,,,,,,,,,94,,,,1786596613.718,,,1617.20595,12262,,,,0.07857,
,,,,,,,,,94,,,,1786596622.83678,,,1626.32476,12338,,,,0.079,
,,,,,,,,,95,,,,1786596631.8629,,,1635.3508,12400,,,,0.05987,
,,,,,,,,,95,,,,1786596632.53722,,,1636.02513,12409,,,,0.0378,
,,,,,,,,,95,,,,1786596637.59997,,,1641.08789,12472,,,,0.05891,
,,,,,,,,,96,,,,1786596648.43232,,,1651.92022,12571,,,,0.03551,
,,,,,,,,,97,,,,1786596661.23505,,,1664.72301,12708,,,,0.05843,
,,,,,,,,,98,,,,1786596674.4652,,,1677.95338,12806,,,,0.06402,
,,,,,,,,,99,,,,1786596687.22886,,,1690.71686,12888,,,,0.06709,
,,,,,,,,,99,,,0.17147,1786596688.12537,,,1691.61323,12898,,,,,
,,,,,,,,,99,,,0.16883,1786596688.52044,,,1692.00829,12902,,,,,
,,,,,,,,,99,,,,1786596688.74316,,0.0,1692.23122,12903,,,,,
,,,,,,,,,99,,,,1786596692.03559,,,1695.52347,12937,,,,0.05003,
,,,,,,,,,99,,,,1786596693.17763,,,1696.66555,12948,,,,0.06717,
,,,,,,,,,101,,,0.15119,1786596728.82993,,,1732.3178,13254,,,,,
,,,,,,,,,102,,,,1786596736.69647,,,1740.18447,13302,,,,0.05913,
,,,,,,,,,104,,,,1786596767.66278,,,1771.15069,13551,,,,0.04527,
,,,,,,,,,104,,,,1786596770.28896,,0.0,1773.777,13581,,,,,
,,,,,,,,,104,,,0.1406,1786596772.81851,,,1776.30636,13612,,,,,
,,,,,,,,,104,,,,1786596775.8012,,,1779.28914,13646,,,,0.05981,
,,,,,,,,,106,,,,1786596800.07652,,0.0,1803.56456,13829,,,,,
,,,,,,,,,106,,,,1786596806.46629,,0.0,1809.95464,13897,,,,,
,,,,,,,,,111,,,,1786596884.58274,,0.0,1888.07079,14439,,,,,
,,,,,,,,,111,,,,1786596886.58442,,,1890.07237,14460,,,,0.0655,
,,,,,,,,,111,,,,1786596892.44102,,,1895.92896,14520,,,,0.06634,
,,,,,,,,,111,,,0.16823,1786596895.29464,,,1898.78259,14550,,,,,
,,,,,,,,,112,,,0.21158,1786596904.20384,,,1907.69177,14568,,,,,
,,,,,,,,,112,,,,1786596904.62521,,,1908.11311,14571,,,,0.06104,
,,,,,,,,,112,,,,1786596912.90153,,,1916.38952,14638,,,,0.0809,
,,,,,,,,,113,,,,1786596930.15687,,,1933.64483,14788,,,,0.05936,
,,,,,,,,,113,,,,1786596930.42485,,1e-05,1933.91289,14791,,,,,
,,,,,,,,,115,,,,1786596956.14568,,,1959.63361,14992,,,,0.05963,
,,,,,,,,,115,,,,1786596962.40688,,1e-05,1965.89499,15071,,,,,
,,,,,,,,,116,,,,1786596973.02324,,,1976.51113,15127,,,,0.05446,
,,,,,,,,,116,,,0.17638,1786596979.94051,,,1983.42841,15196,,,,,
,,,,,,,,,117,,,,1786596999.42311,,0.0,2002.91098,15283,,,,,
,,,,,,,,,118,,,,1786597016.67021,,,2020.15817,15394,,,,0.06511,
,,,,,,,,,118,,,,1786597019.3203,,0.0,2022.80834,15421,,,,,
,,,,,,,,,119,,,0.17636,1786597042.46858,,,2045.95654,15594,,,,,
,,,,,,,,,122,,,0.17041,1786597091.01646,,,2094.50433,15984,,,,,
,,,,,,,,,122,,,0.1709,1786597091.41641,,,2094.90432,15988,,,,,
,,,,,,,,,123,,,0.16934,1786597101.50083,,,2104.98869,16042,,,,,
,,,,,,,,,124,,,,1786597116.46715,,,2119.95519,16126,,,,0.07799,
0.37773,6e-05,0.0849,0.0,1.01626,0.18974,783.0,104.15625,3268604.0,125,31.0,0.36559,,1786597131.01798,0.0,,2134.50602,16249,31.0,,104.15625,,783.0
,,,,,,,,,125,,,,1786597147.23908,,,2150.72703,16324,,,,0.08231,
,,,,,,,,,126,,,,1786597161.40721,,,2164.89514,16426,,,,0.06047,
,,,,,,,,,127,,,0.13563,1786597175.5062,,,2178.99408,16562,,,,,
,,,,,,,,,127,,,,1786597176.69716,,,2180.18511,16576,,,,0.05138,
,,,,,,,,,127,,,,1786597180.86926,,,2184.35713,16629,,,,0.04259,
,,,,,,,,,128,,,,1786597187.87972,,,2191.3676,16687,,,,0.0413,
,,,,,,,,,129,,,,1786597199.01479,,0.0,2202.50286,16779,,,,,
,,,,,,,,,130,,,0.19915,1786597218.17964,,,2221.66755,16920,,,,,
,,,,,,,,,130,,,,1786597226.58717,,,2230.07514,16994,,,,0.07535,
,,,,,,,,,131,,,0.16955,1786597236.62377,,,2240.11161,17042,,,,,
,,,,,,,,,131,,,0.171,1786597248.22774,,,2251.71565,17158,,,,,
,,,,,,,,,132,,,,1786597262.17165,,,2265.65956,17203,,,,0.06997,
,,,,,,,,,132,,,,1786597266.24464,,0.0,2269.73252,17233,,,,,
,,,,,,,,,135,,,,1786597313.0083,,,2316.49633,17593,,,,0.04605,
,,,,,,,,,135,,,,1786597318.46521,,,2321.95309,17656,,,,0.05935,
,,,,,,,,,136,,,,1786597333.18119,,,2336.66908,17767,,,,0.05179,
,,,,,,,,,136,,,0.16059,1786597335.45984,,,2338.94771,17792,,,,,
,,,,,,,,,136,,,,1786597336.47312,,,2339.96106,17802,,,,0.06032,
,,,,,,,,,137,,,,1786597347.90775,,,2351.39563,17885,,,,0.04623,
3.42421,5e-05,0.0871,0.0,1.12195,0.20293,405.0,99.0,3611862.0,138,37.0,0.31129,,1786597352.78278,0.0,,2356.27077,17939,37.0,,99.0,,405.0
,,,,,,,,,138,,,0.20761,1786597363.40151,,,2366.88938,17972,,,,,
,,,,,,,,,141,,,,1786597428.56715,,1e-05,2432.05518,18415,,,,,
,,,,,,,,,143,,,0.13651,1786597460.79821,,,2464.28607,18610,,,,,
,,,,,,,,,143,,,,1786597464.06771,,,2467.55561,18649,,,,0.0434,
,,,,,,,,,143,,,,1786597468.69644,,,2472.18433,18705,,,,0.04433,
,,,,,,,,,144,,,,1786597480.93116,,0.0,2484.41903,18777,,,,,
,,,,,,,,,144,,,,1786597481.7369,,0.0,2485.22478,18785,,,,,
,,,,,,,,,144,,,,1786597485.90551,,,2489.3934,18827,,,,0.04961,
,,,,,,,,,145,,,,1786597500.31348,,,2503.80138,18897,,,,0.05954,
,,,,,,,,,145,,,,1786597502.16309,,,2505.65102,18912,,,,0.07932,
,,,,,,,,,146,,,0.14105,1786597519.91186,,,2523.39975,19052,,,,,
,,,,,,,,,146,,,,1786597521.20242,,,2524.69031,19067,,,,0.04322,
,,,,,,,,,146,,,,1786597524.57528,,,2528.06319,19107,,,,0.03243,
,,,,,,,,,147,,,,1786597533.33581,,,2536.82371,19185,,,,0.04098,
,,,,,,,,,147,,,,1786597536.05569,,,2539.54364,19220,,,,0.05137,
,,,,,,,,,148,,,,1786597541.51172,,,2544.99993,19240,,3.48563,,,
,,,,,,,,,148,,,0.15316,1786597550.156,,,2553.64387,19332,,,,,
,,,,,,,,,149,,,,1786597572.57113,,,2576.05905,19497,,,,0.05599,
,,,,,,,,,150,,,0.1757,1786597583.47836,,,2586.96622,19544,,,,,
,,,,,,,,,150,,,0.17454,1786597588.28517,,,2591.77304,19592,,,,,
,,,,,,,,,152,,,,1786597619.14146,,,2622.62933,19855,,,,0.04378,
,,,,,,,,,152,,,,1786597620.74844,,,2624.23631,19874,,,,0.0536,
,,,,,,,,,155,,,,1786597667.45193,,,2670.93981,20165,,,,0.05719,
,,,,,,,,,156,,,,1786597691.26829,,,2694.75633,20342,,,,0.06577,
,,,,,,,,,157,,,0.2164,1786597706.54407,,,2710.03196,20422,,,,,
,,,,,,,,,158,,,,1786597726.32046,,,2729.80845,20562,,,,0.05989,
,,,,,,,,,159,,,,1786597756.26204,,0.0,2759.74994,20779,,,,,
,,,,,,,,,161,,,,1786597785.30789,,,2788.79579,20997,,,,0.04488,
,,,,,,,,,162,,,,1786597796.5303,,,2800.01821,21075,,,,0.0511,
,,,,,,,,,162,,,,1786597800.15238,,,2803.64026,21115,,,,0.0521,
,,,,,,,,,164,,,,1786597834.95619,,,2838.44408,21386,,,,0.05965,
,,,,,,,,,166,,,,1786597865.49013,,,2868.978,21606,,,,0.05956,
,,,,,,,,,166,,,,1786597868.21951,,,2871.70743,21638,,,,0.05954,
,,,,,,,,,166,,,0.14557,1786597874.16911,,,2877.65703,21708,,,,,
,,,,,,,,,167,,,,1786597886.17671,,,2889.6646,21784,,,,0.06697,
,,,,,,,,,169,,,,1786597917.75536,,,2921.24325,22076,,,,0.05963,
,,,,,,,,,170,,,,1786597924.21288,,,2927.7008,22122,,,,0.05998,
,,,,,,,,,170,,,,1786597928.09115,,,2931.57907,22171,,,,0.03965,
,,,,,,,,,172,,,0.1626,1786597957.26325,,,2960.7512,22364,,,,,
,,,,,,,,,172,,,0.14679,1786597963.5856,,,2967.07347,22436,,,,,
,,,,,,,,,172,,,,1786597966.66937,,,2970.15741,22470,,,,0.06047,
,,,,,,,,,173,,,0.15629,1786597976.51803,,,2980.00588,22534,,,,,
,,,,,,,,,173,,,,1786597977.89891,,,2981.38678,22549,,,,0.04532,
,,,,,,,,,174,,,0.20073,1786597994.38786,,,2997.87576,22652,,,,,
,,,,,,,,,174,,,,1786598001.73011,,0.0,3005.21798,22713,,,,,
,,,,,,,,,175,,,0.22381,1786598013.59332,,,3017.08128,22754,,,,,
,,,,,,,,,175,,,,1786598019.84254,,0.0,3023.33043,22803,,,,,
,,,,,,,,,176,,,,1786598036.41041,,1e-05,3039.8983,22917,,,,,
,,,,,,,,,177,,,,1786598051.96775,,,3055.45566,23044,,,,0.05928,
,,,,,,,,,177,,,,1786598057.59602,,,3061.08391,23108,,,,0.05946,
,,,,,,,,,177,,,0.1547,1786598060.18447,,,3063.67233,23138,,,,,
,,,,,,,,,180,,,0.12663,1786598095.40458,,,3098.89244,23424,,,,,
,,,,,,,,,182,,,0.18243,1786598133.14654,,,3136.6344,23716,,,,,
,,,,,,,,,183,,,0.14264,1786598146.18042,,,3149.66837,23814,,,,,
,,,,,,,,,183,,,,1786598149.78988,,1e-05,3153.27786,23855,,,,,
,,,,,,,,,185,,,,1786598170.65982,,,3174.14781,24052,,,,0.07105,
,,,,,,,,,185,,,,1786598171.94976,,,3175.43763,24068,,,,0.05346,
,,,,,,,,,185,,,0.13184,1786598173.66479,,,3177.15266,24090,,,,,
,,,,,,,,,185,,,,1786598176.88072,,,3180.36859,24128,,,,0.05371,
,,,,,,,,,186,,,,1786598193.32383,,,3196.81172,24214,,,,0.08698,
,,,,,,,,,186,,,,1786598197.02616,,,3200.51407,24243,,,,0.06877,
,,,,,,,,,189,,,,1786598245.51509,,0.0,3249.003,24659,,,,,
,,,,,,,,,190,,,0.15474,1786598254.16455,,,3257.65242,24716,,,,,
,,,,,,,,,190,,,,1786598257.33663,,,3260.82453,24750,,,,0.06001,
,,,,,,,,,190,,,,1786598261.62895,,0.0,3265.11683,24797,,,,,
,,,,,,,,,192,,,,1786598294.15527,,0.0,3297.64323,25073,,,,,
,,,,,,,,,192,,,,1786598295.32839,,,3298.81628,25087,,,,0.04559,
,,,,,,,,,193,,,,1786598303.25352,,,3306.7414,25133,,,,0.04998,
,,,,,,,,,193,,,,1786598304.98189,,,3308.46978,25152,,,,0.05995,
,,,,,,,,,193,,,,1786598305.62995,,0.0,3309.11784,25159,,,,,
,,,,,,,,,194,,,0.22004,1786598327.4075,,,3330.8954,25292,,,,,
,,,,,,,,,195,,,,1786598346.82103,,,3350.30891,25457,,,,0.0424,
,,,,,,,,,195,,,,1786598347.48217,,,3350.97008,25465,,,,0.0414,
,,,,,,,,,197,,,,1786598378.57596,,0.0,3382.06404,25727,,,,,
,,,,,,,,,197,,,,1786598378.92238,,0.0,3382.41026,25731,,,,,
,,,,,,,,,198,,,,1786598384.38903,,0.0,3387.87695,25745,,,,,
,,,,,,,,,199,,,0.1455,1786598400.90776,,,3404.39564,25886,,,,,
,,,,,,,,,201,,,,1786598440.47363,,,3443.96157,26152,,,,0.0628,
,,,,,,,,,203,,,,1786598483.39933,,1e-05,3486.88735,26471,,,,,
,,,,,,,,,204,,,,1786598495.24893,,1e-05,3498.73682,26533,,,,,
,,,,,,,,,206,,,0.13645,1786598537.74025,,,3541.22814,26828,,,,,
,,,,,,,,,206,,,0.13389,1786598541.28965,,,3544.77752,26872,,,,,
,,,,,,,,,207,,,,1786598552.04929,,1e-05,3555.53725,26967,,,,,
,,,,,,,,,209,,,,1786598588.61619,,,3592.10406,27225,,,,0.04812,
,,,,,,,,,210,,,,1786598602.83258,,,3606.32047,27351,,,,0.0468,
,,,,,,,,,211,,,0.17381,1786598620.80173,,,3624.2896,27494,,,,,
,,,,,,,,,212,,,,1786598632.40956,,4.87091,3635.89766,27561,,,,,
,,,,,,,,,212,,,,1786598635.73911,,,3639.227,27595,,,,0.05095,
,,,,,,,,,212,,,,1786598640.02033,,0.0,3643.50837,27637,,,,,
,,,,,,,,,213,,,,1786598659.87255,,,3663.36052,27789,,,,0.05474,
,,,,,,,,,214,,,,1786598671.20733,,,3674.69527,27859,,,,0.05264,
,,,,,,,,,214,,,0.1661,1786598673.55762,,,3677.04548,27884,,,,,
,,,,,,,,,215,,,0.16302,1786598684.29331,,,3687.78128,27954,,,,,
,,,,,,,,,215,,,,1786598686.02769,,,3689.51564,27972,,,,0.06065,
,,,,,,,,,216,,,,1786598704.27346,,,3707.76136,28151,,,,0.0365,
,,,,,,,,,219,,,,1786598757.96209,,1e-05,3761.45008,28579,,,,,
,,,,,,,,,220,,,,1786598761.68996,,,3765.17812,28600,,1.63923,,,
,,,,,,,,,222,,,,1786598794.64176,,,3798.12968,28894,,,,0.06822,
,,,,,,,,,223,,,0.1724,1786598814.94066,,,3818.42859,29046,,,,,
,,,,,,,,,224,,,,1786598830.2982,,,3833.78611,29179,,,,0.04419,
,,,,,,,,,224,,,,1786598835.098,,0.0,3838.58605,29237,,,,,
,,,,,,,,,225,,,,1786598846.31972,,0.0,3849.80776,29303,,,,,
,,,,,,,,,226,,,,1786598860.62153,,,3864.10947,29387,,,,0.05949,
,,,,,,,,,226,,,,1786598871.08609,,,3874.57402,29478,,,,0.07686,
,,,,,,,,,227,,,,1786598883.53973,,,3887.02767,29580,,,,0.05969,
,,,,,,,,,228,,,,1786598893.44475,,,3896.93273,29650,,,,0.06071,
,,,,,,,,,229,,,,1786598912.65835,,,3916.14625,29789,,,,0.05862,
,,,,,,,,,231,,,,1786598953.15602,,,3956.64394,30108,,,,0.06457,
,,,,,,,,,234,,,,1786599003.1497,,,4006.63758,30463,,,,0.04793,
,,,,,,,,,234,,,0.15702,1786599009.28696,,,4012.77482,30532,,,,,
,,,,,,,,,236,,,,1786599039.39332,,0.0,4042.88128,30737,,,,,
,,,,,,,,,236,,,,1786599045.45429,,,4048.94223,30795,,,,0.05618,
,,,,,,,,,237,,,,1786599054.00154,,,4057.48943,30816,,,,0.07572,
,,,,,,,,,237,,,0.19459,1786599054.1202,,,4057.60806,30818,,,,,
,,,,,,,,,237,,,,1786599065.25281,,,4068.74076,30916,,,,0.07604,
,,,,,,,,,239,,,,1786599092.73607,,0.0,4096.22407,31075,,,,,
,,,,,,,,,240,,,,1786599109.84978,,0.0,4113.33786,31209,,,,,
,,,,,,,,,240,,,0.13192,1786599111.91916,,,4115.40705,31236,,,,,
29.53973,0.0,0.111,0.0,1.95935,0.22084,202.0,83.09375,6305862.0,241,37.0,0.36192,,1786599119.54455,0.0,,4123.0325,31329,37.0,,83.09375,,202.0
,,,,,,,,,241,,,,1786599129.63625,,1e-05,4133.12418,31351,,,,,
,,,,,,,,,245,,,0.14233,1786599214.52256,,,4218.01042,31890,,,,,
,,,,,,,,,245,,,,1786599220.96811,,,4224.45599,31965,,,,0.04537,
