train/sampling/sampling_logp_difference/mean,train/completions/mean_terminated_length,train/sampling/importance_sampling_ratio/mean,train/completions/clipped_ratio,train/sampling/importance_sampling_ratio/max,train/sampling/importance_sampling_ratio/min,_timestamp,train/grad_norm,train/epoch,profiling/Time taken: DistilTrainer._get_per_token_logps_and_entropies,train/sampling/sampling_logp_difference/max,train/rewards,train/completions/max_terminated_length,_runtime,train/completions/min_terminated_length,profiling/Time taken: DistilTrainer.compute_loss,train/completions/min_length,train/entropy,train/learning_rate,profiling/Time taken: DistilTrainer.vLLM.generate,train/completions/mean_length,train/num_tokens,profiling/Time taken: DistilTrainer._move_model_to_vllm,profiling/Time taken: DistilTrainer._prepare_inputs,_step,train/loss,train/kl_approx,train/completions/max_length,train/global_step
,,,,,,1786680768.71986,,,,,,,38.36931,,0.18045,,,,,,,,,158,,,,1
,,,,,,1786680786.54375,,,,,,,56.19324,,0.18324,,,,,,,,,270,,,,2
,,,,,,1786680788.13841,,,0.04873,,,,57.78786,,,,,,,,,,,288,,,,2
,,,,,,1786680789.49548,,,0.04919,,,,59.14494,,,,,,,,,,,304,,,,2
,,,,,,1786680792.15315,,,,,,,61.80265,,,,,,,,,,0.0,335,,,,2
,,,,,,1786680807.23556,,,,,,,76.88499,,0.18464,,,,,,,,,418,,,,3
,,,,,,1786680810.58402,,,,,,,80.23344,,,,,,,,,,0.0,451,,,,3
,,,,,,1786680812.6842,,,0.0909,,,,82.33362,,,,,,,,,,,473,,,,3
,,,,,,1786680814.25234,,,0.09109,,,,83.90177,,,,,,,,,,,489,,,,3
,,,,,,1786680816.8538,,,,,,,86.50328,,,,,,,,,,0.0,515,,,,3
,,,,,,1786680851.36292,,,0.05221,,,,121.01236,,,,,,,,,,,696,,,,5
,,,,,,1786680852.8244,,,0.05234,,,,122.47386,,,,,,,,,,,712,,,,5
,,,,,,1786680855.00291,,,0.05193,,,,124.65234,,,,,,,,,,,736,,,,5
,,,,,,1786680857.8956,,,0.05237,,,,127.5453,,,,,,,,,,,768,,,,5
,,,,,,1786680871.56408,,,,,,,141.21351,,0.22498,,,,,,,,,802,,,,6
,,,,,,1786680883.00288,,,,,,,152.6523,,0.22773,,,,,,,,,898,,,,6
,,,,,,1786680896.70922,,,0.1215,,,,166.35886,,,,,,,,,,,929,,,,7
,,,,,,1786680903.38221,,,0.10842,,,,173.03179,,,,,,,,,,,989,,,,7
,,,,,,1786680909.86282,,,,,,,179.51228,,,,,,,,,,1e-05,1047,,,,7
,,,,,,1786680920.85316,,,0.09155,,,,190.50261,,,,,,,,,,,1069,,,,8
,,,,,,1786680922.04259,,,,,,,191.69201,,0.18532,,,,,,,,,1082,,,,8
,,,,,,1786680928.62332,,,,,,,198.27275,,0.18368,,,,,,,,,1150,,,,8
,,,,,,1786680932.83851,,,,,,,202.48803,,,,,,,,,0.18319,,1188,,,,9
,,,,,,1786680946.67971,,,0.06645,,,,216.3292,,,,,,,,,,,1220,,,,9
,,,,,,1786680956.63836,,,0.067,,,,226.28795,,,,,,,,,,,1312,,,,9
,,,,,,1786680957.97988,,,,,,,227.62939,,,,,,,,,0.18246,,1320,,,,10
,,,,,,1786680995.27592,,,0.09424,,,,264.92536,,,,,,,,,,,1481,,,,11
,,,,,,1786681001.6284,,,,,,,271.27786,,0.1806,,,,,,,,,1554,,,,11
,,,,,,1786681023.62651,,,,,,,293.27604,,,,,,,,,,0.0,1671,,,,12
,,,,,,1786681040.18699,,,0.10226,,,,309.83677,,,,,,,,,,,1741,,,,13
,,,,,,1786681049.25343,,,,,,,318.90301,,,,,,,,,,0.0,1827,,,,13
,,,,,,1786681069.97442,,,0.06431,,,,339.62395,,,,,,,,,,,1924,,,,14
,,,,,,1786681072.09725,,,,,,,341.74674,,,,,,,,,,0.0,1943,,,,14
,,,,,,1786681075.75769,,,0.10931,,,,345.40716,,,,,,,,,,,1977,,,,14
,,,,,,1786681090.12479,,,0.05279,,,,359.77423,,,,,,,,,,,2032,,,,15
,,,,,,1786681095.38194,,,0.05325,,,,365.03143,,,,,,,,,,,2088,,,,15
,,,,,,1786681107.57078,,,0.10145,,,,377.22034,,,,,,,,,,,2121,,,,16
,,,,,,1786681116.90176,,,,,,,386.5513,,0.19846,,,,,,,,,2214,,,,16
,,,,,,1786681151.66202,,,,,,,421.31146,,0.20177,,,,,,,,,2394,,,,18
,,,,,,1786681154.98515,,,0.10053,,,,424.63463,,,,,,,,,,,2425,,,,18
,,,,,,1786681156.14273,,,0.06503,,,,425.79215,,,,,,,,,,,2436,,,,18
,,,,,,1786681156.69702,,,,,,,426.34644,,0.20068,,,,,,,,,2442,,,,18
,,,,,,1786681184.10566,,,,,,,453.75511,,0.20021,,,,,,,,,2610,,,,19
,,,,,,1786681204.33164,,,,,,,473.98113,,0.17813,,,,,,,,,2742,,,,20
,,,,,,1786681204.91942,,,0.05203,,,,474.5689,,,,,,,,,,,2748,,,,20
,,,,,,1786681216.07457,,,,,,,485.7241,,,,,,,,,,0.0,2779,,,,21
,,,,,,1786681218.04827,,,,,,,487.69772,,0.17905,,,,,,,,,2802,,,,21
,,,,,,1786681218.72739,,,0.0889,,,,488.37695,,,,,,,,,,,2809,,,,21
,,,,,,1786681224.39953,,,0.05164,,,,494.04897,,,,,,,,,,,2872,,,,21
,,,,,,1786681238.32837,,,,,,,507.97781,,,,,,,,,,0.0,2927,,,,22
,,,,,,1786681239.56148,,,0.05823,,,,509.21094,,,,,,,,,,,2940,,,,22
,,,,,,1786681247.14828,,,,,,,516.79774,,0.18888,,,,,,,,,3018,,,,22
,,,,,,1786681281.90584,,,0.05993,,,,551.55527,,,,,,,,,,,3180,,,,24
,,,,,,1786681303.87543,,,,,,,573.52499,,,,,,,,,,0.0,3307,,,,25
,,,,,,1786681332.49775,,,0.06497,,,,602.14717,,,,,,,,,,,3476,,,,26
,,,,,,1786681340.06992,,,0.10996,,,,609.71943,,,,,,,,,,,3545,,,,26
,,,,,,1786681340.32704,,,,,,,609.9765,,,,,,,,,,0.0,3547,,,,26
,,,,,,1786681355.4535,,,,,,,625.10292,,,,,,,,,,0.0,3587,,,,27
,,,,,,1786681356.50599,,,0.11056,,,,626.15553,,,,,,,,,,,3597,,,,27
,,,,,,1786681357.42247,,,,,,,627.07192,,0.2164,,,,,,,,,3606,,,,27
,,,,,,1786681357.82151,,,0.1108,,,,627.47115,,,,,,,,,,,3609,,,,27
,,,,,,1786681358.96602,,,,,,,628.61546,,,,,,,,,,0.0,3619,,,,27
,,,,,,1786681365.32215,,,,,,,634.97172,,0.21874,,,,,,,,,3678,,,,27
,,,,,,1786681390.43996,,,,,,,660.08959,,0.22704,,,,,,,,,3802,,,,28
,,,,,,1786681406.71957,,,,,,,676.369,,,,,,,,,,0.0,3851,,,,29
,,,,,,1786681408.61617,,,,,,,678.26569,,,,,,,,,,0.0,3867,,,,29
,,,,,,1786681410.23706,,,0.11254,,,,679.88651,,,,,,,,,,,3881,,,,29
,,,,,,1786681413.43084,,,0.0725,,,,683.0803,,,,,,,,,,,3908,,,,29
,,,,,,1786681427.71736,,,,,,,697.3668,,0.16701,,,,,,,,,3966,,,,30
,,,,,,1786681429.57189,,,,,,,699.22141,,,,,,,,,,0.0,3987,,,,30
,,,,,,1786681435.97573,,,0.04792,,,,705.62517,,,,,,,,,,,4064,,,,30
,,,,,,1786681454.28606,,,0.06753,,,,723.93573,,,,,,,,,,,4156,,,,31
,,,,,,1786681455.29403,,,,,,,724.94343,,0.20656,,,,,,,,,4166,,,,31
,,,,,,1786681468.67374,,,,,,,738.32349,,,,,,6.51345,,,,,4225,,,,32
,,,,,,1786681476.20682,,,0.0656,,,,745.85627,,,,,,,,,,,4264,,,,32
,,,,,,1786681477.23924,,,,,,,746.88865,,0.21724,,,,,,,,,4274,,,,32
,,,,,,1786681496.05292,,,0.09693,,,,765.70236,,,,,,,,,,,4369,,,,33
,,,,,,1786681508.29825,,,,,,,777.94773,,0.19784,,,,,,,,,4486,,,,33
,,,,,,1786681525.46745,,,0.05318,,,,795.11692,,,,,,,,,,,4580,,,,34
,,,,,,1786681525.55573,,,0.08797,,,,795.20514,,,,,,,,,,,4581,,,,34
,,,,,,1786681545.82025,,,,,,,815.46966,,,,,,,,,,0.0,4695,,,,35
,,,,,,1786681546.2146,,,,,,,815.86403,,,,,,,,,,0.0,4699,,,,35
,,,,,,1786681549.03311,,,0.05835,,,,818.68258,,,,,,,,,,,4728,,,,35
,,,,,,1786681561.54653,,,0.04953,,,,831.19613,,,,,,,,,,,4780,,,,36
,,,,,,1786681570.16415,,,,,,,839.81359,,0.16812,,,,,,,,,4882,,,,36
,,,,,,1786681583.88224,,,,,,,853.53164,,,,,,,,,,0.0,4939,,,,37
,,,,,,1786681584.31054,,,0.05496,,,,853.95996,,,,,,,,,,,4944,,,,37
,,,,,,1786681620.96364,,,,,,,890.61309,,0.18964,,,,,,,,,5158,,,,39
,,,,,,1786681621.72056,,,,,,,891.36999,,0.18845,,,,,,,,,5166,,,,39
,,,,,,1786681632.11021,,,,,,,901.75964,,,,,,,,,,0.0,5275,,,,39
,,,,,,1786681663.29887,,,,,,,932.94826,,0.20348,,,,,,,,,5434,,,,41
,,,,,,1786681669.4227,,,,,,,939.07213,,0.20696,,,,,,,,,5490,,,,41
,,,,,,1786681685.62522,,,,,,,955.27474,,,,,,,,,,0.0,5563,,,,42
,,,,,,1786681735.58609,,,,,,,1005.23552,,0.17113,,,,,,,,,5910,,,,44
,,,,,,1786681773.96709,,,0.05492,,,,1043.61653,,,,,,,,,,,6124,,,,46
,,,,,,1786681777.92135,,,0.10005,,,,1047.57079,,,,,,,,,,,6165,,,,46
,,,,,,1786681822.21629,,,0.09723,,,,1091.86579,,,,,,,,,,,6389,,,,48
,,,,,,1786681842.62421,,,,,,,1112.2736,,,,,,,,,,0.0,6515,,,,49
,,,,,,1786681846.72638,,,0.05472,,,,1116.37586,,,,,,,,,,,6560,,,,49
,,,,,,1786681866.35889,,,0.10729,,,,1136.00862,,,,,,,,,,,6645,,,,50
,,,,,,1786681869.59176,,,,,,,1139.24119,,,,,,,,,,0.0,6675,,,,50
,,,,,,1786681927.07855,,,,,,,1196.72823,,,,,,,,,,11.0975,6999,,,,53
,,,,,,1786681953.07152,,,,,,,1222.72094,,,,,,,,,,0.0,7139,,,,54
,,,,,,1786681955.47675,,,0.05481,,,,1225.12646,,,,,,,,,,,7164,,,,54
0.01824,456.4375,1.00042,0.0,1.30582,0.77696,1786681964.82698,0.0787,0.66265,,0.26683,0.0,852.0,1234.4765,251.0,,251.0,0.8864,9e-05,,456.4375,1253298.0,,,7259,0.09,0.07899,852.0,55
,,,,,,1786681978.15866,,,0.05858,,,,1247.80808,,,,,,,,,,,7296,,,,55
,,,,,,1786681979.10804,,,,,,,1248.75766,,0.20341,,,,,,,,,7306,,,,55
,,,,,,1786681985.57067,,,0.10405,,,,1255.2203,,,,,,,,,,,7369,,,,55
,,,,,,1786681993.79506,,,,,,,1263.44469,,,,,,5.41174,,,,,7393,,,,56
,,,,,,1786681999.73411,,,0.09328,,,,1269.38357,,,,,,,,,,,7425,,,,56
,,,,,,1786682005.35258,,,,,,,1275.00206,,,,,,,,,,0.0,7483,,,,56
,,,,,,1786682038.37896,,,,,,,1308.02842,,0.17024,,,,,,,,,7670,,,,58
,,,,,,1786682041.67266,,,0.0481,,,,1311.32208,,,,,,,,,,,7708,,,,58
,,,,,,1786682084.95268,,,,,,,1354.60211,,0.22223,,,,,,,,,7946,,,,60
,,,,,,1786682085.40634,,,,,,,1355.05583,,0.22112,,,,,,,,,7950,,,,60
,,,,,,1786682088.59215,,,,,,,1358.24165,,0.22668,,,,,,,,,7978,,,,60
,,,,,,1786682110.88628,,,0.11563,,,,1380.53574,,,,,,,,,,,8077,,,,61
,,,,,,1786682142.36152,,,,,,,1412.01096,,0.19465,,,,,,,,,8290,,,,62
,,,,,,1786682155.32195,,,0.10193,,,,1424.9714,,,,,,,,,,,8325,,,,63
,,,,,,1786682156.59673,,,,,,,1426.24616,,0.20343,,,,,,,,,8338,,,,63
,,,,,,1786682157.00661,,,,,,,1426.65605,,0.19979,,,,,,,,,8342,,,,63
,,,,,,1786682177.46443,,,0.10717,,,,1447.11403,,,,,,,,,,,8453,,,,64
,,,,,,1786682178.22226,,,0.06674,,,,1447.87177,,,,,,,,,,,8460,,,,64
,,,,,,1786682186.0495,,,0.10042,,,,1455.69893,,,,,,,,,,,8533,,,,64
,,,,,,1786682188.19487,,,0.10166,,,,1457.84429,,,,,,,,,,,8553,,,,64
,,,,,,1786682205.87482,,,,,,,1475.52443,,,,,,,,,,0.0,8615,,,,65
,,,,,,1786682284.86927,,,0.10566,,,,1554.51883,,,,,,,,,,,9101,,,,68
,,,,,,1786682295.87392,,,0.09839,,,,1565.52341,,,,,,,,,,,9117,,,,69
,,,,,,1786682297.02764,,,0.09746,,,,1566.67726,,,,,,,,,,,9129,,,,69
,,,,,,1786682301.26948,,,,,,,1570.91892,,0.19201,,,,,,,,,9174,,,,69
,,,,,,1786682306.86008,,,0.05471,,,,1576.5095,,,,,,,,,,,9232,,,,69
,,,,,,1786682316.23224,,,0.08517,,,,1585.88169,,,,,,,,,,,9245,,,,70
,,,,,,1786682320.57155,,,0.04949,,,,1590.22099,,,,,,,,,,,9296,,,,70
,,,,,,1786682337.79501,,,,,,,1607.44444,,,,,,,,,,0.0,9395,,,,71
,,,,,,1786682342.90334,,,0.08654,,,,1612.55278,,,,,,,,,,,9453,,,,71
,,,,,,1786682347.21271,,,,,,,1616.8622,,0.17469,,,,,,,,,9502,,,,71
,,,,,,1786682356.24761,,,0.0925,,,,1625.89707,,,,,,,,,,,9509,,,,72
,,,,,,1786682362.99056,,,,,,,1632.64014,,,,,,,,,,0.0,9583,,,,72
,,,,,,1786682435.15143,,,,,,,1704.80092,,0.20591,,,,,,,,,9938,,,,75
,,,,,,1786682436.71559,,,0.06458,,,,1706.36516,,,,,,,,,,,9952,,,,75
,,,,,,1786682442.65204,,,0.06386,,,,1712.30152,,,,,,,,,,,10008,,,,75
,,,,,,1786682444.05991,,,,,,,1713.70933,,0.2036,,,,,,,,,10022,,,,75
,,,,,,1786682483.2919,,,,,,,1752.94157,,,,,,,,,,0.0,10187,,,,77
,,,,,,1786682507.37012,,,0.09284,,,,1777.01958,,,,,,,,,,,10329,,,,78
,,,,,,1786682538.45509,,,,,,,1808.10458,,,,,,,,,,0.0,10515,,,,79
,,,,,,1786682552.22251,,,0.05386,,,,1821.87195,,,,,,,,,,,10568,,,,80
,,,,,,1786682553.17426,,,,,,,1822.82367,,,,,,,,,,0.0,10579,,,,80
,,,,,,1786682555.2348,,,0.04879,,,,1824.88421,,,,,,,,,,,10604,,,,80
,,,,,,1786682555.68883,,,,,,,1825.33824,,0.16534,,,,,,,,,10610,,,,80
,,,,,,1786682562.0701,,,0.07481,,,,1831.71967,,,,,,,,,,,10685,,,,80
,,,,,,1786682571.63161,,,,,,,1841.28104,,0.18339,,,,,,,,,10698,,,,81
,,,,,,1786682571.80746,,,,,,,1841.45692,,,,,,,,,,0.0,10699,,,,81
,,,,,,1786682576.83199,,,0.09416,,,,1846.48142,,,,,,,,,,,10757,,,,81
,,,,,,1786682632.24556,,,,,,,1901.89498,,,,,,,,,,0.0,11099,,,,84
,,,,,,1786682634.32383,,,,,,,1903.97332,,0.17983,,,,,,,,,11122,,,,84
,,,,,,1786682700.62609,,,,,,,1970.27551,,,,,,,,,,0.0,11519,,,,87
,,,,,,1786682704.40354,,,0.10885,,,,1974.05295,,,,,,,,,,,11553,,,,87
,,,,,,1786682705.18408,,,0.06714,,,,1974.83369,,,,,,,,,,,11560,,,,87
,,,,,,1786682741.95278,,,,,,,2011.6023,,,,,,,,,,8.98607,11751,,,,89
,,,,,,1786682742.34638,,,,,,,2011.99587,,,,,,,,,,0.0,11755,,,,89
,,,,,,1786682744.6966,,,,,,,2014.34603,,,,,,,,,,0.0,11779,,,,89
,,,,,,1786682754.22266,,,0.09758,,,,2023.87217,,,,,,,,,,,11877,,,,89
,,,,,,1786682765.43097,,,,,,,2035.0804,,0.18869,,,,,,,,,11902,,,,90
,,,,,,1786682798.02541,,,,,,,2067.67492,,,,,,,,,,0.0,12131,,,,91
,,,,,,1786682811.70151,,,0.08962,,,,2081.35091,,,,,,,,,,,12189,,,,92
,,,,,,1786682814.84004,,,,,,,2084.48944,,0.17202,,,,,,,,,12226,,,,92
,,,,,,1786682817.09054,,,,,,,2086.74001,,,,,,,,,,0.0,12251,,,,92
,,,,,,1786682817.959,,,,,,,2087.60839,,0.17251,,,,,,,,,12262,,,,92
,,,,,,1786682837.26814,,,,,,,2106.91761,,0.22397,,,,,,,,,12338,,,,93
,,,,,,1786682844.34498,,,0.06733,,,,2113.9944,,,,,,,,,,,12400,,,,93
,,,,,,1786682851.99485,,,,,,,2121.64465,,,,,,6.27115,,,,,12409,,,,94
,,,,,,1786682860.72136,,,0.05303,,,,2130.37086,,,,,,,,,,,12472,,,,94
,,,,,,1786682879.03472,,,,,,,2148.6843,,,,,,,,,,1e-05,12571,,,,95
,,,,,,1786682902.29951,,,0.12012,,,,2171.94893,,,,,,,,,,,12689,,,,96
,,,,,,1786682904.6617,,,0.07654,,,,2174.31136,,,,,,,,,,,12708,,,,96
,,,,,,1786682925.50358,,,2.37779,,,,2195.15331,,,,,,,,,,,12806,,,,97
,,,,,,1786682932.63125,,,0.04898,,,,2202.28067,,,,,,,,,,,12888,,,,97
,,,,,,1786682933.46466,,,,,,,2203.11424,,0.18136,,,,,,,,,12898,,,,97
,,,,,,1786682933.82112,,,,,,,2203.47055,,0.18136,,,,,,,,,12902,,,,97
,,,,,,1786682933.99391,,,,,,,2203.64337,,,,,,,,,,0.0,12903,,,,97
,,,,,,1786682944.90759,,,,,,,2214.55727,,,,,,7.56233,,,,,12937,,,,98
,,,,,,1786682949.58269,,,0.06362,,,,2219.23219,,,,,,,,,,,12948,,,,98
,,,,,,1786682956.09431,,,,,,,2225.74377,,,,,,,,,,0.0,13007,,,,98
,,,,,,1786682986.97405,,,,,,,2256.62353,,,,,,,,,,0.0,13187,,,,99
,,,,,,1786683004.3455,,,,,,,2273.99494,,0.19688,,,,,,,,,13254,,,,100
,,,,,,1786683009.14204,,,,,,,2278.79152,,0.19757,,,,,,,,,13302,,,,100
,,,,,,1786683055.2458,,,,,,,2324.8955,,,,,,,,,,1e-05,13551,,,,102
,,,,,,1786683055.31384,,,0.06727,,,,2324.96339,,,,,,,,,,,13552,,,,102
,,,,,,1786683058.53547,,,0.1118,,,,2328.18492,,,,,,,,,,,13581,,,,102
,,,,,,1786683071.13743,,,0.05545,,,,2340.78688,,,,,,,,,,,13612,,,,103
,,,,,,1786683074.32722,,,,,,,2343.97663,,0.19091,,,,,,,,,13646,,,,103
0.01757,522.28125,0.99998,0.0,1.26058,0.57381,1786683082.14631,0.0733,1.25301,,0.55546,0.0,791.0,2351.79588,298.0,,298.0,0.89674,4e-05,,522.28125,2436420.0,,,13727,0.0651,0.06314,791.0,104
,,,,,,1786683082.67783,,,,,,,2352.32744,,,,,,,,,0.18648,,13728,,,,104
,,,,,,1786683096.83768,,,0.11365,,,,2366.4871,,,,,,,,,,,13757,,,,104
,,,,,,1786683104.9906,,,0.11115,,,,2374.64001,,,,,,,,,,,13829,,,,104
,,,,,,1786683121.13463,,,0.09755,,,,2390.7841,,,,,,,,,,,13897,,,,105
,,,,,,1786683123.38202,,,,,,,2393.03163,,,,,,,,,,1e-05,13919,,,,105
,,,,,,1786683217.39548,,,,,,,2487.04489,,,,,,,,,,0.0,14439,,,,109
,,,,,,1786683219.33851,,,0.05424,,,,2488.98793,,,,,,,,,,,14460,,,,109
,,,,,,1786683225.41554,,,,,,,2495.06505,,,,,,,,,0.1824,,14520,,,,110
,,,,,,1786683237.05886,,,,,,,2506.70828,,0.20755,,,,,,,,,14550,,,,110
,,,,,,1786683239.10031,,,0.06698,,,,2508.74979,,,,,,,,,,,14568,,,,110
,,,,,,1786683239.46574,,,,,,,2509.11515,,,,,,,,,,0.0,14571,,,,110
,,,,,,1786683246.65646,,,,,,,2516.30588,,0.20831,,,,,,,,,14638,,,,110
,,,,,,1786683283.24686,,,0.0508,,,,2552.89635,,,,,,,,,,,14788,,,,112
,,,,,,1786683283.55149,,,,,,,2553.20094,,,,,,,,,,0.0,14791,,,,112
,,,,,,1786683312.57542,,,0.06555,,,,2582.22494,,,,,,,,,,,14992,,,,113
,,,,,,1786683312.93862,,,,,,,2582.58808,,,,,,,,,,0.0,14995,,,,113
,,,,,,1786683330.19558,,,,,,,2599.84506,,,,,,,,,,0.0,15071,,,,114
,,,,,,1786683335.7279,,,,,,,2605.3773,,,,,,,,,,0.0,15127,,,,114
,,,,,,1786683350.96005,,,0.05271,,,,2620.6095,,,,,,,,,,,15196,,,,115
,,,,,,1786683358.85087,,,,,,,2628.50031,,,,,,,,,,0.0,15283,,,,115
,,,,,,1786683376.56197,,,,,,,2646.21138,,0.16694,,,,,,,,,15394,,,,116
,,,,,,1786683378.89993,,,0.07596,,,,2648.54938,,,,,,,,,,,15421,,,,116
,,,,,,1786683414.22722,,,,,,,2683.87672,,,,,,,,,,0.0,15583,,,,118
,,,,,,1786683415.27915,,,,,,,2684.92855,,0.20922,,,,,,,,,15594,,,,118
,,,,,,1786683440.45981,,,,,,,2710.1093,,,,,,,,,,0.0,15727,,,,119
,,,,,,1786683475.03661,,,,,,,2744.68608,,,,,,,,,,0.0,15935,,,,120
,,,,,,1786683489.57338,,,0.06407,,,,2759.22284,,,,,,,,,,,15984,,,,121
,,,,,,1786683489.9963,,,0.06395,,,,2759.64575,,,,,,,,,,,15988,,,,121
,,,,,,1786683495.58195,,,,,,,2765.23146,,0.19905,,,,,,,,,16042,,,,121
,,,,,,1786683495.96314,,,0.09903,,,,2765.61263,,,,,,,,,,,16045,,,,121
,,,,,,1786683515.7482,,,,,,,2785.39784,,0.23356,,,,,,,,,16126,,,,122
,,,,,,1786683538.7028,,,0.09396,,,,2808.35227,,,,,,,,,,,16249,,,,123
,,,,,,1786683546.07177,,,0.05758,,,,2815.7212,,,,,,,,,,,16324,,,,123
,,,,,,1786683570.09554,,,,,,,2839.74494,,0.25628,,,,,,,,,16426,,,,124
,,,,,,1786683595.47358,,,,,,,2865.12298,,0.1926,,,,,,,,,16562,,,,125
,,,,,,1786683596.88278,,,0.05483,,,,2866.5324,,,,,,,,,,,16576,,,,125
,,,,,,1786683602.01358,,,0.09947,,,,2871.66317,,,,,,,,,,,16629,,,,125
,,,,,,1786683619.3858,,,,,,,2889.03533,,,,,,,,,,0.0,16687,,,,126
,,,,,,1786683639.83963,,,,,,,2909.48907,,,,,,,,,,0.0,16779,,,,127
,,,,,,1786683666.3651,,,0.06894,,,,2936.01458,,,,,,,,,,,16920,,,,128
,,,,,,1786683667.20451,,,,,,,2936.85416,,,,,,,,,,1e-05,16927,,,,128
,,,,,,1786683674.72858,,,,,,,2944.37814,,0.2254,,,,,,,,,16994,,,,128
,,,,,,1786683690.34593,,,,,,,2959.99534,,0.20717,,,,,,,,,17042,,,,129
,,,,,,1786683702.16495,,,,,,,2971.81439,,0.20742,,,,,,,,,17158,,,,129
,,,,,,1786683715.87083,,,,,,,2985.52027,,,,,,,,,,0.0,17203,,,,130
,,,,,,1786683718.75911,,,0.09687,,,,2988.40855,,,,,,,,,,,17233,,,,130
,,,,,,1786683783.25574,,,0.09899,,,,3052.90517,,,,,,,,,,,17593,,,,133
,,,,,,1786683786.09326,,,,,,,3055.74266,,0.19583,,,,,,,,,17622,,,,133
,,,,,,1786683789.52272,,,0.05825,,,,3059.17232,,,,,,,,,,,17656,,,,133
,,,,,,1786683810.85569,,,,,,,3080.50509,,,,,,,,,,0.0,17767,,,,134
,,,,,,1786683813.36055,,,0.05872,,,,3083.00998,,,,,,,,,,,17792,,,,134
,,,,,,1786683814.32039,,,,,,,3083.96979,,0.20383,,,,,,,,,17802,,,,134
,,,,,,1786683831.3343,,,0.06787,,,,3100.98376,,,,,,,,,,,17872,,,,135
,,,,,,1786683832.58688,,,,,,,3102.23637,,,,,,,,,,0.0,17883,,,,135
,,,,,,1786683832.75831,,,0.10274,,,,3102.40782,,,,,,,,,,,17885,,,,135
,,,,,,1786683838.72999,,,,,,,3108.37944,,,,,,,,,,0.0,17939,,,,135
,,,,,,1786683851.51024,,,0.05534,,,,3121.15974,,,,,,,,,,,17972,,,,136
,,,,,,1786683877.02928,,,,,,,3146.67877,,0.22085,,,,,,,,,18122,,,,137
,,,,,,1786683886.93428,,,0.06934,,,,3156.58376,,,,,,,,,,,18208,,,,137
,,,,,,1786683908.74544,,,0.10719,,,,3178.39487,,,,,,,,,,,18317,,,,138
,,,,,,1786683930.90099,,,,,,,3200.5504,,,,,,,,,,0.0,18415,,,,139
,,,,,,1786683965.4306,,,,,,,3235.08005,,0.23827,,,,,,,,,18610,,,,140
,,,,,,1786683980.34308,,,0.11436,,,,3249.99263,,,,,,,,,,,18645,,,,141
,,,,,,1786683980.78277,,,0.11406,,,,3250.43222,,,,,,,,,,,18649,,,,141
,,,,,,1786683986.90021,,,0.11324,,,,3256.54965,,,,,,,,,,,18705,,,,141
,,,,,,1786684003.43402,,,0.09323,,,,3273.08344,,,,,,,,,,,18777,,,,142
,,,,,,1786684004.21297,,,0.09168,,,,3273.86239,,,,,,,,,,,18785,,,,142
,,,,,,1786684008.31056,,,,,,,3277.96009,,,,,,,,,,0.0,18827,,,,142
,,,,,,1786684026.71857,,,0.11806,,,,3296.36804,,,,,,,,,,,18897,,,,143
,,,,,,1786684028.46318,,,0.06791,,,,3298.1126,,,,,,,,,,,18912,,,,143
,,,,,,1786684039.16651,,,0.06866,,,,3308.816,,,,,,,,,,,19004,,,,143
,,,,,,1786684053.16548,,,0.05752,,,,3322.81492,,,,,,,,,,,19052,,,,144
,,,,,,1786684054.65477,,,,,,,3324.3042,,,,,,,,,,0.0,19067,,,,144
,,,,,,1786684058.49951,,,,,,,3328.14904,,,,,,,,,,0.0,19107,,,,144
,,,,,,1786684073.90118,,,,,,,3343.55059,,0.19058,,,,,,,,,19174,,,,145
,,,,,,1786684075.03113,,,0.09396,,,,3344.68054,,,,,,,,,,,19185,,,,145
,,,,,,1786684078.40122,,,0.05836,,,,3348.0509,,,,,,,,,,,19220,,,,145
,,,,,,1786684080.35286,,,0.05814,,,,3350.00243,,,,,,,,,,,19240,,,,145
,,,,,,1786684092.67142,,,,,,,3362.32093,,,,,,,,,,9.23675,19275,,,,146
,,,,,,1786684098.08998,,,0.05437,,,,3367.7394,,,,,,,,,,,19332,,,,146
,,,,,,1786684119.53579,,,,,,,3389.18524,,0.20973,,,,,,,,,19454,,,,147
,,,,,,1786684124.35307,,,0.1029,,,,3394.00251,,,,,,,,,,,19497,,,,147
,,,,,,1786684138.34185,,,0.05802,,,,3407.99134,,,,,,,,,,,19544,,,,148
,,,,,,1786684143.07624,,,0.05809,,,,3412.72585,,,,,,,,,,,19592,,,,148
,,,,,,1786684189.93645,,,,,,,3459.58593,,,,,,,,,,0.0,19855,,,,150
,,,,,,1786684191.80571,,,,,,,3461.45518,,0.19997,,,,,,,,,19874,,,,150
,,,,,,1786684243.91783,,,0.11961,,,,3513.56727,,,,,,,,,,,20165,,,,152
,,,,,,1786684279.36567,,,,,,,3549.01509,,0.19319,,,,,,,,,20342,,,,154
,,,,,,1786684287.1975,,,,,,,3556.84691,,0.19228,,,,,,,,,20422,,,,154
,,,,,,1786684304.8492,,,0.05933,,,,3574.49866,,,,,,,,,,,20496,,,,155
,,,,,,1786684311.4561,,,,,,,3581.10552,,0.19811,,,,,,,,,20562,,,,155
,,,,,,1786684353.47717,,,,,,,3623.12661,,,,,,,,,,0.0,20779,,,,157
,,,,,,1786684379.44467,,,,,,,3649.09443,,,,,,,,,,1e-05,20911,,,,158
,,,,,,1786684398.80148,,,0.10063,,,,3668.45094,,,,,,,,,,,20997,,,,159
,,,,,,1786684406.38574,,,,,,,3676.03518,,,,,,,,,,0.0,21075,,,,159
,,,,,,1786684407.92704,,,,,,,3677.57644,,,,,,,,,,0.0,21091,,,,159
,,,,,,1786684410.25565,,,,,,,3679.90513,,,,,,,,,,0.0,21115,,,,159
,,,,,,1786684421.64227,,,0.07883,,,,3691.29177,,,,,,,,,,,21124,,,,160
,,,,,,1786684423.21447,,,0.1126,,,,3692.8639,,,,,,,,,,,21137,,,,160
,,,,,,1786684436.69403,,,0.07633,,,,3706.34349,,,,,,,,,,,21248,,,,160
,,,,,,1786684452.51873,,,0.06826,,,,3722.16832,,,,,,,,,,,21296,,,,161
,,,,,,1786684454.00797,,,,,,,3723.65737,,0.22,,,,,,,,,21310,,,,161
,,,,,,1786684472.32617,,,3.17772,,,,3741.97605,,,,,,,,,,,21386,,,,162
,,,,,,1786684504.66613,,,,,,,3774.3157,,0.18722,,,,,,,,,21606,,,,163
,,,,,,1786684507.75414,,,,,,,3777.40368,,0.18922,,,,,,,,,21638,,,,163
,,,,,,1786684525.96335,,,0.06884,,,,3795.61288,,,,,,,,,,,21708,,,,164
,,,,,,1786684543.10267,,,0.05365,,,,3812.7522,,,,,,,,,,,21784,,,,165
,,,,,,1786684552.86448,,,0.08598,,,,3822.51399,,,,,,,,,,,21893,,,,165
