train/completions/clipped_ratio,train/completions/min_length,train/learning_rate,profiling/Time taken: DistilTrainer.compute_loss,train/grad_norm,train/kl_approx,_timestamp,train/completions/max_terminated_length,train/sampling/importance_sampling_ratio/max,train/epoch,train/global_step,profiling/Time taken: DistilTrainer._move_model_to_vllm,train/sampling/importance_sampling_ratio/min,train/completions/mean_terminated_length,train/sampling/sampling_logp_difference/mean,train/entropy,_runtime,profiling/Time taken: DistilTrainer._prepare_inputs,_step,train/loss,train/completions/min_terminated_length,train/sampling/importance_sampling_ratio/mean,train/num_tokens,train/completions/max_length,train/sampling/sampling_logp_difference/max,profiling/Time taken: DistilTrainer._get_per_token_logps_and_entropies,train/rewards,profiling/Time taken: DistilTrainer.vLLM.generate,train/completions/mean_length
,,,0.11995,,,1786586143.85297,,,,1,,,,,,30.07096,,158,,,,,,,,,,
,,,,,,1786586158.30447,,,,2,,,,,,44.52256,,288,,,,,,,0.05076,,,
,,,,,,1786586159.51832,,,,2,,,,,,45.73634,,304,,,,,,,0.0506,,,
,,,,,,1786586161.91284,,,,2,,,,,,48.13127,0.0,335,,,,,,,,,,
,,,,,,1786586182.54386,,,,3,,,,,,68.76192,,489,,,,,,,0.04859,,,
,,,,,,1786586185.08537,,,,3,,,,,,71.30346,0.0,515,,,,,,,,,,
,,,,,,1786586207.82801,,,,5,,,,,,94.04598,,696,,,,,,,0.04945,,,
,,,,,,1786586213.17451,,,,5,,,,,,99.39247,,768,,,,,,,0.04845,,,
,,,0.12516,,,1786586219.95827,,,,6,,,,,,106.17622,,802,,,,,,,,,,
,,,,,,1786586237.88687,,,,7,,,,,,124.10483,,989,,,,,,,0.03985,,,
,,,,,,1786586242.0981,,,,7,,,,,,128.31603,0.0,1047,,,,,,,,,,
,,,0.1656,,,1786586252.07879,,,,8,,,,,,138.29674,,1082,,,,,,,,,,
,,,0.14396,,,1786586258.52662,,,,8,,,,,,144.74459,,1150,,,,,,,,,,
,,,,,,1786586262.68275,,,,9,0.19301,,,,,148.90131,,1188,,,,,,,,,,
,,,,,,1786586269.5859,,,,9,,,,,,155.80384,,1220,,,,,,,0.05171,,,
,,,,,,1786586276.70901,,,,9,,,,,,162.92696,,1312,,,,,,,0.0518,,,
,,,,,,1786586277.81988,,,,10,0.18701,,,,,164.03794,,1320,,,,,,,,,,
,,,,,,1786586298.47095,,,,11,,,,,,184.68893,,1481,,,,,,,0.03998,,,
,,,0.12521,,,1786586304.00092,,,,11,,,,,,190.21884,,1554,,,,,,,,,,
,,,,,,1786586322.21261,,,,12,,,,,,208.43058,0.0,1671,,,,,,,,,,
,,,,,,1786586344.33016,,,,13,,,,,,230.54811,0.0,1827,,,,,,,,,,
,,,,,,1786586363.38756,,,,14,,,,,,249.6055,,1924,,,,,,,0.07004,,,
,,,,,,1786586368.9528,,,,14,,,,,,255.17083,,1977,,,,,,,0.05522,,,
,,,,,,1786586386.56519,,,,15,,,,,,272.78314,,2088,,,,,,,0.06122,,,
,,,0.13843,,,1786586403.08746,,,,16,,,,,,289.30541,,2214,,,,,,,,,,
,,,0.14155,,,1786586430.58423,,,,18,,,,,,316.80217,,2394,,,,,,,,,,
,,,,,,1786586433.25686,,,,18,,,,,,319.47483,,2425,,,,,,,0.04444,,,
,,,0.13883,,,1786586434.64475,,,,18,,,,,,320.86271,,2442,,,,,,,,,,
,,,,,,1786586487.91588,,,,21,,,,,,374.13387,0.0,2779,,,,,,,,,,
,,,0.13141,,,1786586489.59971,,,,21,,,,,,375.81762,,2802,,,,,,,,,,
,,,,,,1786586490.19963,,,,21,,,,,,376.41775,,2809,,,,,,,0.04187,,,
,,,,,,1786586495.13121,,,,21,,,,,,381.34916,,2872,,,,,,,0.05196,,,
,,,,,,1786586508.85826,,,,22,,,,,,395.07633,,2940,,,,,,,0.06653,,,
,,,0.17284,,,1786586516.52748,,,,22,,,,,,402.74544,,3018,,,,,,,,,,
,,,,,,1786586554.56366,,,,24,,,,,,440.78164,,3180,,,,,,,0.09123,,,
,,,,,,1786586577.84814,,,,25,,,,,,464.0661,0.0,3307,,,,,,,,,,
,,,,,,1786586600.37309,,,,26,,,,,,486.59109,,3476,,,,,,,0.06602,,,
,,,,,,1786586607.27095,,,,26,,,,,,493.48905,0.0,3547,,,,,,,,,,
,,,,,,1786586620.78775,,,,27,,,,,,507.00589,0.0,3587,,,,,,,,,,
,,,,,,1786586621.7524,,,,27,,,,,,507.9704,,3597,,,,,,,0.05522,,,
,,,0.18823,,,1786586622.66065,,,,27,,,,,,508.87867,,3606,,,,,,,,,,
,,,,,,1786586666.93008,,,,29,,,,,,553.14803,,3908,,,,,,,0.05935,,,
,,,0.18081,,,1786586680.38205,,,,30,,,,,,566.60006,,3966,,,,,,,,,,
,,,,,,1786586690.53362,,,,30,,,,,,576.75162,,4064,,,,,,,0.06978,,,
,,,,,,1786586707.19444,,,,31,,,,,,593.41254,,4156,,,,,,,0.06468,,,
,,,0.16606,,,1786586708.05875,,,,31,,,,,,594.2767,,4166,,,,,,,,,,
,,,,,,1786586717.31632,,,,32,,,,,,603.53472,,4225,,,,,,,,,3.13765,
,,,0.19561,,,1786586755.64893,,,,33,,,,,,641.8669,,4486,,,,,,,,,,
,,,,,,1786586772.52231,,,,34,,,,,,658.74036,,4580,,,,,,,0.06405,,,
,,,,,,1786586772.57083,,,,34,,,,,,658.78883,,4581,,,,,,,0.04816,,,
,,,,,,1786586789.74321,,,,35,,,,,,675.96115,0.0,4695,,,,,,,,,,
,,,,,,1786586790.09444,,,,35,,,,,,676.31265,1e-05,4699,,,,,,,,,,
,,,,,,1786586792.61638,,,,35,,,,,,678.83436,,4728,,,,,,,0.05789,,,
,,,,,,1786586805.76008,,,,36,,,,,,691.97807,,4780,,,,,,,0.06773,,,
,,,0.1728,,,1786586816.02901,,,,36,,,,,,702.24695,,4882,,,,,,,,,,
,,,,,,1786586826.96635,,,,37,,,,,,713.18431,,4944,,,,,,,0.0567,,,
,,,0.13921,,,1786586856.60354,,,,39,,,,,,742.82152,,5166,,,,,,,,,,
,,,,,,1786586865.65472,,,,39,,,,,,751.87268,0.0,5275,,,,,,,,,,
,,,0.13244,,,1786586889.53996,,,,41,,,,,,775.75792,,5434,,,,,,,,,,
,,,0.13472,,,1786586894.05723,,,,41,,,,,,780.27518,,5490,,,,,,,,,,
,,,0.13378,,,1786586949.75747,,,,44,,,,,,835.9754,,5910,,,,,,,,,,
,,,,,,1786586983.94198,,,,46,,,,,,870.15994,,6165,,,,,,,0.04873,,,
,,,,,,1786587032.66626,,,,48,,,,,,918.88421,,6389,,,,,,,0.05983,,,
,,,,,,1786587054.79626,,,,49,,,,,,941.01425,0.0,6515,,,,,,,,,,
,,,,,,1786587085.76116,,,,50,,,,,,971.9791,0.0,6675,,,,,,,,,,
,,,,,,1786587147.76924,,,,53,,,,,,1033.98749,5.67212,6999,,,,,,,,,,
,,,,,,1786587165.1931,,,,54,,,,,,1051.41105,0.0,7139,,,,,,,,,,
,,,,,,1786587167.28738,,,,54,,,,,,1053.50537,,7164,,,,,,,0.05654,,,
0.0,39.0,0.0001,,0.19313,0.19359,1786587175.39685,311.0,1.28102,0.44715,55,,0.77438,102.65625,0.01487,0.46602,1061.61492,,7259,0.129,39.0,1.00042,1253417.0,311.0,0.25569,,0.0,,102.65625
,,,,,,1786587188.86035,,,,55,,,,,,1075.07844,,7296,,,,,,,0.07609,,,
,,,0.1979,,,1786587189.88859,,,,55,,,,,,1076.10672,,7306,,,,,,,,,,
,,,,,,1786587197.08196,,,,55,,,,,,1083.2999,,7369,,,,,,,0.05818,,,
,,,,,,1786587212.7484,,,,56,,,,,,1098.96635,0.0,7483,,,,,,,,,,
,,,0.15425,,,1786587248.42936,,,,58,,,,,,1134.6473,,7670,,,,,,,,,,
,,,0.15419,,,1786587289.26044,,,,60,,,,,,1175.47844,,7946,,,,,,,,,,
,,,0.15191,,,1786587289.61413,,,,60,,,,,,1175.83207,,7950,,,,,,,,,,
,,,,,,1786587307.64835,,,,61,,,,,,1193.86638,,8077,,,,,,,0.04605,,,
,,,0.14624,,,1786587331.84653,,,,62,,,,,,1218.06476,,8290,,,,,,,,,,
,,,,,,1786587340.03982,,,,63,,,,,,1226.25779,,8325,,,,,,,0.04124,,,
,,,0.13364,,,1786587341.05308,,,,63,,,,,,1227.27101,,8338,,,,,,,,,,
,,,0.13075,,,1786587341.37057,,,,63,,,,,,1227.58849,,8342,,,,,,,,,,
,,,,,,1786587355.79111,,,,64,,,,,,1242.00907,,8453,,,,,,,0.04366,,,
,,,,,,1786587362.31344,,,,64,,,,,,1248.5314,,8533,,,,,,,0.04407,,,
,,,,,,1786587363.93871,,,,64,,,,,,1250.15666,,8553,,,,,,,0.04354,,,
,,,,,,1786587375.22347,,,,65,,,,,,1261.44151,0.0,8615,,,,,,,,,,
,,,,,,1786587444.7509,,,,69,,,,,,1330.96888,,9117,,,,,,,0.04531,,,
,,,,,,1786587445.79515,,,,69,,,,,,1332.01309,,9129,,,,,,,0.04436,,,
,,,0.14714,,,1786587449.71641,,,,69,,,,,,1335.93437,,9174,,,,,,,,,,
,,,,,,1786587454.9356,,,,69,,,,,,1341.15354,,9232,,,,,,,0.06095,,,
,,,,,,1786587461.32168,,,,70,,,,,,1347.5397,,9245,,,,,,,0.0417,,,
,,,,,,1786587465.3551,,,,70,,,,,,1351.57305,,9296,,,,,,,0.05083,,,
,,,0.16351,,,1786587490.65334,,,,71,,,,,,1376.87131,,9502,,,,,,,,,,
,,,,,,1786587499.47576,,,,72,,,,,,1385.69382,,9509,,,,,,,0.051,,,
,,,,,,1786587507.03941,,,,72,,,,,,1393.25738,0.0,9583,,,,,,,,,,
,,,0.13784,,,1786587563.75235,,,,75,,,,,,1449.9703,,9938,,,,,,,,,,
,,,,,,1786587564.96565,,,,75,,,,,,1451.18361,,9952,,,,,,,0.05317,,,
,,,,,,1786587569.51437,,,,75,,,,,,1455.73237,,10008,,,,,,,0.05311,,,
,,,0.14101,,,1786587570.58438,,,,75,,,,,,1456.80233,,10022,,,,,,,,,,
,,,,,,1786587593.19507,,,,77,,,,,,1479.41301,0.0,10187,,,,,,,,,,
,,,,,,1786587611.40022,,,,78,,,,,,1497.61817,,10329,,,,,,,0.04847,,,
,,,,,,1786587635.76982,,,,79,,,,,,1521.98774,0.0,10515,,,,,,,,,,
,,,0.23199,,,1786587658.3935,,,,80,,,,,,1544.61154,,10610,,,,,,,,,,
,,,0.2201,,,1786587680.83061,,,,81,,,,,,1567.04857,,10698,,,,,,,,,,
,,,,,,1786587688.19509,,,,81,,,,,,1574.41305,,10757,,,,,,,0.06267,,,
,,,,,,1786587744.9981,,,,84,,,,,,1631.21605,0.0,11099,,,,,,,,,,
,,,0.17212,,,1786587747.16213,,,,84,,,,,,1633.38006,,11122,,,,,,,,,,
,,,,,,1786587809.91422,,,,87,,,,,,1696.13216,0.0,11519,,,,,,,,,,
,,,,,,1786587814.08661,,,,87,,,,,,1700.30469,,11560,,,,,,,0.06944,,,
,,,,,,1786587856.02328,,,,89,,,,,,1742.24125,,11877,,,,,,,0.04141,,,
,,,0.13541,,,1786587863.43791,,,,90,,,,,,1749.65583,,11902,,,,,,,,,,
,,,,,,1786587889.82662,,,,91,,,,,,1776.04457,0.0,12131,,,,,,,,,,
,,,,,,1786587906.20324,,,,92,,,,,,1792.42117,,12189,,,,,,,0.06012,,,
,,,0.19666,,,1786587914.39482,,,,92,,,,,,1800.61278,,12262,,,,,,,,,,
,,,0.14793,,,1786587927.96422,,,,93,,,,,,1814.18215,,12338,,,,,,,,,,
,,,,,,1786587933.53729,,,,93,,,,,,1819.75526,,12400,,,,,,,0.06086,,,
,,,,,,1786587938.24711,,,,94,,,,,,1824.46545,,12409,,,,,,,,,3.38235,
,,,,,,1786587947.16681,,,,94,,,,,,1833.38475,,12472,,,,,,,0.0598,,,
,,,,,,1786587962.45069,,,,95,,,,,,1848.66866,0.0,12571,,,,,,,,,,
,,,,,,1786587978.33527,,,,96,,,,,,1864.55324,,12708,,,,,,,0.04871,,,
,,,,,,1786587993.97471,,,,97,,,,,,1880.19305,,12806,,,,,,,3.17645,,,
,,,,,,1786588002.23363,,,,97,,,,,,1888.45163,,12888,,,,,,,0.06701,,,
,,,0.17756,,,1786588003.16053,,,,97,,,,,,1889.37847,,12898,,,,,,,,,,
,,,0.17898,,,1786588003.56813,,,,97,,,,,,1889.78607,,12902,,,,,,,,,,
,,,,,,1786588003.79794,,,,97,,,,,,1890.0163,0.0,12903,,,,,,,,,,
,,,,,,1786588012.37505,,,,98,,,,,,1898.59342,,12937,,,,,,,,,4.8047,
,,,,,,1786588017.00614,,,,98,,,,,,1903.22409,,12948,,,,,,,0.06973,,,
,,,0.16772,,,1786588059.68,,,,100,,,,,,1945.89793,,13254,,,,,,,,,,
,,,0.16977,,,1786588064.35691,,,,100,,,,,,1950.57486,,13302,,,,,,,,,,
,,,,,,1786588097.88993,,,,102,,,,,,1984.10789,0.0,13551,,,,,,,,,,
,,,,,,1786588100.72302,,,,102,,,,,,1986.941,,13581,,,,,,,0.04873,,,
,,,,,,1786588114.41928,,,,103,,,,,,2000.63746,,13612,,,,,,,0.07889,,,
,,,0.20878,,,1786588118.35837,,,,103,,,,,,2004.57637,,13646,,,,,,,,,,
,,,,,,1786588145.26592,,,,104,,,,,,2031.48387,,13829,,,,,,,0.04884,,,
,,,,,,1786588158.12319,,,,105,,,,,,2044.34113,,13897,,,,,,,0.04514,,,
,,,,,,1786588233.38425,,,,109,,,,,,2119.60219,0.0,14439,,,,,,,,,,
,,,,,,1786588235.21426,,,,109,,,,,,2121.43236,,14460,,,,,,,0.05905,,,
,,,,,,1786588241.02179,,,,110,0.18623,,,,,2127.23984,,14520,,,,,,,,,,
,,,0.16166,,,1786588250.55411,,,,110,,,,,,2136.77206,,14550,,,,,,,,,,
,,,,,,1786588252.32105,,,,110,,,,,,2138.53902,,14568,,,,,,,0.06133,,,
,,,,,,1786588252.63904,,,,110,,,,,,2138.85715,1e-05,14571,,,,,,,,,,
,,,0.16404,,,1786588258.8198,,,,110,,,,,,2145.03774,,14638,,,,,,,,,,
,,,,,,1786588283.20438,,,,112,,,,,,2169.42243,,14788,,,,,,,0.05809,,,
,,,,,,1786588283.49379,,,,112,,,,,,2169.7118,0.0,14791,,,,,,,,,,
,,,,,,1786588309.50035,,,,113,,,,,,2195.71834,,14992,,,,,,,0.06514,,,
,,,,,,1786588330.51966,,,,114,,,,,,2216.73766,0.0,15071,,,,,,,,,,
,,,,,,1786588338.15853,,,,114,,,,,,2224.37653,1e-05,15127,,,,,,,,,,
,,,,,,1786588359.45572,,,,115,,,,,,2245.67368,,15196,,,,,,,0.08707,,,
,,,,,,1786588370.97315,,,,115,,,,,,2257.19109,0.0,15283,,,,,,,,,,
,,,0.14548,,,1786588387.58243,,,,116,,,,,,2273.80055,,15394,,,,,,,,,,
,,,,,,1786588389.93279,,,,116,,,,,,2276.15072,,15421,,,,,,,0.04388,,,
,,,0.17334,,,1786588422.61658,,,,118,,,,,,2308.83469,,15594,,,,,,,,,,
,,,,,,1786588490.0067,,,,121,,,,,,2376.22468,,15984,,,,,,,0.05378,,,
,,,,,,1786588490.33387,,,,121,,,,,,2376.55187,,15988,,,,,,,0.05404,,,
,,,0.13311,,,1786588494.61477,,,,121,,,,,,2380.83273,,16042,,,,,,,,,,
,,,0.14524,,,1786588507.33878,,,,122,,,,,,2393.55678,,16126,,,,,,,,,,
,,,,,,1786588524.50084,,,,123,,,,,,2410.71886,,16249,,,,,,,0.04489,,,
,,,,,,1786588531.24492,,,,123,,,,,,2417.46288,,16324,,,,,,,0.05873,,,
,,,0.1316,,,1786588544.70907,,,,124,,,,,,2430.92712,,16426,,,,,,,,,,
,,,0.14759,,,1786588562.37794,,,,125,,,,,,2448.59586,,16562,,,,,,,,,,
,,,,,,1786588563.69592,,,,125,,,,,,2449.91387,,16576,,,,,,,0.05757,,,
,,,,,,1786588568.30369,,,,125,,,,,,2454.52163,,16629,,,,,,,0.0461,,,
,,,,,,1786588580.66432,,,,126,,,,,,2466.88231,0.0,16687,,,,,,,,,,
,,,,,,1786588597.89308,,,,127,,,,,,2484.11105,0.0,16779,,,,,,,,,,
,,,,,,1786588619.21679,,,,128,,,,,,2505.43474,,16920,,,,,,,0.06419,,,
,,,0.16096,,,1786588626.18369,,,,128,,,,,,2512.40172,,16994,,,,,,,,,,
,,,0.18475,,,1786588639.87979,,,,129,,,,,,2526.09778,,17042,,,,,,,,,,
,,,0.18899,,,1786588652.48441,,,,129,,,,,,2538.70252,,17158,,,,,,,,,,
,,,,,,1786588663.13378,,,,130,,,,,,2549.35172,0.0,17203,,,,,,,,,,
,,,,,,1786588665.65105,,,,130,,,,,,2551.86899,,17233,,,,,,,0.04455,,,
,,,,,,1786588719.07025,,,,133,,,,,,2605.28819,,17593,,,,,,,0.04647,,,
,,,,,,1786588724.65889,,,,133,,,,,,2610.87689,,17656,,,,,,,0.05836,,,
,,,,,,1786588741.56232,,,,134,,,,,,2627.78037,0.0,17767,,,,,,,,,,
,,,,,,1786588743.80641,,,,134,,,,,,2630.02444,,17792,,,,,,,0.06048,,,
,,,0.15578,,,1786588744.62585,,,,134,,,,,,2630.84391,,17802,,,,,,,,,,
,,,,,,1786588761.38839,,,,135,,,,,,2647.60642,,17885,,,,,,,0.05151,,,
,,,,,,1786588767.00289,,,,135,,,,,,2653.22093,0.0,17939,,,,,,,,,,
,,,,,,1786588777.27396,,,,136,,,,,,2663.49221,,17972,,,,,,,0.05872,,,
,,,,,,1786588852.45554,,,,139,,,,,,2738.67349,0.0,18415,,,,,,,,,,
,,,0.18757,,,1786588883.33488,,,,140,,,,,,2769.55283,,18610,,,,,,,,,,
,,,,,,1786588900.22322,,,,141,,,,,,2786.44116,,18649,,,,,,,0.07,,,
,,,,,,1786588907.53237,,,,141,,,,,,2793.75034,,18705,,,,,,,0.06889,,,
,,,,,,1786588924.48363,,,,142,,,,,,2810.70164,,18777,,,,,,,0.05052,,,
,,,,,,1786588925.30804,,,,142,,,,,,2811.526,,18785,,,,,,,0.05049,,,
,,,,,,1786588929.62967,,,,142,,,,,,2815.84762,0.0,18827,,,,,,,,,,
,,,,,,1786588943.49369,,,,143,,,,,,2829.71164,,18897,,,,,,,0.04807,,,
,,,,,,1786588944.90993,,,,143,,,,,,2831.12788,,18912,,,,,,,0.06022,,,
,,,,,,1786588966.54294,,,,144,,,,,,2852.76089,,19052,,,,,,,0.06715,,,
,,,,,,1786588968.06446,,,,144,,,,,,2854.28241,0.0,19067,,,,,,,,,,
,,,,,,1786588972.09976,,,,144,,,,,,2858.3177,0.0,19107,,,,,,,,,,
,,,,,,1786588991.66269,,,,145,,,,,,2877.88064,,19185,,,,,,,0.06393,,,
,,,,,,1786588996.07356,,,,145,,,,,,2882.29154,,19220,,,,,,,0.0814,,,
,,,,,,1786588998.54789,,,,145,,,,,,2884.76593,,19240,,,,,,,0.08285,,,
,,,,,,1786589012.30597,,,,146,,,,,,2898.52395,,19332,,,,,,,0.04907,,,
,,,,,,1786589031.24076,,,,147,,,,,,2917.45873,,19497,,,,,,,0.04311,,,
,,,,,,1786589043.41922,,,,148,,,,,,2929.63719,,19544,,,,,,,0.06759,,,
,,,,,,1786589048.30226,,,,148,,,,,,2934.52031,,19592,,,,,,,0.06668,,,
,,,,,,1786589087.95671,,,,150,,,,,,2974.1747,0.0,19855,,,,,,,,,,
,,,0.17751,,,1786589089.74515,,,,150,,,,,,2975.9631,,19874,,,,,,,,,,
,,,,,,1786589137.84218,,,,152,,,,,,3024.06031,,20165,,,,,,,0.04611,,,
,,,0.14822,,,1786589163.91878,,,,154,,,,,,3050.13678,,20342,,,,,,,,,,
,,,0.15204,,,1786589171.16802,,,,154,,,,,,3057.38601,,20422,,,,,,,,,,
,,,0.1801,,,1786589193.70862,,,,155,,,,,,3079.92654,,20562,,,,,,,,,,
,,,,,,1786589233.89105,,,,157,,,,,,3120.10911,0.0,20779,,,,,,,,,,
,,,,,,1786589266.46842,,,,159,,,,,,3152.68637,,20997,,,,,,,0.04171,,,
,,,,,,1786589272.89343,,,,159,,,,,,3159.11138,0.0,21075,,,,,,,,,,
,,,,,,1786589276.15208,,,,159,,,,,,3162.37003,0.0,21115,,,,,,,,,,
,,,,,,1786589326.40762,,,,162,,,,,,3212.62593,,21386,,,,,,,2.86477,,,
,,,0.23245,,,1786589362.02095,,,,163,,,,,,3248.23906,,21606,,,,,,,,,,
,,,0.2293,,,1786589366.20184,,,,163,,,,,,3252.41976,,21638,,,,,,,,,,
,,,,,,1786589376.98962,,,,164,,,,,,3263.20763,,21708,,,,,,,0.05136,,,
,,,,,,1786589389.07524,,,,165,,,,,,3275.29331,,21784,,,,,,,0.057,,,
,,,,,,1786589428.99246,,,,167,,,,,,3315.21047,,22076,,,,,,,0.0661,,,
,,,0.14912,,,1786589433.45659,,,,167,,,,,,3319.6745,,22122,,,,,,,,,,
,,,,,,1786589438.47395,,,,167,,,,,,3324.69189,0.0,22171,,,,,,,,,,
,,,,,,1786589468.35859,,,,169,,,,,,3354.57654,,22364,,,,,,,0.06792,,,
,,,,,,1786589475.60722,,,,169,,,,,,3361.82518,,22436,,,,,,,0.06765,,,
,,,0.13204,,,1786589483.18365,,,,170,,,,,,3369.40158,,22470,,,,,,,,,,
,,,0.12878,,,1786589488.14426,,,,170,,,,,,3374.36224,,22534,,,,,,,,,,
,,,,,,1786589489.36513,,,,170,,,,,,3375.58312,,22549,,,,,,,0.04164,,,
,,,,,,1786589509.69057,,,,171,,,,,,3395.90858,,22652,,,,,,,0.07471,,,
,,,,,,1786589521.1689,,,,172,,,,,,3407.38685,,22713,,,,,,,0.04211,,,
,,,0.13153,,,1786589524.35199,,,,172,,,,,,3410.56993,,22754,,,,,,,,,,
,,,,,,1786589528.37609,,,,172,,,,,,3414.59404,1e-05,22803,,,,,,,,,,
,,,,,,1786589544.38677,,,,173,,,,,,3430.60472,,22917,,,,,,,0.04487,,,
,,,,,,1786589564.31429,,,,174,,,,,,3450.5323,,23044,,,,,,,0.06726,,,
,,,,,,1786589577.47734,,,,175,,,,,,3463.69563,,23108,,,,,,,0.06088,,,
,,,0.15685,,,1786589580.09175,,,,175,,,,,,3466.30971,,23138,,,,,,,,,,
,,,,,,1786589619.61843,,,,177,,,,,,3505.83649,,23424,,,,,,,0.05249,,,
,,,,,,1786589664.71809,,,,179,,,,,,3550.93617,,23716,,,,,,,0.06704,,,
,,,0.12438,,,1786589678.30954,,,,180,,,,,,3564.52746,,23814,,,,,,,,,,
,,,,,,1786589681.48407,,,,180,,,,,,3567.70201,0.0,23855,,,,,,,,,,
,,,,,,1786589711.77783,,,,182,,,,,,3597.99583,,24052,,,,,,,0.04834,,,
,,,,,,1786589712.96078,,,,182,,,,,,3599.17871,,24068,,,,,,,0.04825,,,
,,,0.1223,,,1786589714.50552,,,,182,,,,,,3600.72349,,24090,,,,,,,,,,
,,,,,,1786589717.38181,,,,182,,,,,,3603.59989,,24128,,,,,,,0.0478,,,
,,,0.13273,,,1786589729.6428,,,,183,,,,,,3615.86073,,24214,,,,,,,,,,
,,,,,,1786589732.0992,,,,183,,,,,,3618.31733,1e-05,24243,,,,,,,,,,
,,,,,,1786589789.30949,,,,186,,,,,,3675.52761,1e-05,24659,,,,,,,,,,
,,,,,,1786589801.62297,,,,187,,,,,,3687.84101,,24716,,,,,,,0.05749,,,
,,,0.15249,,,1786589804.5537,,,,187,,,,,,3690.77164,,24750,,,,,,,,,,
,,,,,,1786589808.75499,,,,187,,,,,,3694.97294,,24797,,,,,,,0.04504,,,
,,,,,,1786589846.76024,,,,189,,,,,,3732.97819,,25073,,,,,,,0.04297,,,
,,,,,,1786589853.65026,,,,190,,,,,,3739.86845,0.0,25087,,,,,,,,,,
,,,,,,1786589857.46525,,,,190,,,,,,3743.6832,,25133,,,,,,,0.04407,,,
,,,,,,1786589859.1069,,,,190,,,,,,3745.3249,,25152,,,,,,,0.05645,,,
,,,,,,1786589859.71799,,,,190,,,,,,3745.93601,0.0,25159,,,,,,,,,,
,,,,,,1786589886.43525,,,,191,,,,,,3772.65329,,25292,,,,,,,0.08331,,,
,,,,,,1786589912.80671,,,,192,,,,,,3799.02465,,25457,,,,,,,0.05047,,,
,,,,,,1786589913.63,,,,192,,,,,,3799.84794,,25465,,,,,,,0.05193,,,
,,,,,,1786589949.1091,,,,194,,,,,,3835.32709,1e-05,25727,,,,,,,,,,
,,,,,,1786589949.44501,,,,194,,,,,,3835.66299,1e-05,25731,,,,,,,,,,
,,,,,,1786589958.08544,,,,195,,,,,,3844.30349,,25745,,,,,,,0.05136,,,
,,,0.15081,,,1786589977.96431,,,,196,,,,,,3864.18234,,25886,,,,,,,,,,
,,,,,,1786590018.66484,,,,198,,,,,,3904.88303,,26152,,,,,,,0.0672,,,
,,,,,,1786590064.99529,,,,200,,,,,,3951.21327,0.0,26471,,,,,,,,,,
,,,,,,1786590076.75767,,,,201,,,,,,3962.97583,,26533,,,,,,,,,4.88602,
,,,,,,1786590123.42328,,,,203,,,,,,4009.64127,,26828,,,,,,,0.0679,,,
,,,,,,1786590127.83108,,,,203,,,,,,4014.04904,,26872,,,,,,,0.067,,,
,,,,,,1786590145.49162,,,,204,,,,,,4031.70959,0.0,26967,,,,,,,,,,
,,,,,,1786590179.454,,,,206,,,,,,4065.67204,,27225,,,,,,,0.04635,,,
,,,,,,1786590196.90108,,,,207,,,,,,4083.11908,0.0,27351,,,,,,,,,,
,,,0.15489,,,1786590216.42744,,,,208,,,,,,4102.64545,,27494,,,,,,,,,,
,,,,,,1786590222.58406,,,,208,,,,,,4108.8021,,27561,,,,,,,0.04738,,,
,,,,,,1786590231.82674,,,,209,,,,,,4118.04482,0.0,27595,,,,,,,,,,
,,,,,,1786590235.37901,,,,209,,,,,,4121.59697,,27637,,,,,,,0.04522,,,
,,,,,,1786590255.97285,,,,210,,,,,,4142.1908,,27789,,,,,,,0.04683,,,
,,,,,,1786590268.85644,,,,211,,,,,,4155.07472,1e-05,27859,,,,,,,,,,
,,,,,,1786590271.04573,,,,211,,,,,,4157.26378,,27884,,,,,,,0.05933,,,
,,,0.14785,,,1786590277.15943,,,,211,,,,,,4163.37738,,27954,,,,,,,,,,
,,,,,,1786590278.83156,,,,211,,,,,,4165.04953,,27972,,,,,,,0.05988,,,
,,,,,,1786590316.3126,,,,213,,,,,,4202.53057,0.0,28151,,,,,,,,,,
,,,,,,1786590381.00933,,,,216,,,,,,4267.22743,0.0,28579,,,,,,,,,,
,,,,,,1786590382.74781,,,,216,,,,,,4268.96585,,28600,,,,,,,0.05408,,,
,,,0.17043,,,1786590422.87725,,,,218,,,,,,4309.09518,,28894,,,,,,,,,,
,,,0.14986,,,1786590455.2221,,,,220,,,,,,4341.44012,,29046,,,,,,,,,,
,,,,,,1786590473.62302,,,,221,,,,,,4359.84099,0.0,29179,,,,,,,,,,
,,,,,,1786590478.80912,,,,221,,,,,,4365.02709,,29237,,,,,,,0.04738,,,
0.0,47.0,0.0,,0.21926,0.11972,1786590484.85503,413.0,1.43206,1.80488,222,,0.69086,107.28125,0.01465,0.38218,4371.0731,,29303,0.0911,47.0,1.0001,5098306.0,413.0,0.36982,,0.0,,107.28125
,,,,,,1786590501.91344,,,,222,,,,,,4388.13144,0.0,29387,,,,,,,,,,
,,,0.14406,,,1786590517.09477,,,,223,,,,,,4403.31271,,29478,,,,,,,,,,
,,,,,,1786590532.57027,,,,224,,,,,,4418.78833,,29580,,,,,,,0.05921,,,
,,,0.1488,,,1786590538.67428,,,,224,,,,,,4424.89221,,29650,,,,,,,,,,
,,,,,,1786590556.98575,,,,225,,,,,,4443.2037,,29789,,,,,,,0.04499,,,
,,,,,,1786590606.11822,,,,228,,,,,,4492.33634,,30108,,,,,,,0.06213,,,
,,,,,,1786590659.41491,,,,230,,,,,,4545.63288,0.0,30463,,,,,,,,,,
,,,,,,1786590671.89598,,,,231,,,,,,4558.11396,,30532,,,,,,,0.05722,,,
,,,,,,1786590705.95331,,,,232,,,,,,4592.17131,,30737,,,,,,,0.06876,,,
,,,,,,1786590718.83196,,,,233,,,,,,4605.04997,0.0,30795,,,,,,,,,,
,,,,,,1786590720.70918,,,,233,,,,,,4606.92715,,30816,,,,,,,0.05994,,,
,,,0.15166,,,1786590720.80072,,,,233,,,,,,4607.01867,,30818,,,,,,,,,,
,,,,,,1786590742.75868,,,,234,,,,,,4628.97668,,30916,,,,,,,0.08274,,,
,,,,,,1786590767.19859,,,,235,,,,,,4653.41651,0.0,31075,,,,,,,,,,
,,,,,,1786590783.46281,,,,236,,,,,,4669.68077,,31209,,,,,,,0.0413,,,
,,,,,,1786590785.52099,,,,236,,,,,,4671.73893,,31236,,,,,,,0.04879,,,
,,,,,,1786590803.33045,,,,237,,,,,,4689.54865,,31329,,,,,,,0.05748,,,
,,,,,,1786590805.89981,,,,237,,,,,,4692.11779,0.0,31351,,,,,,,,,,
,,,0.20418,,,1786590883.89822,,,,241,,,,,,4770.11621,,31890,,,,,,,,,,
,,,,,,1786590900.48717,,,,242,,,,,,4786.70515,,31965,,,,,,,0.0511,,,
,,,0.17512,,,1786590904.57568,,,,242,,,,,,4790.79364,,32006,,,,,,,,,,
,,,,,,1786590977.00141,,,,245,,,,,,4863.21952,,32425,,,,,,,0.05104,,,
