train/loss,train/completions/min_terminated_length,train/learning_rate,train/sampling/importance_sampling_ratio/mean,train/epoch,train/completions/max_terminated_length,train/sampling/importance_sampling_ratio/min,train/completions/max_length,profiling/Time taken: DistilTrainer.compute_loss,train/completions/mean_length,train/global_step,train/sampling/importance_sampling_ratio/max,_runtime,train/sampling/sampling_logp_difference/max,profiling/Time taken: DistilTrainer._move_model_to_vllm,train/entropy,profiling/Time taken: DistilTrainer._prepare_inputs,profiling/Time taken: DistilTrainer.vLLM.generate,_step,train/completions/mean_terminated_length,train/grad_norm,train/rewards,train/num_tokens,_timestamp,profiling/Time taken: DistilTrainer._get_per_token_logps_and_entropies,train/kl_approx,train/completions/min_length,train/sampling/sampling_logp_difference/mean,train/completions/clipped_ratio
,,,,,,,,0.14136,,1,,40.4489,,,,,,158,,,,,1786523612.13096,,,,,
,,,,,,,,0.17014,,2,,56.63957,,,,,,270,,,,,1786523628.32162,,,,,
,,,,,,,,,,2,,58.20274,,,,,,288,,,,,1786523629.88461,0.04996,,,,
,,,,,,,,,,2,,59.52019,,,,,,304,,,,,1786523631.20212,0.04905,,,,
,,,,,,,,,,2,,62.11119,,,,0.0,,335,,,,,1786523633.7932,,,,,
,,,,,,,,0.16598,,3,,76.42863,,,,,,418,,,,,1786523648.11068,,,,,
,,,,,,,,,,3,,79.33232,,,,0.0,,451,,,,,1786523651.01433,,,,,
,,,,,,,,,,3,,81.16431,,,,,,473,,,,,1786523652.84627,0.08634,,,,
,,,,,,,,,,3,,82.5292,,,,,,489,,,,,1786523654.21122,0.08528,,,,
,,,,,,,,,,3,,84.83481,,,,0.0,,515,,,,,1786523656.51669,,,,,
,,,,,,,,,,5,,118.15077,,,,,,696,,,,,1786523689.83271,0.05921,,,,
,,,,,,,,,,5,,119.72291,,,,,,712,,,,,1786523691.40485,0.05914,,,,
,,,,,,,,,,5,,122.09438,,,,,,736,,,,,1786523693.7759,0.05947,,,,
,,,,,,,,,,5,,125.26062,,,,,,768,,,,,1786523696.94251,0.0595,,,,
,,,,,,,,0.31799,,6,,136.40494,,,,,,802,,,,,1786523708.08688,,,,,
,,,,,,,,0.16741,,6,,144.54114,,,,,,898,,,,,1786523716.22298,,,,,
,,,,,,,,,,7,,158.75691,,,,,,929,,,,,1786523730.43863,0.12537,,,,
,,,,,,,,,,7,,165.67956,,,,,,989,,,,,1786523737.36137,0.11404,,,,
,,,,,,,,,,7,,172.43527,,,,1e-05,,1047,,,,,1786523744.11707,,,,,
,,,,,,,,,,8,,184.9663,,,,,,1069,,,,,1786523756.64829,0.10748,,,,
,,,,,,,,0.21466,,8,,186.34669,,,,,,1082,,,,,1786523758.02858,,,,,
,,,,,,,,0.21904,,8,,194.00024,,,,,,1150,,,,,1786523765.68215,,,,,
,,,,,,,,,,9,,198.92606,,0.23297,,,,1188,,,,,1786523770.60781,,,,,
,,,,,,,,,,9,,213.34613,,,,,,1220,,,,,1786523785.02812,0.06806,,,,
,,,,,,,,,,9,,223.72685,,,,,,1312,,,,,1786523795.40876,0.06738,,,,
,,,,,,,,,,10,,225.26175,,0.33191,,,,1320,,,,,1786523796.94367,,,,,
,,,,,,,,,,11,,264.07338,,,,,,1481,,,,,1786523835.75529,0.11614,,,,
,,,,,,,,0.23481,,11,,272.94903,,,,,,1554,,,,,1786523844.63105,,,,,
,,,,,,,,,,12,,295.60298,,,,0.0,,1671,,,,,1786523867.2849,,,,,
,,,,,,,,,,13,,311.95638,,,,,,1741,,,,,1786523883.63821,0.09932,,,,
,,,,,,,,,,13,,320.7254,,,,0.0,,1827,,,,,1786523892.40722,,,,,
,,,,,,,,,,14,,340.21503,,,,,,1924,,,,,1786523911.89694,0.0597,,,,
,,,,,,,,,,14,,342.16073,,,,0.0,,1943,,,,,1786523913.84255,,,,,
,,,,,,,,,,14,,345.53468,,,,,,1977,,,,,1786523917.21657,0.10017,,,,
,,,,,,,,,,15,,358.99736,,,,,,2032,,,,,1786523930.67918,0.05346,,,,
,,,,,,,,,,15,,364.08325,,,,,,2088,,,,,1786523935.76519,0.05353,,,,
,,,,,,,,,,16,,376.11141,,,,,,2121,,,,,1786523947.79343,0.08909,,,,
,,,,,,,,0.18938,,16,,384.85652,,,,,,2214,,,,,1786523956.53834,,,,,
,,,,,,,,0.20714,,18,,420.82006,,,,,,2394,,,,,1786523992.5019,,,,,
,,,,,,,,,,18,,424.06408,,,,,,2425,,,,,1786523995.74585,0.10404,,,,
,,,,,,,,,,18,,425.19317,,,,,,2436,,,,,1786523996.87516,0.06028,,,,
,,,,,,,,0.20386,,18,,425.74604,,,,,,2442,,,,,1786523997.428,,,,,
,,,,,,,,0.20317,,19,,452.61546,,,,,,2610,,,,,1786524024.29754,,,,,
,,,,,,,,0.16455,,20,,471.80083,,,,,,2742,,,,,1786524043.48295,,,,,
,,,,,,,,,,20,,472.38283,,,,,,2748,,,,,1786524044.0649,0.06031,,,,
,,,,,,,,,,21,,482.88784,,,,0.0,,2779,,,,,1786524054.56992,,,,,
,,,,,,,,0.17224,,21,,484.82417,,,,,,2802,,,,,1786524056.50618,,,,,
,,,,,,,,,,21,,485.4957,,,,,,2809,,,,,1786524057.17766,0.08692,,,,
,,,,,,,,,,21,,491.04163,,,,,,2872,,,,,1786524062.72368,0.04949,,,,
,,,,,,,,,,22,,504.92289,,,,0.0,,2927,,,,,1786524076.60491,,,,,
,,,,,,,,,,22,,506.08652,,,,,,2940,,,,,1786524077.76845,0.05378,,,,
,,,,,,,,0.18379,,22,,513.23778,,,,,,3018,,,,,1786524084.91987,,,,,
,,,,,,,,,,24,,543.5085,,,,,,3180,,,,,1786524115.19045,0.04919,,,,
,,,,,,,,,,25,,564.72604,,,,1e-05,,3307,,,,,1786524136.40789,,,,,
,,,,,,,,,,26,,591.68399,,,,,,3476,,,,,1786524163.36603,0.05936,,,,
,,,,,,,,,,26,,598.64487,,,,,,3545,,,,,1786524170.32672,0.09879,,,,
,,,,,,,,,,26,,598.89076,,,,1e-05,,3547,,,,,1786524170.57264,,,,,
,,,,,,,,,,27,,611.77539,,,,0.0,,3587,,,,,1786524183.45734,,,,,
,,,,,,,,,,27,,612.70535,,,,,,3597,,,,,1786524184.38713,0.09377,,,,
,,,,,,,,0.1875,,27,,613.516,,,,,,3606,,,,,1786524185.19801,,,,,
,,,,,,,,,,27,,613.87011,,,,,,3609,,,,,1786524185.5521,0.09357,,,,
,,,,,,,,,,27,,614.8911,,,,0.0,,3619,,,,,1786524186.57288,,,,,
,,,,,,,,0.1862,,27,,620.52303,,,,,,3678,,,,,1786524192.20505,,,,,
,,,,,,,,0.20674,,28,,643.99888,,,,,,3802,,,,,1786524215.68097,,,,,
,,,,,,,,,,29,,661.61674,,,,1e-05,,3851,,,,,1786524233.29862,,,,,
,,,,,,,,,,29,,663.59653,,,,0.0,,3867,,,,,1786524235.27848,,,,,
,,,,,,,,,,29,,665.26701,,,,,,3881,,,,,1786524236.94886,0.12138,,,,
,,,,,,,,,,29,,668.59525,,,,,,3908,,,,,1786524240.27718,0.07351,,,,
,,,,,,,,0.18562,,30,,684.61351,,,,,,3966,,,,,1786524256.29554,,,,,
,,,,,,,,,,30,,686.65019,,,,1e-05,,3987,,,,,1786524258.33207,,,,,
,,,,,,,,,,30,,693.69998,,,,,,4064,,,,,1786524265.38208,0.05239,,,,
,,,,,,,,,,31,,711.03142,,,,,,4156,,,,,1786524282.71331,0.05267,,,,
,,,,,,,,0.179,,31,,711.87124,,,,,,4166,,,,,1786524283.55312,,,,,
,,,,,,,,,,32,,724.63581,,,,,6.99189,4225,,,,,1786524296.31741,,,,,
,,,,,,,,,,32,,732.223,,,,,,4264,,,,,1786524303.90488,0.06605,,,,
,,,,,,,,0.2198,,32,,733.25887,,,,,,4274,,,,,1786524304.94083,,,,,
,,,,,,,,,,33,,752.44905,,,,,,4369,,,,,1786524324.13106,0.09316,,,,
,,,,,,,,0.18745,,33,,763.39493,,,,,,4486,,,,,1786524335.07697,,,,,
,,,,,,,,,,34,,780.75753,,,,,,4580,,,,,1786524352.43947,0.06078,,,,
,,,,,,,,,,34,,780.84411,,,,,,4581,,,,,1786524352.5261,0.08622,,,,
,,,,,,,,,,35,,801.60101,,,,0.0,,4695,,,,,1786524373.28304,,,,,
,,,,,,,,,,35,,801.99472,,,,0.0,,4699,,,,,1786524373.67681,,,,,
,,,,,,,,,,35,,804.83088,,,,,,4728,,,,,1786524376.51295,0.05784,,,,
,,,,,,,,,,36,,818.87133,,,,,,4780,,,,,1786524390.55327,0.06193,,,,
,,,,,,,,0.19523,,36,,829.22603,,,,,,4882,,,,,1786524400.90806,,,,,
,,,,,,,,,,37,,842.70512,,,,1e-05,,4939,,,,,1786524414.38691,,,,,
,,,,,,,,,,37,,843.1156,,,,,,4944,,,,,1786524414.79754,0.06193,,,,
,,,,,,,,0.19994,,39,,879.81647,,,,,,5158,,,,,1786524451.49852,,,,,
,,,,,,,,0.19948,,39,,880.66792,,,,,,5166,,,,,1786524452.34995,,,,,
,,,,,,,,,,39,,892.50247,,,,1e-05,,5275,,,,,1786524464.18437,,,,,
,,,,,,,,0.19026,,41,,923.03343,,,,,,5434,,,,,1786524494.71541,,,,,
,,,,,,,,0.18839,,41,,928.52278,,,,,,5490,,,,,1786524500.20487,,,,,
,,,,,,,,,,42,,944.95753,,,,1e-05,,5563,,,,,1786524516.6393,,,,,
,,,,,,,,0.15932,,44,,992.72097,,,,,,5910,,,,,1786524564.40295,,,,,
,,,,,,,,,,46,,1038.39539,,,,,,6124,,,,,1786524610.07744,0.05804,,,,
,,,,,,,,,,46,,1042.35096,,,,,,6165,,,,,1786524614.03301,0.09425,,,,
,,,,,,,,,,48,,1083.37807,,,,,,6389,,,,,1786524655.0598,0.09654,,,,
,,,,,,,,,,49,,1105.5191,,,,1e-05,,6515,,,,,1786524677.20098,,,,,
,,,,,,,,,,49,,1109.96555,,,,,,6560,,,,,1786524681.64745,0.06226,,,,
,,,,,,,,,,50,,1130.7552,,,,,,6645,,,,,1786524702.43702,0.08042,,,,
,,,,,,,,,,50,,1133.9688,,,,1e-05,,6675,,,,,1786524705.65068,,,,,
,,,,,,,,,,53,,1193.00174,,,,8.9915,,6999,,,,,1786524764.68368,,,,,
,,,,,,,,,,54,,1215.57997,,,,0.0,,7139,,,,,1786524787.26189,,,,,
,,,,,,,,,,54,,1218.01825,,,,,,7164,,,,,1786524789.70024,0.06023,,,,
0.0711,293.0,9e-05,1.0001,0.66265,795.0,0.78131,795.0,,456.5625,55,1.29645,1227.61588,0.25963,,1.01697,,,7259,456.5625,0.06441,0.0,1255977.0,1786524799.29781,,0.07342,293.0,0.02029,0.0
,,,,,,,,,,55,,1240.9565,,,,,,7296,,,,,1786524812.63852,0.06927,,,,
,,,,,,,,0.20767,,55,,1241.9709,,,,,,7306,,,,,1786524813.653,,,,,
,,,,,,,,,,55,,1248.96802,,,,,,7369,,,,,1786524820.65013,0.09998,,,,
,,,,,,,,,,56,,1256.68719,,,,,4.73686,7393,,,,,1786524828.36892,,,,,
,,,,,,,,,,56,,1261.7889,,,,,,7425,,,,,1786524833.47093,0.08201,,,,
,,,,,,,,,,56,,1266.72087,,,,0.0,,7483,,,,,1786524838.40281,,,,,
,,,,,,,,0.16975,,58,,1301.31861,,,,,,7670,,,,,1786524873.00069,,,,,
,,,,,,,,,,58,,1304.62712,,,,,,7708,,,,,1786524876.30912,0.04894,,,,
,,,,,,,,0.18394,,60,,1345.91224,,,,,,7946,,,,,1786524917.59436,,,,,
,,,,,,,,0.18203,,60,,1346.28721,,,,,,7950,,,,,1786524917.96928,,,,,
,,,,,,,,0.18339,,60,,1348.93554,,,,,,7978,,,,,1786524920.61769,,,,,
,,,,,,,,,,61,,1368.69223,,,,,,8077,,,,,1786524940.37406,0.10493,,,,
,,,,,,,,0.19556,,62,,1400.24261,,,,,,8290,,,,,1786524971.9246,,,,,
,,,,,,,,,,63,,1413.01448,,,,,,8325,,,,,1786524984.69641,0.0992,,,,
,,,,,,,,0.20062,,63,,1414.24748,,,,,,8338,,,,,1786524985.92938,,,,,
,,,,,,,,0.19646,,63,,1414.65305,,,,,,8342,,,,,1786524986.33503,,,,,
,,,,,,,,,,64,,1434.51076,,,,,,8453,,,,,1786525006.19259,0.09487,,,,
,,,,,,,,,,64,,1435.12944,,,,,,8460,,,,,1786525006.81151,0.04907,,,,
,,,,,,,,,,64,,1441.58483,,,,,,8533,,,,,1786525013.26691,0.09321,,,,
,,,,,,,,,,64,,1443.35506,,,,,,8553,,,,,1786525015.03714,0.09311,,,,
,,,,,,,,,,65,,1457.48845,,,,0.0,,8615,,,,,1786525029.17049,,,,,
,,,,,,,,,,68,,1537.4937,,,,,,9101,,,,,1786525109.1757,0.10019,,,,
,,,,,,,,,,69,,1548.02653,,,,,,9117,,,,,1786525119.70862,0.0968,,,,
,,,,,,,,,,69,,1549.16732,,,,,,9129,,,,,1786525120.84934,0.09746,,,,
,,,,,,,,0.1887,,69,,1553.38785,,,,,,9174,,,,,1786525125.06988,,,,,
,,,,,,,,,,69,,1558.94868,,,,,,9232,,,,,1786525130.63072,0.05482,,,,
,,,,,,,,,,70,,1570.08733,,,,,,9245,,,,,1786525141.76895,0.0997,,,,
,,,,,,,,,,70,,1575.60471,,,,,,9296,,,,,1786525147.28674,0.06578,,,,
,,,,,,,,,,71,,1595.27528,,,,0.0,,9395,,,,,1786525166.95721,,,,,
,,,,,,,,,,71,,1601.52022,,,,,,9453,,,,,1786525173.20232,0.09971,,,,
,,,,,,,,0.20565,,71,,1606.74357,,,,,,9502,,,,,1786525178.42551,,,,,
,,,,,,,,,,72,,1617.89331,,,,,,9509,,,,,1786525189.5753,0.10822,,,,
,,,,,,,,,,72,,1625.50047,,,,0.0,,9583,,,,,1786525197.18242,,,,,
,,,,,,,,0.19964,,75,,1691.41489,,,,,,9938,,,,,1786525263.09691,,,,,
,,,,,,,,,,75,,1692.91935,,,,,,9952,,,,,1786525264.60131,0.06095,,,,
,,,,,,,,,,75,,1698.67691,,,,,,10008,,,,,1786525270.35893,0.06169,,,,
,,,,,,,,0.19873,,75,,1700.05388,,,,,,10022,,,,,1786525271.73588,,,,,
,,,,,,,,,,77,,1736.77201,,,,0.0,,10187,,,,,1786525308.45409,,,,,
,,,,,,,,,,78,,1763.31077,,,,,,10329,,,,,1786525334.99281,0.1091,,,,
,,,,,,,,,,79,,1795.734,,,,1e-05,,10515,,,,,1786525367.41592,,,,,
,,,,,,,,,,80,,1811.33189,,,,,,10568,,,,,1786525383.0139,0.05724,,,,
,,,,,,,,,,80,,1812.46177,,,,0.0,,10579,,,,,1786525384.14386,,,,,
,,,,,,,,,,80,,1814.86678,,,,,,10604,,,,,1786525386.54867,0.0583,,,,
,,,,,,,,0.19525,,80,,1815.40036,,,,,,10610,,,,,1786525387.08247,,,,,
,,,,,,,,,,80,,1822.84102,,,,,,10685,,,,,1786525394.5229,0.09881,,,,
,,,,,,,,0.23226,,81,,1834.62254,,,,,,10698,,,,,1786525406.30457,,,,,
,,,,,,,,,,81,,1834.87263,,,,0.0,,10699,,,,,1786525406.55458,,,,,
,,,,,,,,,,81,,1841.81349,,,,,,10757,,,,,1786525413.49551,0.11489,,,,
,,,,,,,,,,84,,1902.59808,,,,0.0,,11099,,,,,1786525474.28012,,,,,
,,,,,,,,0.18267,,84,,1904.67882,,,,,,11122,,,,,1786525476.36069,,,,,
,,,,,,,,,,87,,1973.09726,,,,0.0,,11519,,,,,1786525544.77924,,,,,
,,,,,,,,,,87,,1976.37344,,,,,,11553,,,,,1786525548.05553,0.09188,,,,
,,,,,,,,,,87,,1977.06744,,,,,,11560,,,,,1786525548.74916,0.06418,,,,
,,,,,,,,,,89,,2015.85215,,,,9.30299,,11751,,,,,1786525587.5341,,,,,
,,,,,,,,,,89,,2016.23537,,,,0.0,,11755,,,,,1786525587.91737,,,,,
,,,,,,,,,,89,,2018.46732,,,,0.0,,11779,,,,,1786525590.14929,,,,,
,,,,,,,,,,89,,2027.55121,,,,,,11877,,,,,1786525599.23312,0.09834,,,,
,,,,,,,,0.23645,,90,,2042.21512,,,,,,11902,,,,,1786525613.89715,,,,,
,,,,,,,,,,91,,2079.36929,,,,0.0,,12131,,,,,1786525651.05124,,,,,
,,,,,,,,,,92,,2093.30658,,,,,,12189,,,,,1786525664.98849,0.08777,,,,
,,,,,,,,0.17568,,92,,2096.55766,,,,,,12226,,,,,1786525668.23954,,,,,
,,,,,,,,,,92,,2098.88623,,,,0.0,,12251,,,,,1786525670.5682,,,,,
,,,,,,,,0.17631,,92,,2099.78737,,,,,,12262,,,,,1786525671.46925,,,,,
,,,,,,,,0.22127,,93,,2118.62648,,,,,,12338,,,,,1786525690.30841,,,,,
,,,,,,,,,,93,,2125.72084,,,,,,12400,,,,,1786525697.40277,0.06865,,,,
,,,,,,,,,,94,,2133.1339,,,,,6.03509,12409,,,,,1786525704.81566,,,,,
,,,,,,,,,,94,,2141.74239,,,,,,12472,,,,,1786525713.42441,0.05996,,,,
,,,,,,,,,,95,,2160.4769,,,,1e-05,,12571,,,,,1786525732.15872,,,,,
,,,,,,,,,,96,,2181.26411,,,,,,12689,,,,,1786525752.94597,0.09984,,,,
,,,,,,,,,,96,,2183.07402,,,,,,12708,,,,,1786525754.75606,0.05477,,,,
,,,,,,,,,,97,,2201.94562,,,,,,12806,,,,,1786525773.62732,2.62929,,,,
,,,,,,,,,,97,,2209.79526,,,,,,12888,,,,,1786525781.47729,0.05569,,,,
,,,,,,,,0.19066,,97,,2210.70203,,,,,,12898,,,,,1786525782.38414,,,,,
,,,,,,,,0.19237,,97,,2211.08922,,,,,,12902,,,,,1786525782.77128,,,,,
,,,,,,,,,,97,,2211.28327,,,,1e-05,,12903,,,,,1786525782.96516,,,,,
,,,,,,,,,,98,,2222.112,,,,,7.23158,12937,,,,,1786525793.79376,,,,,
,,,,,,,,,,98,,2226.74366,,,,,,12948,,,,,1786525798.42571,0.06721,,,,
,,,,,,,,,,98,,2233.41855,,,,0.0,,13007,,,,,1786525805.10055,,,,,
,,,,,,,,,,99,,2261.12859,,,,0.0,,13187,,,,,1786525832.81068,,,,,
,,,,,,,,0.19193,,100,,2278.47244,,,,,,13254,,,,,1786525850.15451,,,,,
,,,,,,,,0.19129,,100,,2283.15393,,,,,,13302,,,,,1786525854.83605,,,,,
,,,,,,,,,,102,,2328.54135,,,,0.0,,13551,,,,,1786525900.22338,,,,,
,,,,,,,,,,102,,2328.60393,,,,,,13552,,,,,1786525900.28596,0.062,,,,
,,,,,,,,,,102,,2331.46885,,,,,,13581,,,,,1786525903.15084,0.09338,,,,
,,,,,,,,,,103,,2344.91661,,,,,,13612,,,,,1786525916.59848,0.06881,,,,
,,,,,,,,0.21474,,103,,2348.62694,,,,,,13646,,,,,1786525920.30897,,,,,
0.0606,365.0,4e-05,0.99984,1.25301,831.0,0.71817,831.0,,530.53125,104,1.35188,2357.81851,0.33105,,0.92968,,,13727,530.53125,0.06688,0.0,2452148.0,1786525929.50035,,0.05799,365.0,0.01934,0.0
,,,,,,,,,,104,,2358.34357,,0.1829,,,,13728,,,,,1786525930.02555,,,,,
,,,,,,,,,,104,,2370.2903,,,,,,13757,,,,,1786525941.9723,0.09982,,,,
,,,,,,,,,,104,,2377.48971,,,,,,13829,,,,,1786525949.17172,0.09935,,,,
,,,,,,,,,,105,,2394.02638,,,,,,13897,,,,,1786525965.70819,0.10156,,,,
,,,,,,,,,,105,,2396.3953,,,,0.0,,13919,,,,,1786525968.07727,,,,,
,,,,,,,,,,109,,2492.70153,,,,0.0,,14439,,,,,1786526064.38355,,,,,
,,,,,,,,,,109,,2494.95183,,,,,,14460,,,,,1786526066.63378,0.06436,,,,
,,,,,,,,,,110,,2501.96481,,0.17991,,,,14520,,,,,1786526073.64662,,,,,
,,,,,,,,0.22467,,110,,2515.884,,,,,,14550,,,,,1786526087.56583,,,,,
,,,,,,,,,,110,,2518.00549,,,,,,14568,,,,,1786526089.68756,0.06791,,,,
,,,,,,,,,,110,,2518.39232,,,,0.0,,14571,,,,,1786526090.07429,,,,,
,,,,,,,,0.22309,,110,,2525.90313,,,,,,14638,,,,,1786526097.58521,,,,,
,,,,,,,,,,112,,2558.68366,,,,,,14788,,,,,1786526130.36557,0.05673,,,,
,,,,,,,,,,112,,2559.00333,,,,0.0,,14791,,,,,1786526130.6853,,,,,
,,,,,,,,,,113,,2588.99951,,,,,,14992,,,,,1786526160.6814,0.05972,,,,
,,,,,,,,,,113,,2589.35436,,,,0.0,,14995,,,,,1786526161.03627,,,,,
,,,,,,,,,,114,,2606.57324,,,,1e-05,,15071,,,,,1786526178.25513,,,,,
,,,,,,,,,,114,,2612.38466,,,,0.0,,15127,,,,,1786526184.06669,,,,,
,,,,,,,,,,115,,2631.08393,,,,,,15196,,,,,1786526202.76593,0.06752,,,,
,,,,,,,,,,115,,2640.87534,,,,0.0,,15283,,,,,1786526212.55732,,,,,
,,,,,,,,0.21325,,116,,2663.40481,,,,,,15394,,,,,1786526235.08693,,,,,
,,,,,,,,,,116,,2666.43431,,,,,,15421,,,,,1786526238.11638,0.10402,,,,
,,,,,,,,,,118,,2701.20728,,,,0.0,,15583,,,,,1786526272.88929,,,,,
,,,,,,,,0.19916,,118,,2702.21448,,,,,,15594,,,,,1786526273.89653,,,,,
,,,,,,,,,,119,,2726.64031,,,,0.0,,15727,,,,,1786526298.32223,,,,,
,,,,,,,,,,120,,2758.59096,,,,1e-05,,15935,,,,,1786526330.27277,,,,,
,,,,,,,,,,121,,2774.18401,,,,,,15984,,,,,1786526345.86606,0.06051,,,,
,,,,,,,,,,121,,2774.60949,,,,,,15988,,,,,1786526346.29136,0.06008,,,,
,,,,,,,,0.21615,,121,,2780.21847,,,,,,16042,,,,,1786526351.90047,,,,,
,,,,,,,,,,121,,2780.59419,,,,,,16045,,,,,1786526352.27626,0.11085,,,,
,,,,,,,,0.21387,,122,,2799.44358,,,,,,16126,,,,,1786526371.12547,,,,,
,,,,,,,,,,123,,2824.64633,,,,,,16249,,,,,1786526396.32823,0.11909,,,,
,,,,,,,,,,123,,2833.52207,,,,,,16324,,,,,1786526405.20408,0.06924,,,,
,,,,,,,,0.22376,,124,,2855.63502,,,,,,16426,,,,,1786526427.31712,,,,,
,,,,,,,,0.1787,,125,,2878.95902,,,,,,16562,,,,,1786526450.64111,,,,,
,,,,,,,,,,125,,2880.24549,,,,,,16576,,,,,1786526451.92758,0.05009,,,,
,,,,,,,,,,125,,2884.92553,,,,,,16629,,,,,1786526456.60739,0.09256,,,,
,,,,,,,,,,126,,2902.19491,,,,1e-05,,16687,,,,,1786526473.8768,,,,,
,,,,,,,,,,127,,2921.70335,,,,0.0,,16779,,,,,1786526493.38523,,,,,
,,,,,,,,,,128,,2943.50698,,,,,,16920,,,,,1786526515.18909,0.04923,,,,
,,,,,,,,,,128,,2944.14243,,,,0.0,,16927,,,,,1786526515.82411,,,,,
,,,,,,,,0.16798,,128,,2949.7745,,,,,,16994,,,,,1786526521.45661,,,,,
,,,,,,,,0.22544,,129,,2965.67973,,,,,,17042,,,,,1786526537.36179,,,,,
,,,,,,,,0.2258,,129,,2979.0996,,,,,,17158,,,,,1786526550.7816,,,,,
,,,,,,,,,,130,,2996.6512,,,,0.0,,17203,,,,,1786526568.33309,,,,,
,,,,,,,,,,130,,3000.41537,,,,,,17233,,,,,1786526572.09742,0.11697,,,,
,,,,,,,,,,133,,3066.88024,,,,,,17593,,,,,1786526638.56202,0.10902,,,,
,,,,,,,,0.20868,,133,,3069.78344,,,,,,17622,,,,,1786526641.4654,,,,,
,,,,,,,,,,133,,3073.32208,,,,,,17656,,,,,1786526645.00408,0.05875,,,,
,,,,,,,,,,134,,3095.0607,,,,1e-05,,17767,,,,,1786526666.74273,,,,,
,,,,,,,,,,134,,3097.78469,,,,,,17792,,,,,1786526669.4667,0.06881,,,,
,,,,,,,,0.21306,,134,,3098.81068,,,,,,17802,,,,,1786526670.49262,,,,,
,,,,,,,,,,135,,3115.79174,,,,,,17872,,,,,1786526687.47378,0.05727,,,,
,,,,,,,,,,135,,3116.92105,,,,0.0,,17883,,,,,1786526688.60288,,,,,
,,,,,,,,,,135,,3117.07865,,,,,,17885,,,,,1786526688.76041,0.09819,,,,
,,,,,,,,,,135,,3122.41298,,,,1e-05,,17939,,,,,1786526694.09496,,,,,
,,,,,,,,,,136,,3135.72265,,,,,,17972,,,,,1786526707.40472,0.05991,,,,
,,,,,,,,0.18381,,137,,3159.4157,,,,,,18122,,,,,1786526731.09782,,,,,
,,,,,,,,,,137,,3167.4606,,,,,,18208,,,,,1786526739.14261,0.05428,,,,
,,,,,,,,,,138,,3188.97104,,,,,,18317,,,,,1786526760.65295,0.10662,,,,
,,,,,,,,,,139,,3209.47339,,,,0.0,,18415,,,,,1786526781.15531,,,,,
,,,,,,,,0.18903,,140,,3238.31294,,,,,,18610,,,,,1786526809.99503,,,,,
,,,,,,,,,,141,,3250.54498,,,,,,18645,,,,,1786526822.22697,0.09172,,,,
,,,,,,,,,,141,,3250.92704,,,,,,18649,,,,,1786526822.60911,0.0919,,,,
,,,,,,,,,,141,,3256.26294,,,,,,18705,,,,,1786526827.94504,0.09251,,,,
,,,,,,,,,,142,,3273.26566,,,,,,18777,,,,,1786526844.9476,0.10802,,,,
,,,,,,,,,,142,,3274.09823,,,,,,18785,,,,,1786526845.78021,0.106,,,,
,,,,,,,,,,142,,3278.498,,,,0.0,,18827,,,,,1786526850.17917,,,,,
,,,,,,,,,,143,,3294.04371,,,,,,18897,,,,,1786526865.72565,0.09288,,,,
,,,,,,,,,,143,,3295.44987,,,,,,18912,,,,,1786526867.1319,0.05471,,,,
,,,,,,,,,,143,,3304.12839,,,,,,19004,,,,,1786526875.81041,0.06069,,,,
,,,,,,,,,,144,,3319.34565,,,,,,19052,,,,,1786526891.02759,0.05858,,,,
,,,,,,,,,,144,,3320.89422,,,,0.0,,19067,,,,,1786526892.57626,,,,,
,,,,,,,,,,144,,3324.8959,,,,0.0,,19107,,,,,1786526896.57792,,,,,
,,,,,,,,0.22554,,145,,3343.46201,,,,,,19174,,,,,1786526915.14404,,,,,
,,,,,,,,,,145,,3344.806,,,,,,19185,,,,,1786526916.48797,0.11292,,,,
,,,,,,,,,,145,,3348.84356,,,,,,19220,,,,,1786526920.52554,0.06913,,,,
,,,,,,,,,,145,,3351.1454,,,,,,19240,,,,,1786526922.82746,0.06941,,,,
,,,,,,,,,,146,,3364.11622,,,,9.25213,,19275,,,,,1786526935.79817,,,,,
,,,,,,,,,,146,,3369.52631,,,,,,19332,,,,,1786526941.20816,0.06299,,,,
,,,,,,,,0.19553,,147,,3391.0755,,,,,,19454,,,,,1786526962.75596,,,,,
,,,,,,,,,,147,,3395.53149,,,,,,19497,,,,,1786526967.21354,0.09754,,,,
,,,,,,,,,,148,,3409.79538,,,,,,19544,,,,,1786526981.47727,0.0575,,,,
,,,,,,,,,,148,,3414.39464,,,,,,19592,,,,,1786526986.07658,0.05773,,,,
,,,,,,,,,,150,,3458.38793,,,,0.0,,19855,,,,,1786527030.06989,,,,,
,,,,,,,,0.18824,,150,,3460.05677,,,,,,19874,,,,,1786527031.73882,,,,,
,,,,,,,,,,152,,3510.29874,,,,,,20165,,,,,1786527081.9808,0.11148,,,,
,,,,,,,,0.2011,,154,,3554.39121,,,,,,20342,,,,,1786527126.07324,,,,,
,,,,,,,,0.20494,,154,,3562.42509,,,,,,20422,,,,,1786527134.10701,,,,,
,,,,,,,,,,155,,3580.67803,,,,,,20496,,,,,1786527152.36014,0.06168,,,,
,,,,,,,,0.20949,,155,,3587.62594,,,,,,20562,,,,,1786527159.308,,,,,
,,,,,,,,,,157,,3627.25015,,,,0.0,,20779,,,,,1786527198.93212,,,,,
,,,,,,,,,,158,,3649.19477,,,,0.0,,20911,,,,,1786527220.87681,,,,,
,,,,,,,,,,159,,3668.61497,,,,,,20997,,,,,1786527240.29688,0.11751,,,,
,,,,,,,,,,159,,3677.73367,,,,0.0,,21075,,,,,1786527249.41571,,,,,
,,,,,,,,,,159,,3679.60853,,,,0.0,,21091,,,,,1786527251.2906,,,,,
,,,,,,,,,,159,,3682.39607,,,,1e-05,,21115,,,,,1786527254.07814,,,,,
,,,,,,,,,,160,,3693.88174,,,,,,21124,,,,,1786527265.56356,0.06052,,,,
,,,,,,,,,,160,,3695.21921,,,,,,21137,,,,,1786527266.9012,0.10396,,,,
,,,,,,,,,,160,,3706.60732,,,,,,21248,,,,,1786527278.2892,0.05965,,,,
,,,,,,,,,,161,,3721.24134,,,,,,21296,,,,,1786527292.92338,0.06903,,,,
,,,,,,,,0.20844,,161,,3722.69891,,,,,,21310,,,,,1786527294.38103,,,,,
,,,,,,,,,,162,,3740.97859,,,,,,21386,,,,,1786527312.66024,2.64963,,,,
,,,,,,,,0.2106,,163,,3773.29248,,,,,,21606,,,,,1786527344.97454,,,,,
,,,,,,,,0.21727,,163,,3776.83979,,,,,,21638,,,,,1786527348.52176,,,,,
,,,,,,,,,,164,,3796.27641,,,,,,21708,,,,,1786527367.95851,0.06795,,,,
,,,,,,,,,,165,,3815.21833,,,,,,21784,,,,,1786527386.90029,0.06243,,,,
,,,,,,,,,,165,,3826.47557,,,,,,21893,,,,,1786527398.15751,0.10133,,,,
