profiling/Time taken: DistilTrainer.vLLM.generate,train/completions/min_length,train/kl_approx,profiling/Time taken: DistilTrainer._prepare_inputs,train/completions/max_terminated_length,train/sampling/sampling_logp_difference/mean,train/completions/max_length,train/completions/min_terminated_length,profiling/Time taken: DistilTrainer._get_per_token_logps_and_entropies,_timestamp,train/loss,train/num_tokens,train/rewards,train/completions/clipped_ratio,train/sampling/importance_sampling_ratio/max,train/grad_norm,profiling/Time taken: DistilTrainer._move_model_to_vllm,train/entropy,profiling/Time taken: DistilTrainer.compute_loss,train/epoch,train/sampling/importance_sampling_ratio/mean,train/completions/mean_terminated_length,train/sampling/sampling_logp_difference/max,_step,train/global_step,train/completions/mean_length,train/sampling/importance_sampling_ratio/min,train/learning_rate,_runtime
,,,,,,,,,1786660097.92208,,,,,,,,,0.13897,,,,,158,1,,,,30.39455
,,,,,,,,0.05083,1786660112.62553,,,,,,,,,,,,,,288,2,,,,45.09805
,,,,,,,,0.05092,1786660113.90568,,,,,,,,,,,,,,304,2,,,,46.37822
,,,0.0,,,,,,1786660116.43655,,,,,,,,,,,,,,335,2,,,,48.90932
,,,,,,,,0.07287,1786660132.99215,,,,,,,,,,,,,,489,3,,,,65.46465
,,,0.0,,,,,,1786660135.04916,,,,,,,,,,,,,,515,3,,,,67.52163
,,,,,,,,0.05243,1786660160.01372,,,,,,,,,,,,,,696,5,,,,92.4862
,,,,,,,,0.05434,1786660166.15778,,,,,,,,,,,,,,768,5,,,,98.6304
,,,,,,,,,1786660174.07058,,,,,,,,,0.15462,,,,,802,6,,,,106.54305
,,,,,,,,0.07074,1786660194.15939,,,,,,,,,,,,,,989,7,,,,126.63195
,,,0.0,,,,,,1786660198.78804,,,,,,,,,,,,,,1047,7,,,,131.26051
,,,,,,,,,1786660205.65106,,,,,,,,,0.13891,,,,,1082,8,,,,138.12355
,,,,,,,,,1786660210.98925,,,,,,,,,0.14551,,,,,1150,8,,,,143.46182
,,,,,,,,,1786660214.61643,,,,,,,0.2345,,,,,,,1188,9,,,,147.08913
,,,,,,,,0.05185,1786660221.42924,,,,,,,,,,,,,,1220,9,,,,153.90179
,,,,,,,,0.0511,1786660228.94292,,,,,,,,,,,,,,1312,9,,,,161.41547
,,,,,,,,,1786660230.0757,,,,,,,0.18709,,,,,,,1320,10,,,,162.5484
,,,,,,,,0.08227,1786660257.02135,,,,,,,,,,,,,,1481,11,,,,189.49385
,,,,,,,,,1786660263.55731,,,,,,,,,0.16503,,,,,1554,11,,,,196.02982
,,,0.0,,,,,,1786660283.31376,,,,,,,,,,,,,,1671,12,,,,215.78625
,,,0.0,,,,,,1786660308.70684,,,,,,,,,,,,,,1827,13,,,,241.17937
,,,,,,,,0.08455,1786660333.34693,,,,,,,,,,,,,,1924,14,,,,265.81947
,,,,,,,,0.13545,1786660340.70055,,,,,,,,,,,,,,1977,14,,,,273.17308
,,,,,,,,0.05772,1786660357.87756,,,,,,,,,,,,,,2088,15,,,,290.35005
,,,,,,,,,1786660379.29152,,,,,,,,,0.19956,,,,,2214,16,,,,311.764
,,,,,,,,,1786660415.39732,,,,,,,,,0.15949,,,,,2394,18,,,,347.86985
,,,,,,,,0.08203,1786660418.12402,,,,,,,,,,,,,,2425,18,,,,350.59654
,,,,,,,,,1786660419.52892,,,,,,,,,0.15871,,,,,2442,18,,,,352.00139
,,,1e-05,,,,,,1786660470.6191,,,,,,,,,,,,,,2779,21,,,,403.09167
,,,,,,,,,1786660472.5855,,,,,,,,,0.16742,,,,,2802,21,,,,405.05796
,,,,,,,,0.08411,1786660473.2817,,,,,,,,,,,,,,2809,21,,,,405.75418
,,,,,,,,0.05694,1786660479.00583,,,,,,,,,,,,,,2872,21,,,,411.4785
,,,,,,,,0.05637,1786660490.81629,,,,,,,,,,,,,,2940,22,,,,423.28889
,,,,,,,,,1786660497.78206,,,,,,,,,0.16886,,,,,3018,22,,,,430.25454
,,,,,,,,0.06657,1786660525.06604,,,,,,,,,,,,,,3180,24,,,,457.53874
,,,0.0,,,,,,1786660542.45531,,,,,,,,,,,,,,3307,25,,,,474.9278
,,,,,,,,0.05998,1786660560.91324,,,,,,,,,,,,,,3476,26,,,,493.38574
,,,0.0,,,,,,1786660566.95141,,,,,,,,,,,,,,3547,26,,,,499.42391
,,,0.0,,,,,,1786660575.22682,,,,,,,,,,,,,,3587,27,,,,507.69933
,,,,,,,,0.07596,1786660575.99544,,,,,,,,,,,,,,3597,27,,,,508.46793
,,,,,,,,,1786660576.65765,,,,,,,,,0.14665,,,,,3606,27,,,,509.13014
,,,,,,,,0.0912,1786660633.01543,,,,,,,,,,,,,,3908,29,,,,565.48792
,,,,,,,,,1786660647.32605,,,,,,,,,0.17899,,,,,3966,30,,,,579.7986
,,,,,,,,0.06022,1786660656.59847,,,,,,,,,,,,,,4064,30,,,,589.07116
,,,,,,,,0.07617,1786660676.50142,,,,,,,,,,,,,,4156,31,,,,608.97392
,,,,,,,,,1786660677.62222,,,,,,,,,0.22941,,,,,4166,31,,,,610.0947
5.78582,,,,,,,,,1786660691.2328,,,,,,,,,,,,,,4225,32,,,,623.70563
,,,,,,,,,1786660729.09366,,,,,,,,,0.17271,,,,,4486,33,,,,661.5662
,,,,,,,,0.05619,1786660743.15172,,,,,,,,,,,,,,4580,34,,,,675.62425
,,,,,,,,0.08187,1786660743.2339,,,,,,,,,,,,,,4581,34,,,,675.70641
,,,0.0,,,,,,1786660758.36627,,,,,,,,,,,,,,4695,35,,,,690.83878
,,,0.0,,,,,,1786660758.70586,,,,,,,,,,,,,,4699,35,,,,691.17844
,,,,,,,,0.05296,1786660761.13592,,,,,,,,,,,,,,4728,35,,,,693.60842
,,,,,,,,0.0547,1786660771.25707,,,,,,,,,,,,,,4780,36,,,,703.72955
,,,,,,,,,1786660780.1314,,,,,,,,,0.16279,,,,,4882,36,,,,712.60386
,,,,,,,,0.06281,1786660793.5139,,,,,,,,,,,,,,4944,37,,,,725.98662
,,,,,,,,,1786660826.94761,,,,,,,,,0.20541,,,,,5166,39,,,,759.42009
,,,0.0,,,,,,1786660838.87286,,,,,,,,,,,,,,5275,39,,,,771.34543
,,,,,,,,,1786660869.01211,,,,,,,,,0.2055,,,,,5434,41,,,,801.48458
,,,,,,,,,1786660875.08256,,,,,,,,,0.20332,,,,,5490,41,,,,807.55504
,,,,,,,,,1786660928.57946,,,,,,,,,0.15241,,,,,5910,44,,,,861.05193
,,,,,,,,0.08363,1786660966.01097,,,,,,,,,,,,,,6165,46,,,,898.48354
,,,,,,,,0.09082,1786660998.77421,,,,,,,,,,,,,,6389,48,,,,931.24682
,,,1e-05,,,,,,1786661019.45096,,,,,,,,,,,,,,6515,49,,,,951.92346
,,,0.0,,,,,,1786661045.5416,,,,,,,,,,,,,,6675,50,,,,978.01415
,,,7.72958,,,,,,1786661098.0398,,,,,,,,,,,,,,6999,53,,,,1030.5124
,,,0.0,,,,,,1786661117.68948,,,,,,,,,,,,,,7139,54,,,,1050.16201
,,,,,,,,0.05464,1786661119.80305,,,,,,,,,,,,,,7164,54,,,,1052.27556
,34.0,0.15486,,251.0,0.01653,251.0,34.0,,1786661128.05027,0.1296,1240567.0,0.0,0.0,1.40596,0.19546,,0.47179,,0.44715,0.99923,107.09375,0.34072,7259,55,107.09375,0.73839,0.0001,1060.52289
,,,,,,,,0.07492,1786661143.11064,,,,,,,,,,,,,,7296,55,,,,1075.58326
,,,,,,,,,1786661144.22538,,,,,,,,,0.23489,,,,,7306,55,,,,1076.69787
,,,,,,,,0.11938,1786661151.94448,,,,,,,,,,,,,,7369,55,,,,1084.41706
,,,0.0,,,,,,1786661177.60824,,,,,,,,,,,,,,7483,56,,,,1110.08075
,,,,,,,,,1786661208.33304,,,,,,,,,0.15012,,,,,7670,58,,,,1140.80554
,,,,,,,,,1786661244.46532,,,,,,,,,0.15892,,,,,7946,60,,,,1176.93782
,,,,,,,,,1786661244.81001,,,,,,,,,0.15685,,,,,7950,60,,,,1177.28247
,,,,,,,,0.09421,1786661263.69918,,,,,,,,,,,,,,8077,61,,,,1196.17174
,,,,,,,,,1786661299.5065,,,,,,,,,0.25594,,,,,8290,62,,,,1231.97899
,,,,,,,,0.10017,1786661311.63797,,,,,,,,,,,,,,8325,63,,,,1244.11046
,,,,,,,,,1786661312.96083,,,,,,,,,0.20005,,,,,8338,63,,,,1245.43331
,,,,,,,,,1786661313.38847,,,,,,,,,0.19851,,,,,8342,63,,,,1245.86096
,,,,,,,,0.07452,1786661330.43366,,,,,,,,,,,,,,8453,64,,,,1262.90618
,,,,,,,,0.07706,1786661337.20192,,,,,,,,,,,,,,8533,64,,,,1269.67441
,,,,,,,,0.0769,1786661338.89089,,,,,,,,,,,,,,8553,64,,,,1271.36338
,,,1e-05,,,,,,1786661356.82913,,,,,,,,,,,,,,8615,65,,,,1289.30198
,,,,,,,,0.10008,1786661428.51166,,,,,,,,,,,,,,9117,69,,,,1360.98415
,,,,,,,,0.09991,1786661429.79039,,,,,,,,,,,,,,9129,69,,,,1362.26288
,,,,,,,,,1786661434.49718,,,,,,,,,0.19923,,,,,9174,69,,,,1366.96967
,,,,,,,,0.06652,1786661440.72887,,,,,,,,,,,,,,9232,69,,,,1373.20136
,,,,,,,,0.10394,1786661450.67244,,,,,,,,,,,,,,9245,70,,,,1383.14497
,,,,,,,,0.07009,1786661456.29587,,,,,,,,,,,,,,9296,70,,,,1388.76842
,,,,,,,,,1786661483.28376,,,,,,,,,0.17384,,,,,9502,71,,,,1415.75624
,,,,,,,,0.13784,1786661496.48305,,,,,,,,,,,,,,9509,72,,,,1428.95574
,,,1e-05,,,,,,1786661507.35046,,,,,,,,,,,,,,9583,72,,,,1439.82331
,,,,,,,,,1786661568.40882,,,,,,,,,0.19892,,,,,9938,75,,,,1500.8813
,,,,,,,,0.0656,1786661569.96338,,,,,,,,,,,,,,9952,75,,,,1502.43587
,,,,,,,,0.0666,1786661575.84606,,,,,,,,,,,,,,10008,75,,,,1508.31853
,,,,,,,,,1786661577.23674,,,,,,,,,0.19618,,,,,10022,75,,,,1509.70921
,,,0.0,,,,,,1786661606.19976,,,,,,,,,,,,,,10187,77,,,,1538.67251
,,,,,,,,0.10803,1786661629.35607,,,,,,,,,,,,,,10329,78,,,,1561.82857
,,,0.0,,,,,,1786661653.12875,,,,,,,,,,,,,,10515,79,,,,1585.60124
,,,,,,,,,1786661668.1381,,,,,,,,,0.17536,,,,,10610,80,,,,1600.61058
,,,,,,,,,1786661684.41958,,,,,,,,,0.19872,,,,,10698,81,,,,1616.89206
,,,,,,,,0.10006,1786661690.76947,,,,,,,,,,,,,,10757,81,,,,1623.24197
,,,0.0,,,,,,1786661747.53739,,,,,,,,,,,,,,11099,84,,,,1680.0099
,,,,,,,,,1786661749.74339,,,,,,,,,0.18906,,,,,11122,84,,,,1682.21597
,,,0.0,,,,,,1786661823.88277,,,,,,,,,,,,,,11519,87,,,,1756.35528
,,,,,,,,0.06455,1786661828.10087,,,,,,,,,,,,,,11560,87,,,,1760.57336
,,,,,,,,0.09908,1786661874.64868,,,,,,,,,,,,,,11877,89,,,,1807.12118
,,,,,,,,,1786661886.33922,,,,,,,,,0.21541,,,,,11902,90,,,,1818.81187
,,,0.0,,,,,,1786661915.42684,,,,,,,,,,,,,,12131,91,,,,1847.89931
,,,,,,,,0.09655,1786661928.42005,,,,,,,,,,,,,,12189,92,,,,1860.89265
,,,,,,,,,1786661935.74521,,,,,,,,,0.18892,,,,,12262,92,,,,1868.21769
,,,,,,,,,1786661948.66768,,,,,,,,,0.16374,,,,,12338,93,,,,1881.14015
,,,,,,,,0.05437,1786661954.1987,,,,,,,,,,,,,,12400,93,,,,1886.67119
4.92933,,,,,,,,,1786661960.31487,,,,,,,,,,,,,,12409,94,,,,1892.7879
,,,,,,,,0.07162,1786661970.96209,,,,,,,,,,,,,,12472,94,,,,1903.4346
,,,0.0,,,,,,1786661990.12239,,,,,,,,,,,,,,12571,95,,,,1922.5949
,,,,,,,,0.06504,1786662012.06666,,,,,,,,,,,,,,12708,96,,,,1944.53931
,,,,,,,,3.62565,1786662032.52166,,,,,,,,,,,,,,12806,97,,,,1964.9951
,,,,,,,,0.07696,1786662042.71091,,,,,,,,,,,,,,12888,97,,,,1975.18348
,,,,,,,,,1786662043.86927,,,,,,,,,0.23637,,,,,12898,97,,,,1976.34179
,,,,,,,,,1786662044.37026,,,,,,,,,0.23498,,,,,12902,97,,,,1976.84273
,,,0.0,,,,,,1786662044.63408,,,,,,,,,,,,,,12903,97,,,,1977.10656
4.42193,,,,,,,,,1786662053.62828,,,,,,,,,,,,,,12937,98,,,,1986.10161
,,,,,,,,0.06705,1786662058.16023,,,,,,,,,,,,,,12948,98,,,,1990.63276
,,,,,,,,,1786662105.60879,,,,,,,,,0.16594,,,,,13254,100,,,,2038.08126
,,,,,,,,,1786662109.93287,,,,,,,,,0.16902,,,,,13302,100,,,,2042.40541
,,,0.0,,,,,,1786662148.10798,,,,,,,,,,,,,,13551,102,,,,2080.58055
,,,,,,,,0.08905,1786662150.84511,,,,,,,,,,,,,,13581,102,,,,2083.31761
,,,,,,,,0.05889,1786662160.33511,,,,,,,,,,,,,,13612,103,,,,2092.80772
,,,,,,,,,1786662163.42883,,,,,,,,,0.17391,,,,,13646,103,,,,2095.9013
,,,,,,,,0.13962,1786662198.05809,,,,,,,,,,,,,,13829,104,,,,2130.5306
,,,,,,,,0.10818,1786662216.00831,,,,,,,,,,,,,,13897,105,,,,2148.4809
,,,0.0,,,,,,1786662301.72292,,,,,,,,,,,,,,14439,109,,,,2234.19542
,,,,,,,,0.06777,1786662304.01393,,,,,,,,,,,,,,14460,109,,,,2236.48642
,,,,,,,,,1786662311.19368,,,,,,,0.1889,,,,,,,14520,110,,,,2243.66633
,,,,,,,,,1786662319.40748,,,,,,,,,0.1696,,,,,14550,110,,,,2251.8801
,,,,,,,,0.05736,1786662321.12518,,,,,,,,,,,,,,14568,110,,,,2253.59767
,,,0.0,,,,,,1786662321.4299,,,,,,,,,,,,,,14571,110,,,,2253.90239
,,,,,,,,,1786662327.40614,,,,,,,,,0.17164,,,,,14638,110,,,,2259.87862
,,,,,,,,0.06882,1786662356.77439,,,,,,,,,,,,,,14788,112,,,,2289.24694
,,,0.0,,,,,,1786662357.13878,,,,,,,,,,,,,,14791,112,,,,2289.6113
,,,,,,,,0.07695,1786662389.07976,,,,,,,,,,,,,,14992,113,,,,2321.55235
,,,0.0,,,,,,1786662404.74355,,,,,,,,,,,,,,15071,114,,,,2337.21605
,,,0.0,,,,,,1786662410.01731,,,,,,,,,,,,,,15127,114,,,,2342.48985
,,,,,,,,0.06803,1786662425.13809,,,,,,,,,,,,,,15196,115,,,,2357.61078
,,,0.0,,,,,,1786662434.66987,,,,,,,,,,,,,,15283,115,,,,2367.14239
,,,,,,,,,1786662461.75333,,,,,,,,,0.27637,,,,,15394,116,,,,2394.22591
,,,,,,,,0.13903,1786662465.76416,,,,,,,,,,,,,,15421,116,,,,2398.23671
,,,,,,,,,1786662492.42299,,,,,,,,,0.17556,,,,,15594,118,,,,2424.89547
,,,,,,,,0.05725,1786662548.93366,,,,,,,,,,,,,,15984,121,,,,2481.40621
,,,,,,,,0.05756,1786662549.29322,,,,,,,,,,,,,,15988,121,,,,2481.76572
,,,,,,,,,1786662554.14996,,,,,,,,,0.16917,,,,,16042,121,,,,2486.62243
,,,,,,,,,1786662570.44256,,,,,,,,,0.20427,,,,,16126,122,,,,2502.91504
,,,,,,,,0.10223,1786662592.388,,,,,,,,,,,,,,16249,123,,,,2524.86051
,,,,,,,,0.06905,1786662600.57536,,,,,,,,,,,,,,16324,123,,,,2533.04792
,,,,,,,,,1786662619.48632,,,,,,,,,0.1961,,,,,16426,124,,,,2551.95882
,,,,,,,,,1786662639.3419,,,,,,,,,0.17241,,,,,16562,125,,,,2571.81435
,,,,,,,,0.05704,1786662640.70572,,,,,,,,,,,,,,16576,125,,,,2573.17828
,,,,,,,,0.08546,1786662645.60657,,,,,,,,,,,,,,16629,125,,,,2578.07906
,,,0.0,,,,,,1786662658.54147,,,,,,,,,,,,,,16687,126,,,,2591.01407
,,,0.0,,,,,,1786662676.66883,,,,,,,,,,,,,,16779,127,,,,2609.1414
,,,,,,,,0.08087,1786662703.24737,,,,,,,,,,,,,,16920,128,,,,2635.71993
,,,,,,,,,1786662712.79569,,,,,,,,,0.24728,,,,,16994,128,,,,2645.26816
,,,,,,,,,1786662728.85126,,,,,,,,,0.22579,,,,,17042,129,,,,2661.32374
,,,,,,,,,1786662742.74147,,,,,,,,,0.22715,,,,,17158,129,,,,2675.21397
,,,0.0,,,,,,1786662752.54169,,,,,,,,,,,,,,17203,130,,,,2685.01428
,,,,,,,,0.08427,1786662755.10642,,,,,,,,,,,,,,17233,130,,,,2687.57894
,,,,,,,,0.08948,1786662813.79326,,,,,,,,,,,,,,17593,133,,,,2746.26574
,,,,,,,,0.05877,1786662819.76463,,,,,,,,,,,,,,17656,133,,,,2752.23711
,,,1e-05,,,,,,1786662843.32389,,,,,,,,,,,,,,17767,134,,,,2775.79654
,,,,,,,,0.08143,1786662846.53491,,,,,,,,,,,,,,17792,134,,,,2779.0075
,,,,,,,,,1786662847.73296,,,,,,,,,0.24328,,,,,17802,134,,,,2780.20543
,,,,,,,,0.09437,1786662863.89362,,,,,,,,,,,,,,17885,135,,,,2796.3661
,,,0.0,,,,,,1786662869.3844,,,,,,,,,,,,,,17939,135,,,,2801.85694
,,,,,,,,0.0694,1786662882.69631,,,,,,,,,,,,,,17972,136,,,,2815.16896
,,,1e-05,,,,,,1786662957.04522,,,,,,,,,,,,,,18415,139,,,,2889.51794
,,,,,,,,,1786662985.4362,,,,,,,,,0.19869,,,,,18610,140,,,,2917.90866
,,,,,,,,0.12155,1786663001.15712,,,,,,,,,,,,,,18649,141,,,,2933.62966
,,,,,,,,0.12214,1786663008.43659,,,,,,,,,,,,,,18705,141,,,,2940.90936
,,,,,,,,0.09238,1786663023.771,,,,,,,,,,,,,,18777,142,,,,2956.24348
,,,,,,,,0.0939,1786663024.5431,,,,,,,,,,,,,,18785,142,,,,2957.01562
,,,0.0,,,,,,1786663028.62767,,,,,,,,,,,,,,18827,142,,,,2961.10018
,,,,,,,,0.09599,1786663043.01513,,,,,,,,,,,,,,18897,143,,,,2975.48769
,,,,,,,,0.0654,1786663044.56746,,,,,,,,,,,,,,18912,143,,,,2977.03994
,,,,,,,,0.06883,1786663068.20464,,,,,,,,,,,,,,19052,144,,,,3000.6772
,,,0.0,,,,,,1786663069.90475,,,,,,,,,,,,,,19067,144,,,,3002.37729
,,,0.0,,,,,,1786663074.32323,,,,,,,,,,,,,,19107,144,,,,3006.79572
,,,,,,,,0.10321,1786663091.63317,,,,,,,,,,,,,,19185,145,,,,3024.10568
,,,,,,,,0.06979,1786663095.52122,,,,,,,,,,,,,,19220,145,,,,3027.99372
,,,,,,,,0.06863,1786663097.72548,,,,,,,,,,,,,,19240,145,,,,3030.19799
,,,,,,,,0.0607,1786663113.71654,,,,,,,,,,,,,,19332,146,,,,3046.18908
,,,,,,,,0.10246,1786663139.55458,,,,,,,,,,,,,,19497,147,,,,3072.02706
,,,,,,,,0.06911,1786663153.27035,,,,,,,,,,,,,,19544,148,,,,3085.74286
,,,,,,,,0.07006,1786663158.50599,,,,,,,,,,,,,,19592,148,,,,3090.97855
,,,0.0,,,,,,1786663205.23449,,,,,,,,,,,,,,19855,150,,,,3137.70699
,,,,,,,,,1786663207.18392,,,,,,,,,0.20443,,,,,19874,150,,,,3139.6564
,,,,,,,,0.11027,1786663259.72075,,,,,,,,,,,,,,20165,152,,,,3192.19324
,,,,,,,,,1786663295.47076,,,,,,,,,0.2226,,,,,20342,154,,,,3227.94324
,,,,,,,,,1786663304.84954,,,,,,,,,0.22443,,,,,20422,154,,,,3237.32204
,,,,,,,,,1786663336.23729,,,,,,,,,0.27656,,,,,20562,155,,,,3268.70981
,,,0.0,,,,,,1786663378.51728,,,,,,,,,,,,,,20779,157,,,,3310.98983
,,,,,,,,0.06874,1786663413.30366,,,,,,,,,,,,,,20997,159,,,,3345.77616
,,,0.0,,,,,,1786663420.79707,,,,,,,,,,,,,,21075,159,,,,3353.26971
,,,0.0,,,,,,1786663424.61933,,,,,,,,,,,,,,21115,159,,,,3357.09195
,,,,,,,,3.34947,1786663480.13558,,,,,,,,,,,,,,21386,162,,,,3412.60913
,,,,,,,,,1786663512.6565,,,,,,,,,0.18824,,,,,21606,163,,,,3445.12898
,,,,,,,,,1786663516.15239,,,,,,,,,0.21007,,,,,21638,163,,,,3448.6249
,,,,,,,,0.0672,1786663531.94986,,,,,,,,,,,,,,21708,164,,,,3464.42234
,,,,,,,,0.05979,1786663545.78714,,,,,,,,,,,,,,21784,165,,,,3478.25974
,,,,,,,,0.06567,1786663596.17168,,,,,,,,,,,,,,22076,167,,,,3528.64417
,,,,,,,,,1786663600.87201,,,,,,,,,0.19356,,,,,22122,167,,,,3533.34447
,,,0.0,,,,,,1786663606.02507,,,,,,,,,,,,,,22171,167,,,,3538.49756
,,,,,,,,0.07402,1786663647.35854,,,,,,,,,,,,,,22364,169,,,,3579.83105
,,,,,,,,0.07399,1786663655.81501,,,,,,,,,,,,,,22436,169,,,,3588.28752
,,,,,,,,,1786663669.78717,,,,,,,,,0.22333,,,,,22470,170,,,,3602.25962
,,,,,,,,,1786663677.35964,,,,,,,,,0.22281,,,,,22534,170,,,,3609.83212
,,,,,,,,0.1117,1786663679.21544,,,,,,,,,,,,,,22549,170,,,,3611.68794
,,,,,,,,0.06775,1786663699.69839,,,,,,,,,,,,,,22652,171,,,,3632.17091
,,,,,,,,0.06641,1786663713.30769,,,,,,,,,,,,,,22713,172,,,,3645.78026
,,,,,,,,,1786663717.34179,,,,,,,,,0.17754,,,,,22754,172,,,,3649.81426
,,,0.0,,,,,,1786663722.16292,,,,,,,,,,,,,,22803,172,,,,3654.63542
,,,,,,,,0.12725,1786663747.80849,,,,,,,,,,,,,,22917,173,,,,3680.28101
,,,,,,,,0.05985,1786663768.82493,,,,,,,,,,,,,,23044,174,,,,3701.29747
,,,,,,,,0.06995,1786663783.82751,,,,,,,,,,,,,,23108,175,,,,3716.30009
,,,,,,,,,1786663787.06881,,,,,,,,,0.21122,,,,,23138,175,,,,3719.54149
,,,,,,,,0.07847,1786663834.56245,,,,,,,,,,,,,,23424,177,,,,3767.03516
,,,,,,,,0.06483,1786663882.39095,,,,,,,,,,,,,,23716,179,,,,3814.86345
,,,,,,,,,1786663901.44279,,,,,,,,,0.2097,,,,,23814,180,,,,3833.91527
,,,0.0,,,,,,1786663906.08854,,,,,,,,,,,,,,23855,180,,,,3838.56125
,,,,,,,,0.06527,1786663938.3421,,,,,,,,,,,,,,24052,182,,,,3870.81464
,,,,,,,,0.06632,1786663940.01521,,,,,,,,,,,,,,24068,182,,,,3872.48775
,,,,,,,,,1786663942.25205,,,,,,,,,0.20036,,,,,24090,182,,,,3874.72458
,,,,,,,,0.06539,1786663946.31817,,,,,,,,,,,,,,24128,182,,,,3878.79068
,,,,,,,,,1786663968.82275,,,,,,,,,0.25728,,,,,24214,183,,,,3901.2953
,,,1e-05,,,,,,1786663972.96584,,,,,,,,,,,,,,24243,183,,,,3905.43854
,,,0.0,,,,,,1786664061.60025,,,,,,,,,,,,,,24659,186,,,,3994.07273
,,,,,,,,0.06652,1786664075.92968,,,,,,,,,,,,,,24716,187,,,,4008.40217
,,,,,,,,,1786664079.42613,,,,,,,,,0.19936,,,,,24750,187,,,,4011.89861
,,,,,,,,0.09972,1786664084.50505,,,,,,,,,,,,,,24797,187,,,,4016.97755
,,,,,,,,0.0942,1786664128.71499,,,,,,,,,,,,,,25073,189,,,,4061.18747
,,,0.0,,,,,,1786664138.26885,,,,,,,,,,,,,,25087,190,,,,4070.74135
,,,,,,,,0.10008,1786664143.12626,,,,,,,,,,,,,,25133,190,,,,4075.59875
,,,,,,,,0.06628,1786664145.15958,,,,,,,,,,,,,,25152,190,,,,4077.63208
,,,0.0,,,,,,1786664145.92899,,,,,,,,,,,,,,25159,190,,,,4078.4015
,,,,,,,,0.05787,1786664166.07042,,,,,,,,,,,,,,25292,191,,,,4098.54296
,,,,,,,,0.11681,1786664195.04316,,,,,,,,,,,,,,25457,192,,,,4127.51573
,,,,,,,,0.11775,1786664196.01167,,,,,,,,,,,,,,25465,192,,,,4128.48419
,,,0.0,,,,,,1786664246.03665,,,,,,,,,,,,,,25727,194,,,,4178.50922
,,,0.0,,,,,,1786664246.57878,,,,,,,,,,,,,,25731,194,,,,4179.05137
,,,,,,,,0.09377,1786664255.47646,,,,,,,,,,,,,,25745,195,,,,4187.94907
,,,,,,,,,1786664282.10531,,,,,,,,,0.2601,,,,,25886,196,,,,4214.57785
,,,,,,,,0.07474,1786664339.78874,,,,,,,,,,,,,,26152,198,,,,4272.26129
,,,0.0,,,,,,1786664394.95988,,,,,,,,,,,,,,26471,200,,,,4327.43244
5.10382,,,,,,,,,1786664407.76816,,,,,,,,,,,,,,26533,201,,,,4340.24151
,,,,,,,,0.06521,1786664458.03601,,,,,,,,,,,,,,26828,203,,,,4390.50854
,,,,,,,,0.06528,1786664462.56809,,,,,,,,,,,,,,26872,203,,,,4395.04065
,,,0.0,,,,,,1786664480.81652,,,,,,,,,,,,,,26967,204,,,,4413.28905
,,,,,,,,0.08851,1786664528.86202,,,,,,,,,,,,,,27225,206,,,,4461.33452
,,,0.0,,,,,,1786664553.38771,,,,,,,,,,,,,,27351,207,,,,4485.86028
,,,,,,,,,1786664578.93532,,,,,,,,,0.19416,,,,,27494,208,,,,4511.40784
,,,,,,,,0.09847,1786664585.97135,,,,,,,,,,,,,,27561,208,,,,4518.44409
,,,0.0,,,,,,1786664597.89195,,,,,,,,,,,,,,27595,209,,,,4530.36449
,,,,,,,,0.10162,1786664602.38122,,,,,,,,,,,,,,27637,209,,,,4534.85372
,,,,,,,,0.12578,1786664631.67845,,,,,,,,,,,,,,27789,210,,,,4564.15096
,,,0.0,,,,,,1786664650.42426,,,,,,,,,,,,,,27859,211,,,,4582.89677
,,,,,,,,0.0767,1786664653.41103,,,,,,,,,,,,,,27884,211,,,,4585.88355
,,,,,,,,,1786664661.79003,,,,,,,,,0.23153,,,,,27954,211,,,,4594.26257
,,,,,,,,0.07724,1786664664.07096,,,,,,,,,,,,,,27972,211,,,,4596.54359
,,,0.0,,,,,,1786664698.47239,,,,,,,,,,,,,,28151,213,,,,4630.94487
,,,1e-05,,,,,,1786664780.54929,,,,,,,,,,,,,,28579,216,,,,4713.02193
,,,,,,,,0.08111,1786664783.22183,,,,,,,,,,,,,,28600,216,,,,4715.6944
,,,,,,,,,1786664841.2783,,,,,,,,,0.27482,,,,,28894,218,,,,4773.75081
,,,,,,,,,1786664877.615,,,,,,,,,0.21583,,,,,29046,220,,,,4810.0875
,,,0.0,,,,,,1786664901.54308,,,,,,,,,,,,,,29179,221,,,,4834.01564
,,,,,,,,0.10908,1786664908.1924,,,,,,,,,,,,,,29237,221,,,,4840.66491
,40.0,0.0792,,650.0,0.01787,650.0,40.0,,1786664915.85857,0.0627,5266305.0,0.0,0.0,1.31175,0.16772,,0.53625,,1.80488,0.99965,171.5,0.34097,29303,222,171.5,0.71108,0.0,4848.33116
,,,0.0,,,,,,1786664932.1478,,,,,,,,,,,,,,29387,222,,,,4864.62035
,,,,,,,,,1786664952.31867,,,,,,,,,0.22989,,,,,29478,223,,,,4884.79127
,,,,,,,,0.06916,1786664973.02034,,,,,,,,,,,,,,29580,224,,,,4905.49285
,,,,,,,,,1786664980.58715,,,,,,,,,0.20336,,,,,29650,224,,,,4913.05965
,,,,,,,,0.10818,1786665005.46604,,,,,,,,,,,,,,29789,225,,,,4937.93853
,,,,,,,,0.06497,1786665074.19173,,,,,,,,,,,,,,30108,228,,,,5006.66424
,,,0.0,,,,,,1786665133.7374,,,,,,,,,,,,,,30463,230,,,,5066.20991
,,,,,,,,0.06858,1786665149.94398,,,,,,,,,,,,,,30532,231,,,,5082.41647
,,,,,,,,0.11521,1786665183.98145,,,,,,,,,,,,,,30737,232,,,,5116.45393
,,,1e-05,,,,,,1786665197.72182,,,,,,,,,,,,,,30795,233,,,,5130.1946
,,,,,,,,0.06082,1786665199.77548,,,,,,,,,,,,,,30816,233,,,,5132.24798
,,,,,,,,,1786665199.90505,,,,,,,,,0.19059,,,,,30818,233,,,,5132.37753
,,,,,,,,0.08112,1786665221.71736,,,,,,,,,,,,,,30916,234,,,,5154.18988
,,,0.0,,,,,,1786665255.34206,,,,,,,,,,,,,,31075,235,,,,5187.81466
,,,,,,,,0.09991,1786665280.26404,,,,,,,,,,,,,,31209,236,,,,5212.73653
,,,,,,,,0.06761,1786665283.15775,,,,,,,,,,,,,,31236,236,,,,5215.63026
,,,,,,,,0.09685,1786665300.37,,,,,,,,,,,,,,31329,237,,,,5232.84248
,,,0.0,,,,,,1786665302.68018,,,,,,,,,,,,,,31351,237,,,,5235.1527
,,,,,,,,,1786665396.66925,,,,,,,,,0.2101,,,,,31890,241,,,,5329.14175
,,,,,,,,0.09471,1786665411.91492,,,,,,,,,,,,,,31965,242,,,,5344.38743
,,,,,,,,,1786665415.88475,,,,,,,,,0.18594,,,,,32006,242,,,,5348.35722
,,,,,,,,0.10932,1786665498.59913,,,,,,,,,,,,,,32425,245,,,,5431.07182
