profiling/Time taken: DistilTrainer.compute_loss,train/grad_norm,train/loss,train/kl_approx,train/num_tokens,train/global_step,train/rewards,profiling/Time taken: DistilTrainer._get_per_token_logps_and_entropies,train/completions/min_length,train/entropy,train/sampling/sampling_logp_difference/max,train/sampling/sampling_logp_difference/mean,train/sampling/importance_sampling_ratio/max,train/completions/clipped_ratio,train/sampling/importance_sampling_ratio/min,train/completions/max_terminated_length,train/completions/mean_terminated_length,_step,profiling/Time taken: DistilTrainer._move_model_to_vllm,profiling/Time taken: DistilTrainer.vLLM.generate,_timestamp,train/epoch,profiling/Time taken: DistilTrainer._prepare_inputs,train/completions/max_length,train/sampling/importance_sampling_ratio/mean,_runtime,train/completions/min_terminated_length,train/learning_rate,train/completions/mean_length
0.17992,,,,,1,,,,,,,,,,,,158,,,1786685144.94862,,,,,38.78321,,,
0.18263,,,,,2,,,,,,,,,,,,270,,,1786685162.77524,,,,,56.60982,,,
,,,,,2,,0.04897,,,,,,,,,,288,,,1786685164.5583,,,,,58.39286,,,
,,,,,2,,0.04898,,,,,,,,,,304,,,1786685165.92696,,,,,59.76149,,,
,,,,,2,,,,,,,,,,,,335,,,1786685168.60903,,0.0,,,62.44365,,,
0.18476,,,,,3,,,,,,,,,,,,418,,,1786685183.7808,,,,,77.61532,,,
,,,,,3,,,,,,,,,,,,451,,,1786685187.13061,,0.0,,,80.96521,,,
,,,,,3,,0.09087,,,,,,,,,,473,,,1786685189.23247,,,,,83.06703,,,
,,,,,3,,0.09123,,,,,,,,,,489,,,1786685190.80068,,,,,84.63524,,,
,,,,,3,,,,,,,,,,,,515,,,1786685193.39812,,0.0,,,87.23272,,,
,,,,,5,,0.05232,,,,,,,,,,696,,,1786685228.15677,,,,,121.99135,,,
,,,,,5,,0.05264,,,,,,,,,,712,,,1786685229.6187,,,,,123.45324,,,
,,,,,5,,0.05192,,,,,,,,,,736,,,1786685231.80254,,,,,125.63712,,,
,,,,,5,,0.05885,,,,,,,,,,768,,,1786685234.72091,,,,,128.55556,,,
0.22844,,,,,6,,,,,,,,,,,,802,,,1786685248.51677,,,,,142.35138,,,
0.2293,,,,,6,,,,,,,,,,,,898,,,1786685260.05282,,,,,153.88736,,,
,,,,,7,,0.12158,,,,,,,,,,929,,,1786685273.80263,,,,,167.63722,,,
,,,,,7,,0.1113,,,,,,,,,,989,,,1786685280.54221,,,,,174.37678,,,
,,,,,7,,,,,,,,,,,,1047,,,1786685287.11542,,0.0,,,180.94996,,,
,,,,,8,,0.09263,,,,,,,,,,1069,,,1786685298.28214,,,,,192.11668,,,
0.1881,,,,,8,,,,,,,,,,,,1082,,,1786685299.48673,,,,,193.32126,,,
0.18686,,,,,8,,,,,,,,,,,,1150,,,1786685306.143,,,,,199.97751,,,
,,,,,9,,,,,,,,,,,,1188,0.18067,,1786685310.40105,,,,,204.23568,,,
,,,,,9,,0.06648,,,,,,,,,,1220,,,1786685324.17369,,,,,218.00827,,,
,,,,,9,,0.06725,,,,,,,,,,1312,,,1786685334.21711,,,,,228.05167,,,
,,,,,10,,,,,,,,,,,,1320,0.18154,,1786685335.56411,,,,,229.39875,,,
,,,,,11,,0.09478,,,,,,,,,,1481,,,1786685372.9282,,,,,266.76277,,,
0.18089,,,,,11,,,,,,,,,,,,1554,,,1786685379.31161,,,,,273.14616,,,
,,,,,12,,,,,,,,,,,,1671,,,1786685401.43996,,0.0,,,295.27451,,,
,,,,,13,,0.10284,,,,,,,,,,1741,,,1786685418.13216,,,,,311.96676,,,
,,,,,13,,,,,,,,,,,,1827,,,1786685427.20891,,0.0,,,321.04375,,,
,,,,,14,,0.06425,,,,,,,,,,1924,,,1786685447.95219,,,,,341.78673,,,
,,,,,14,,,,,,,,,,,,1943,,,1786685450.06806,,0.0,,,343.90268,,,
,,,,,14,,0.11022,,,,,,,,,,1977,,,1786685453.72431,,,,,347.55887,,,
,,,,,15,,0.05263,,,,,,,,,,2032,,,1786685467.85053,,,,,361.68506,,,
,,,,,15,,0.05308,,,,,,,,,,2088,,,1786685473.06457,,,,,366.89909,,,
,,,,,16,,0.10084,,,,,,,,,,2121,,,1786685485.15695,,,,,378.99151,,,
0.19602,,,,,16,,,,,,,,,,,,2214,,,1786685494.40054,,,,,388.23508,,,
0.20006,,,,,18,,,,,,,,,,,,2394,,,1786685528.70891,,,,,422.54346,,,
,,,,,18,,0.09971,,,,,,,,,,2425,,,1786685532.01363,,,,,425.8482,,,
,,,,,18,,0.06557,,,,,,,,,,2436,,,1786685533.17088,,,,,427.00556,,,
0.20033,,,,,18,,,,,,,,,,,,2442,,,1786685533.7231,,,,,427.5576,,,
0.19909,,,,,19,,,,,,,,,,,,2610,,,1786685561.02168,,,,,454.85618,,,
0.17875,,,,,20,,,,,,,,,,,,2742,,,1786685581.20191,,,,,475.03643,,,
,,,,,20,,0.05189,,,,,,,,,,2748,,,1786685581.79141,,,,,475.62595,,,
,,,,,21,,,,,,,,,,,,2779,,,1786685592.90736,,0.0,,,486.74194,,,
0.17869,,,,,21,,,,,,,,,,,,2802,,,1786685594.88226,,,,,488.71685,,,
,,,,,21,,0.08993,,,,,,,,,,2809,,,1786685595.56535,,,,,489.40014,,,
,,,,,21,,0.05158,,,,,,,,,,2872,,,1786685601.22622,,,,,495.06081,,,
,,,,,22,,,,,,,,,,,,2927,,,1786685615.06244,,0.0,,,508.89705,,,
,,,,,22,,0.05809,,,,,,,,,,2940,,,1786685616.29237,,,,,510.12694,,,
0.18846,,,,,22,,,,,,,,,,,,3018,,,1786685623.87624,,,,,517.71087,,,
,,,,,24,,0.06012,,,,,,,,,,3180,,,1786685658.58313,,,,,552.41774,,,
,,,,,25,,,,,,,,,,,,3307,,,1786685680.61308,,0.0,,,574.44764,,,
,,,,,26,,0.0657,,,,,,,,,,3476,,,1786685709.1406,,,,,602.97517,,,
,,,,,26,,0.11184,,,,,,,,,,3545,,,1786685716.728,,,,,610.56255,,,
,,,,,26,,,,,,,,,,,,3547,,,1786685716.98636,,0.0,,,610.82097,,,
,,,,,27,,,,,,,,,,,,3587,,,1786685732.03512,,0.0,,,625.86977,,,
,,,,,27,,0.11166,,,,,,,,,,3597,,,1786685733.08499,,,,,626.91968,,,
0.21848,,,,,27,,,,,,,,,,,,3606,,,1786685734.00641,,,,,627.84109,,,
,,,,,27,,0.11133,,,,,,,,,,3609,,,1786685734.40458,,,,,628.23914,,,
,,,,,27,,,,,,,,,,,,3619,,,1786685735.54951,,0.0,,,629.38412,,,
0.2179,,,,,27,,,,,,,,,,,,3678,,,1786685741.89596,,,,,635.73047,,,
0.22402,,,,,28,,,,,,,,,,,,3802,,,1786685766.9641,,,,,660.79867,,,
,,,,,29,,,,,,,,,,,,3851,,,1786685783.24072,,0.0,,,677.07531,,,
,,,,,29,,,,,,,,,,,,3867,,,1786685785.13799,,0.0,,,678.97253,,,
,,,,,29,,0.11263,,,,,,,,,,3881,,,1786685786.76268,,,,,680.5972,,,
,,,,,29,,0.07246,,,,,,,,,,3908,,,1786685789.96183,,,,,683.79637,,,
0.16778,,,,,30,,,,,,,,,,,,3966,,,1786685804.26247,,,,,698.09709,,,
,,,,,30,,,,,,,,,,,,3987,,,1786685806.13268,,0.0,,,699.96745,,,
,,,,,30,,0.04774,,,,,,,,,,4064,,,1786685812.56831,,,,,706.40284,,,
,,,,,31,,0.06751,,,,,,,,,,4156,,,1786685830.78958,,,,,724.62411,,,
0.20706,,,,,31,,,,,,,,,,,,4166,,,1786685831.79852,,,,,725.63309,,,
,,,,,32,,,,,,,,,,,,4225,,6.50425,1786685845.17672,,,,,739.01163,,,
,,,,,32,,0.06575,,,,,,,,,,4264,,,1786685852.70118,,,,,746.53574,,,
0.21643,,,,,32,,,,,,,,,,,,4274,,,1786685853.73339,,,,,747.56795,,,
,,,,,33,,0.09686,,,,,,,,,,4369,,,1786685872.59548,,,,,766.43002,,,
0.19711,,,,,33,,,,,,,,,,,,4486,,,1786685884.84583,,,,,778.68035,,,
,,,,,34,,0.05315,,,,,,,,,,4580,,,1786685902.02406,,,,,795.85859,,,
,,,,,34,,0.08899,,,,,,,,,,4581,,,1786685902.11334,,,,,795.94788,,,
,,,,,35,,,,,,,,,,,,4695,,,1786685922.32736,,0.0,,,816.16188,,,
,,,,,35,,,,,,,,,,,,4699,,,1786685922.72233,,0.0,,,816.55695,,,
,,,,,35,,0.05811,,,,,,,,,,4728,,,1786685925.54604,,,,,819.38059,,,
,,,,,36,,0.04772,,,,,,,,,,4780,,,1786685938.03196,,,,,831.86649,,,
0.16816,,,,,36,,,,,,,,,,,,4882,,,1786685946.61623,,,,,840.45075,,,
,,,,,37,,,,,,,,,,,,4939,,,1786685960.40875,,0.0,,,854.24329,,,
,,,,,37,,0.05505,,,,,,,,,,4944,,,1786685960.83789,,,,,854.67241,,,
0.19007,,,,,39,,,,,,,,,,,,5158,,,1786685997.42272,,,,,891.25723,,,
0.18946,,,,,39,,,,,,,,,,,,5166,,,1786685998.17939,,,,,892.01396,,,
,,,,,39,,,,,,,,,,,,5275,,,1786686008.56705,,0.0,,,902.40161,,,
0.20527,,,,,41,,,,,,,,,,,,5434,,,1786686039.83452,,,,,933.66904,,,
0.20793,,,,,41,,,,,,,,,,,,5490,,,1786686045.95943,,,,,939.79395,,,
,,,,,42,,,,,,,,,,,,5563,,,1786686062.16301,,0.0,,,955.99755,,,
0.17043,,,,,44,,,,,,,,,,,,5910,,,1786686112.32156,,,,,1006.15608,,,
,,,,,46,,0.05521,,,,,,,,,,6124,,,1786686150.84127,,,,,1044.67579,,,
,,,,,46,,0.10016,,,,,,,,,,6165,,,1786686154.78995,,,,,1048.62448,,,
,,,,,48,,0.09734,,,,,,,,,,6389,,,1786686199.19008,,,,,1093.02463,,,
,,,,,49,,,,,,,,,,,,6515,,,1786686219.65154,,0.0,,,1113.48603,,,
,,,,,49,,0.05473,,,,,,,,,,6560,,,1786686223.75688,,,,,1117.59147,,,
,,,,,50,,0.10599,,,,,,,,,,6645,,,1786686243.41073,,,,,1137.24524,,,
,,,,,50,,,,,,,,,,,,6675,,,1786686246.6427,,0.0,,,1140.4773,,,
,,,,,53,,,,,,,,,,,,6999,,,1786686303.84452,,10.97082,,,1197.67919,,,
,,,,,54,,,,,,,,,,,,7139,,,1786686329.98434,,0.0,,,1223.81887,,,
,,,,,54,,0.05498,,,,,,,,,,7164,,,1786686332.38789,,,,,1226.22251,,,
,0.0787,0.09,0.07899,1253298.0,55,0.0,,251.0,0.8864,0.26683,0.01824,1.30582,0.0,0.77696,852.0,456.4375,7259,,,1786686341.72505,0.66265,,852.0,1.00042,1235.55967,251.0,9e-05,456.4375
,,,,,55,,0.05907,,,,,,,,,,7296,,,1786686355.02093,,,,,1248.85554,,,
0.20311,,,,,55,,,,,,,,,,,,7306,,,1786686355.96989,,,,,1249.80442,,,
,,,,,55,,0.1057,,,,,,,,,,7369,,,1786686362.42795,,,,,1256.26249,,,
,,,,,56,,,,,,,,,,,,7393,,5.40997,1786686370.9678,,,,,1264.80263,,,
,,,,,56,,0.0934,,,,,,,,,,7425,,,1786686376.90591,,,,,1270.74045,,,
,,,,,56,,,,,,,,,,,,7483,,,1786686382.52668,,0.0,,,1276.3612,,,
0.17037,,,,,58,,,,,,,,,,,,7670,,,1786686415.51964,,,,,1309.35415,,,
,,,,,58,,0.04792,,,,,,,,,,7708,,,1786686418.81663,,,,,1312.65117,,,
0.22068,,,,,60,,,,,,,,,,,,7946,,,1786686461.84483,,,,,1355.67938,,,
0.22044,,,,,60,,,,,,,,,,,,7950,,,1786686462.29627,,,,,1356.13077,,,
0.22422,,,,,60,,,,,,,,,,,,7978,,,1786686465.46333,,,,,1359.29795,,,
,,,,,61,,0.11626,,,,,,,,,,8077,,,1786686487.40075,,,,,1381.23528,,,
0.19628,,,,,62,,,,,,,,,,,,8290,,,1786686518.87779,,,,,1412.71231,,,
,,,,,63,,0.10144,,,,,,,,,,8325,,,1786686531.81809,,,,,1425.65263,,,
0.20246,,,,,63,,,,,,,,,,,,8338,,,1786686533.09542,,,,,1426.92993,,,
0.20192,,,,,63,,,,,,,,,,,,8342,,,1786686533.50833,,,,,1427.34287,,,
,,,,,64,,0.10565,,,,,,,,,,8453,,,1786686553.85977,,,,,1447.69432,,,
,,,,,64,,0.06699,,,,,,,,,,8460,,,1786686554.61852,,,,,1448.45326,,,
,,,,,64,,0.10161,,,,,,,,,,8533,,,1786686562.47231,,,,,1456.30702,,,
,,,,,64,,0.10101,,,,,,,,,,8553,,,1786686564.61691,,,,,1458.45143,,,
,,,,,65,,,,,,,,,,,,8615,,,1786686582.53043,,0.0,,,1476.365,,,
,,,,,68,,0.1067,,,,,,,,,,9101,,,1786686661.51535,,,,,1555.34992,,,
,,,,,69,,0.09999,,,,,,,,,,9117,,,1786686672.58828,,,,,1566.42283,,,
,,,,,69,,0.09702,,,,,,,,,,9129,,,1786686673.74075,,,,,1567.57529,,,
0.19264,,,,,69,,,,,,,,,,,,9174,,,1786686677.98421,,,,,1571.81873,,,
,,,,,69,,0.05507,,,,,,,,,,9232,,,1786686683.58823,,,,,1577.42274,,,
,,,,,70,,0.14034,,,,,,,,,,9245,,,1786686693.00418,,,,,1586.83892,,,
,,,,,70,,0.04971,,,,,,,,,,9296,,,1786686697.32622,,,,,1591.1609,,,
,,,,,71,,,,,,,,,,,,9395,,,1786686714.54532,,0.0,,,1608.37987,,,
,,,,,71,,0.08701,,,,,,,,,,9453,,,1786686719.65805,,,,,1613.49257,,,
0.17418,,,,,71,,,,,,,,,,,,9502,,,1786686723.96447,,,,,1617.79902,,,
,,,,,72,,0.09262,,,,,,,,,,9509,,,1786686732.97758,,,,,1626.81213,,,
,,,,,72,,,,,,,,,,,,9583,,,1786686739.73053,,0.0,,,1633.56504,,,
0.22644,,,,,75,,,,,,,,,,,,9938,,,1786686813.79318,,,,,1707.62771,,,
,,,,,75,,0.06967,,,,,,,,,,9952,,,1786686815.495,,,,,1709.32956,,,
,,,,,75,,0.06926,,,,,,,,,,10008,,,1786686821.99148,,,,,1715.82604,,,
0.22325,,,,,75,,,,,,,,,,,,10022,,,1786686823.52815,,,,,1717.36262,,,
,,,,,77,,,,,,,,,,,,10187,,,1786686859.78427,,0.0,,,1753.61896,,,
,,,,,78,,0.0893,,,,,,,,,,10329,,,1786686883.86504,,,,,1777.70034,,,
,,,,,79,,,,,,,,,,,,10515,,,1786686914.3049,,0.0,,,1808.1394,,,
,,,,,80,,0.05498,,,,,,,,,,10568,,,1786686929.62564,,,,,1823.46024,,,
,,,,,80,,,,,,,,,,,,10579,,,1786686930.69888,,0.0,,,1824.53343,,,
,,,,,80,,0.05564,,,,,,,,,,10604,,,1786686933.02256,,,,,1826.8571,,,
0.1854,,,,,80,,,,,,,,,,,,10610,,,1786686933.53074,,,,,1827.36525,,,
,,,,,80,,0.09419,,,,,,,,,,10685,,,1786686940.67285,,,,,1834.50736,,,
0.18367,,,,,81,,,,,,,,,,,,10698,,,1786686949.90336,,,,,1843.738,,,
,,,,,81,,,,,,,,,,,,10699,,,1786686950.08191,,0.0,,,1843.91652,,,
,,,,,81,,0.09313,,,,,,,,,,10757,,,1786686955.15294,,,,,1848.98746,,,
,,,,,84,,,,,,,,,,,,11099,,,1786687015.43959,,0.0,,,1909.2741,,,
0.20675,,,,,84,,,,,,,,,,,,11122,,,1786687017.81672,,,,,1911.65122,,,
,,,,,87,,,,,,,,,,,,11519,,,1786687086.07794,,0.0,,,1979.91246,,,
,,,,,87,,0.11152,,,,,,,,,,11553,,,1786687089.90343,,,,,1983.73795,,,
,,,,,87,,0.06761,,,,,,,,,,11560,,,1786687090.69296,,,,,1984.52748,,,
,,,,,89,,,,,,,,,,,,11751,,,1786687129.12041,,11.24306,,,2022.95511,,,
,,,,,89,,,,,,,,,,,,11755,,,1786687129.57296,,0.0,,,2023.4075,,,
,,,,,89,,,,,,,,,,,,11779,,,1786687132.26647,,0.0,,,2026.10098,,,
,,,,,89,,0.11073,,,,,,,,,,11877,,,1786687143.23396,,,,,2037.06852,,,
0.19912,,,,,90,,,,,,,,,,,,11902,,,1786687155.23102,,,,,2049.06554,,,
,,,,,91,,,,,,,,,,,,12131,,,1786687188.94945,,0.0,,,2082.78398,,,
,,,,,92,,0.09601,,,,,,,,,,12189,,,1786687203.76877,,,,,2097.6033,,,
0.1865,,,,,92,,,,,,,,,,,,12226,,,1786687207.1648,,,,,2100.99939,,,
,,,,,92,,,,,,,,,,,,12251,,,1786687209.60347,,0.0,,,2103.43802,,,
0.18587,,,,,92,,,,,,,,,,,,12262,,,1786687210.54596,,,,,2104.38048,,,
0.19585,,,,,93,,,,,,,,,,,,12338,,,1786687227.28902,,,,,2121.12353,,,
,,,,,93,,0.05781,,,,,,,,,,12400,,,1786687233.49616,,,,,2127.33074,,,
,,,,,94,,,,,,,,,,,,12409,,6.07642,1786687240.84388,,,,,2134.67876,,,
,,,,,94,,0.05225,,,,,,,,,,12472,,,1786687249.40945,,,,,2143.24404,,,
,,,,,95,,,,,,,,,,,,12571,,,1786687268.01797,,0.0,,,2161.85282,,,
,,,,,96,,0.10621,,,,,,,,,,12689,,,1786687289.56833,,,,,2183.40286,,,
,,,,,96,,0.06494,,,,,,,,,,12708,,,1786687291.61757,,,,,2185.45219,,,
,,,,,97,,2.81914,,,,,,,,,,12806,,,1786687312.51631,,,,,2206.35104,,,
,,,,,97,,0.05926,,,,,,,,,,12888,,,1786687320.85352,,,,,2214.68808,,,
0.20964,,,,,97,,,,,,,,,,,,12898,,,1786687321.81525,,,,,2215.64986,,,
0.20895,,,,,97,,,,,,,,,,,,12902,,,1786687322.22932,,,,,2216.06386,,,
,,,,,97,,,,,,,,,,,,12903,,,1786687322.43368,,0.0,,,2216.26828,,,
,,,,,98,,,,,,,,,,,,12937,,6.12466,1786687332.63566,,,,,2226.47052,,,
,,,,,98,,0.0552,,,,,,,,,,12948,,,1786687336.48802,,,,,2230.32258,,,
,,,,,98,,,,,,,,,,,,13007,,,1786687342.16517,,0.0,,,2235.9997,,,
,,,,,99,,,,,,,,,,,,13187,,,1786687368.53549,,0.0,,,2262.37026,,,
0.19309,,,,,100,,,,,,,,,,,,13254,,,1786687385.58921,,,,,2279.42373,,,
0.19495,,,,,100,,,,,,,,,,,,13302,,,1786687390.35535,,,,,2284.18989,,,
,,,,,102,,,,,,,,,,,,13551,,,1786687433.72901,,0.0,,,2327.56353,,,
,,,,,102,,0.05846,,,,,,,,,,13552,,,1786687433.78791,,,,,2327.62245,,,
,,,,,102,,0.10172,,,,,,,,,,13581,,,1786687436.70204,,,,,2330.53658,,,
,,,,,103,,0.05528,,,,,,,,,,13612,,,1786687448.91525,,,,,2342.74979,,,
0.19056,,,,,103,,,,,,,,,,,,13646,,,1786687452.09157,,,,,2345.92611,,,
,0.0754,0.0711,0.06656,2435741.0,104,0.0,,281.0,0.87431,0.46447,0.01822,1.44489,0.0,0.62847,770.0,517.71875,13727,,,1786687459.88296,1.25301,,770.0,0.99962,2353.71759,281.0,4e-05,517.71875
,,,,,104,,,,,,,,,,,,13728,0.17957,,1786687460.40437,,,,,2354.23898,,,
,,,,,104,,0.11477,,,,,,,,,,13757,,,1786687474.46479,,,,,2368.29934,,,
,,,,,104,,0.11158,,,,,,,,,,13829,,,1786687482.6083,,,,,2376.44287,,,
,,,,,105,,0.10807,,,,,,,,,,13897,,,1786687500.28173,,,,,2394.11632,,,
,,,,,105,,,,,,,,,,,,13919,,,1786687502.71174,,0.0,,,2396.54631,,,
,,,,,109,,,,,,,,,,,,14439,,,1786687596.06656,,0.0,,,2489.9012,,,
,,,,,109,,0.05776,,,,,,,,,,14460,,,1786687598.06444,,,,,2491.89899,,,
,,,,,110,,,,,,,,,,,,14520,0.17905,,1786687604.33412,,,,,2498.1687,,,
0.19778,,,,,110,,,,,,,,,,,,14550,,,1786687615.53316,,,,,2509.36769,,,
,,,,,110,,0.06532,,,,,,,,,,14568,,,1786687617.48466,,,,,2511.31919,,,
,,,,,110,,,,,,,,,,,,14571,,,1786687617.83477,,0.0,,,2511.66928,,,
0.19792,,,,,110,,,,,,,,,,,,14638,,,1786687624.74244,,,,,2518.57705,,,
,,,,,112,,0.05891,,,,,,,,,,14788,,,1786687662.77158,,,,,2556.60621,,,
,,,,,112,,,,,,,,,,,,14791,,,1786687663.11544,,0.0,,,2556.95003,,,
,,,,,113,,0.06419,,,,,,,,,,14992,,,1786687693.57277,,,,,2587.4073,,,
,,,,,113,,,,,,,,,,,,14995,,,1786687693.93085,,0.0,,,2587.76537,,,
,,,,,114,,,,,,,,,,,,15071,,,1786687711.68955,,0.0,,,2605.5241,,,
,,,,,114,,,,,,,,,,,,15127,,,1786687717.4249,,0.0,,,2611.25942,,,
,,,,,115,,0.055,,,,,,,,,,15196,,,1786687733.40898,,,,,2627.2435,,,
,,,,,115,,,,,,,,,,,,15283,,,1786687741.66072,,0.0,,,2635.49523,,,
0.16402,,,,,116,,,,,,,,,,,,15394,,,1786687758.98046,,,,,2652.81503,,,
,,,,,116,,0.07171,,,,,,,,,,15421,,,1786687761.25703,,,,,2655.0916,,,
,,,,,118,,,,,,,,,,,,15583,,,1786687797.25663,,0.0,,,2691.09116,,,
0.18773,,,,,118,,,,,,,,,,,,15594,,,1786687798.20264,,,,,2692.03719,,,
,,,,,119,,,,,,,,,,,,15727,,,1786687821.46075,,0.0,,,2715.29527,,,
,,,,,120,,,,,,,,,,,,15935,,,1786687852.21366,,0.0,,,2746.04819,,,
,,,,,121,,0.05774,,,,,,,,,,15984,,,1786687865.43058,,,,,2759.26524,,,
,,,,,121,,0.05728,,,,,,,,,,15988,,,1786687865.82495,,,,,2759.65951,,,
0.18597,,,,,121,,,,,,,,,,,,16042,,,1786687871.035,,,,,2764.86963,,,
,,,,,121,,0.09404,,,,,,,,,,16045,,,1786687871.392,,,,,2765.22658,,,
0.20662,,,,,122,,,,,,,,,,,,16126,,,1786687889.06549,,,,,2782.9,,,
,,,,,123,,0.09601,,,,,,,,,,16249,,,1786687909.9903,,,,,2803.82486,,,
,,,,,123,,0.05291,,,,,,,,,,16324,,,1786687917.12212,,,,,2810.95665,,,
0.23556,,,,,124,,,,,,,,,,,,16426,,,1786687939.55962,,,,,2833.39437,,,
0.18678,,,,,125,,,,,,,,,,,,16562,,,1786687963.87259,,,,,2857.70711,,,
,,,,,125,,0.0556,,,,,,,,,,16576,,,1786687965.25423,,,,,2859.08875,,,
,,,,,125,,0.09514,,,,,,,,,,16629,,,1786687970.27834,,,,,2864.11289,,,
,,,,,126,,,,,,,,,,,,16687,,,1786687987.5938,,0.0,,,2881.42832,,,
,,,,,127,,,,,,,,,,,,16779,,,1786688007.65415,,0.0,,,2901.48875,,,
,,,,,128,,0.06112,,,,,,,,,,16920,,,1786688032.4526,,,,,2926.28714,,,
,,,,,128,,,,,,,,,,,,16927,,,1786688033.21244,,0.0,,,2927.04697,,,
0.20066,,,,,128,,,,,,,,,,,,16994,,,1786688040.01239,,,,,2933.84691,,,
0.20226,,,,,129,,,,,,,,,,,,17042,,,1786688054.947,,,,,2948.78151,,,
0.20143,,,,,129,,,,,,,,,,,,17158,,,1786688066.5289,,,,,2960.36343,,,
,,,,,130,,,,,,,,,,,,17203,,,1786688081.84665,,0.0,,,2975.68134,,,
,,,,,130,,0.10617,,,,,,,,,,17233,,,1786688085.02468,,,,,2978.8592,,,
,,,,,133,,0.10854,,,,,,,,,,17593,,,1786688153.58587,,,,,3047.42039,,,
0.21344,,,,,133,,,,,,,,,,,,17622,,,1786688156.68089,,,,,3050.51538,,,
,,,,,133,,0.06393,,,,,,,,,,17656,,,1786688160.42097,,,,,3054.25549,,,
,,,,,134,,,,,,,,,,,,17767,,,1786688181.29797,,0.0,,,3075.1326,,,
,,,,,134,,0.05731,,,,,,,,,,17792,,,1786688183.71051,,,,,3077.54503,,,
0.19196,,,,,134,,,,,,,,,,,,17802,,,1786688184.63043,,,,,3078.46497,,,
,,,,,135,,0.07008,,,,,,,,,,17872,,,1786688202.30289,,,,,3096.13754,,,
,,,,,135,,,,,,,,,,,,17883,,,1786688203.59122,,0.0,,,3097.42578,,,
,,,,,135,,0.10764,,,,,,,,,,17885,,,1786688203.76933,,,,,3097.60389,,,
,,,,,135,,,,,,,,,,,,17939,,,1786688209.92532,,0.0,,,3103.75986,,,
,,,,,136,,0.06522,,,,,,,,,,17972,,,1786688224.82684,,,,,3118.66139,,,
0.24167,,,,,137,,,,,,,,,,,,18122,,,1786688253.35298,,,,,3147.18754,,,
,,,,,137,,0.07343,,,,,,,,,,18208,,,1786688264.02812,,,,,3157.86271,,,
,,,,,138,,0.10106,,,,,,,,,,18317,,,1786688284.67298,,,,,3178.50752,,,
,,,,,139,,,,,,,,,,,,18415,,,1786688305.25763,,0.0,,,3199.09217,,,
0.22954,,,,,140,,,,,,,,,,,,18610,,,1786688338.3377,,,,,3232.1722,,,
,,,,,141,,0.10358,,,,,,,,,,18645,,,1786688351.52314,,,,,3245.35772,,,
,,,,,141,,0.10595,,,,,,,,,,18649,,,1786688351.9195,,,,,3245.75404,,,
,,,,,141,,0.1037,,,,,,,,,,18705,,,1786688357.43796,,,,,3251.27248,,,
,,,,,142,,0.10037,,,,,,,,,,18777,,,1786688374.08353,,,,,3267.91805,,,
,,,,,142,,0.09961,,,,,,,,,,18785,,,1786688374.89658,,,,,3268.73118,,,
,,,,,142,,,,,,,,,,,,18827,,,1786688379.18671,,0.0,,,3273.02125,,,
,,,,,143,,0.11909,,,,,,,,,,18897,,,1786688397.78397,,,,,3291.61849,,,
,,,,,143,,0.06762,,,,,,,,,,18912,,,1786688399.52508,,,,,3293.35961,,,
,,,,,143,,0.06775,,,,,,,,,,19004,,,1786688410.20042,,,,,3304.03496,,,
,,,,,144,,0.06387,,,,,,,,,,19052,,,1786688426.11425,,,,,3319.94879,,,
,,,,,144,,,,,,,,,,,,19067,,,1786688427.76933,,0.0,,,3321.60387,,,
,,,,,144,,,,,,,,,,,,19107,,,1786688432.07797,,0.0,,,3325.91249,,,
0.22541,,,,,145,,,,,,,,,,,,19174,,,1786688450.55446,,,,,3344.389,,,
,,,,,145,,0.11093,,,,,,,,,,19185,,,1786688451.87573,,,,,3345.71032,,,
,,,,,145,,0.06883,,,,,,,,,,19220,,,1786688455.83689,,,,,3349.67141,,,
,,,,,145,,0.06768,,,,,,,,,,19240,,,1786688458.11435,,,,,3351.94889,,,
,,,,,146,,,,,,,,,,,,19275,,,1786688472.07073,,10.35053,,,3365.90543,,,
,,,,,146,,0.05977,,,,,,,,,,19332,,,1786688477.84736,,,,,3371.68192,,,
0.20723,,,,,147,,,,,,,,,,,,19454,,,1786688499.86008,,,,,3393.69461,,,
,,,,,147,,0.09961,,,,,,,,,,19497,,,1786688504.61417,,,,,3398.44873,,,
,,,,,148,,0.05951,,,,,,,,,,19544,,,1786688518.42132,,,,,3412.25597,,,
,,,,,148,,0.05958,,,,,,,,,,19592,,,1786688523.25286,,,,,3417.08745,,,
,,,,,150,,,,,,,,,,,,19855,,,1786688571.09481,,0.0,,,3464.92966,,,
0.21028,,,,,150,,,,,,,,,,,,19874,,,1786688573.02968,,,,,3466.8642,,,
,,,,,152,,0.11995,,,,,,,,,,20165,,,1786688623.85842,,,,,3517.69304,,,
0.21417,,,,,154,,,,,,,,,,,,20342,,,1786688662.5886,,,,,3556.4232,,,
0.21314,,,,,154,,,,,,,,,,,,20422,,,1786688671.30026,,,,,3565.13479,,,
,,,,,155,,0.053,,,,,,,,,,20496,,,1786688687.6117,,,,,3581.44623,,,
0.1809,,,,,155,,,,,,,,,,,,20562,,,1786688693.61813,,,,,3587.45272,,,
,,,,,157,,,,,,,,,,,,20779,,,1786688735.97917,,0.0,,,3629.81368,,,
,,,,,158,,,,,,,,,,,,20911,,,1786688761.3484,,0.0,,,3655.18294,,,
,,,,,159,,0.09441,,,,,,,,,,20997,,,1786688779.59451,,,,,3673.42912,,,
,,,,,159,,,,,,,,,,,,21075,,,1786688786.87617,,0.0,,,3680.71074,,,
,,,,,159,,,,,,,,,,,,21091,,,1786688788.35384,,0.0,,,3682.1884,,,
,,,,,159,,,,,,,,,,,,21115,,,1786688790.57374,,0.0,,,3684.40834,,,
,,,,,160,,0.07605,,,,,,,,,,21124,,,1786688802.03521,,,,,3695.86986,,,
,,,,,160,,0.1125,,,,,,,,,,21137,,,1786688803.61413,,,,,3697.44865,,,
,,,,,160,,0.07509,,,,,,,,,,21248,,,1786688816.94656,,,,,3710.78111,,,
,,,,,161,,0.06735,,,,,,,,,,21296,,,1786688832.83282,,,,,3726.66735,,,
0.22024,,,,,161,,,,,,,,,,,,21310,,,1786688834.32738,,,,,3728.16197,,,
,,,,,162,,3.58136,,,,,,,,,,21386,,,1786688853.97754,,,,,3747.81244,,,
0.21706,,,,,163,,,,,,,,,,,,21606,,,1786688890.84349,,,,,3784.678,,,
0.21771,,,,,163,,,,,,,,,,,,21638,,,1786688894.38459,,,,,3788.21922,,,
,,,,,164,,0.06428,,,,,,,,,,21708,,,1786688910.83485,,,,,3804.66947,,,
,,,,,165,,0.05369,,,,,,,,,,21784,,,1786688927.21359,,,,,3821.04815,,,
,,,,,165,,0.08669,,,,,,,,,,21893,,,1786688936.91971,,,,,3830.75425,,,
