train/rewards,train/num_tokens,train/sampling/importance_sampling_ratio/mean,train/completions/mean_terminated_length,train/loss,train/sampling/importance_sampling_ratio/min,profiling/Time taken: DistilTrainer._get_per_token_logps_and_entropies,train/epoch,_runtime,train/kl_approx,train/global_step,train/completions/min_terminated_length,profiling/Time taken: DistilTrainer.compute_loss,profiling/Time taken: DistilTrainer.vLLM.generate,train/sampling/sampling_logp_difference/max,train/completions/mean_length,_timestamp,train/sampling/importance_sampling_ratio/max,train/learning_rate,profiling/Time taken: DistilTrainer._move_model_to_vllm,_step,train/completions/max_terminated_length,train/entropy,train/grad_norm,train/completions/clipped_ratio,train/sampling/sampling_logp_difference/mean,profiling/Time taken: DistilTrainer._prepare_inputs,train/completions/min_length,train/completions/max_length
,,,,,,,,39.29429,,1,,0.14108,,,,1786519297.05937,,,,158,,,,,,,,
,,,,,,,,54.71951,,2,,0.17028,,,,1786519312.4845,,,,270,,,,,,,,
,,,,,,0.04839,,56.25683,,2,,,,,,1786519314.02192,,,,288,,,,,,,,
,,,,,,0.04789,,57.56161,,2,,,,,,1786519315.32664,,,,304,,,,,,,,
,,,,,,,,60.12116,,2,,,,,,1786519317.88604,,,,335,,,,,,0.0,,
,,,,,,,,74.28957,,3,,0.16693,,,,1786519332.05464,,,,418,,,,,,,,
,,,,,,,,77.16408,,3,,,,,,1786519334.92909,,,,451,,,,,,0.0,,
,,,,,,0.08675,,78.977,,3,,,,,,1786519336.74201,,,,473,,,,,,,,
,,,,,,0.08519,,80.32331,,3,,,,,,1786519338.08813,,,,489,,,,,,,,
,,,,,,,,82.55045,,3,,,,,,1786519340.31541,,,,515,,,,,,0.0,,
,,,,,,0.05978,,115.50457,,5,,,,,,1786519373.26939,,,,696,,,,,,,,
,,,,,,0.05956,,117.08373,,5,,,,,,1786519374.84862,,,,712,,,,,,,,
,,,,,,0.05959,,119.466,,5,,,,,,1786519377.23105,,,,736,,,,,,,,
,,,,,,0.05947,,122.6444,,5,,,,,,1786519380.40941,,,,768,,,,,,,,
,,,,,,,,133.70206,,6,,0.1692,,,,1786519391.46711,,,,802,,,,,,,,
,,,,,,,,141.80595,,6,,0.16691,,,,1786519399.57103,,,,898,,,,,,,,
,,,,,,0.12502,,155.94127,,7,,,,,,1786519413.70624,,,,929,,,,,,,,
,,,,,,0.1137,,162.88041,,7,,,,,,1786519420.64533,,,,989,,,,,,,,
,,,,,,,,169.66914,,7,,,,,,1786519427.43416,,,,1047,,,,,,1e-05,,
,,,,,,0.10854,,182.20797,,8,,,,,,1786519439.97305,,,,1069,,,,,,,,
,,,,,,,,183.59004,,8,,0.21558,,,,1786519441.35506,,,,1082,,,,,,,,
,,,,,,,,191.21198,,8,,0.21789,,,,1786519448.97695,,,,1150,,,,,,,,
,,,,,,,,196.02509,,9,,,,,,1786519453.78993,,,0.18714,1188,,,,,,,,
,,,,,,0.06818,,210.45295,,9,,,,,,1786519468.21803,,,,1220,,,,,,,,
,,,,,,0.06784,,220.83696,,9,,,,,,1786519478.60198,,,,1312,,,,,,,,
,,,,,,,,222.21928,,10,,,,,,1786519479.98418,,,0.18349,1320,,,,,,,,
,,,,,,0.11434,,260.76323,,11,,,,,,1786519518.52826,,,,1481,,,,,,,,
,,,,,,,,269.62083,,11,,0.23493,,,,1786519527.38591,,,,1554,,,,,,,,
,,,,,,,,291.80773,,12,,,,,,1786519549.57264,,,,1671,,,,,,0.0,,
,,,,,,0.09789,,307.97738,,13,,,,,,1786519565.74231,,,,1741,,,,,,,,
,,,,,,,,316.75292,,13,,,,,,1786519574.51782,,,,1827,,,,,,1e-05,,
,,,,,,0.059,,336.14103,,14,,,,,,1786519593.90613,,,,1924,,,,,,,,
,,,,,,,,338.08529,,14,,,,,,1786519595.85026,,,,1943,,,,,,0.0,,
,,,,,,0.10002,,341.45395,,14,,,,,,1786519599.21898,,,,1977,,,,,,,,
,,,,,,0.05331,,354.73913,,15,,,,,,1786519612.5041,,,,2032,,,,,,,,
,,,,,,0.05351,,359.7809,,15,,,,,,1786519617.54591,,,,2088,,,,,,,,
,,,,,,0.09595,,371.67621,,16,,,,,,1786519629.44129,,,,2121,,,,,,,,
,,,,,,,,380.36671,,16,,0.18774,,,,1786519638.13181,,,,2214,,,,,,,,
,,,,,,,,415.10241,,18,,0.19666,,,,1786519672.86731,,,,2394,,,,,,,,
,,,,,,0.09784,,418.19897,,18,,,,,,1786519675.96408,,,,2425,,,,,,,,
,,,,,,0.05742,,419.27872,,18,,,,,,1786519677.04379,,,,2436,,,,,,,,
,,,,,,,,419.8074,,18,,0.19476,,,,1786519677.57249,,,,2442,,,,,,,,
,,,,,,,,445.89232,,19,,0.20159,,,,1786519703.65733,,,,2610,,,,,,,,
,,,,,,,,465.07936,,20,,0.1655,,,,1786519722.84441,,,,2742,,,,,,,,
,,,,,,0.04962,,465.6425,,20,,,,,,1786519723.40738,,,,2748,,,,,,,,
,,,,,,,,476.15307,,21,,,,,,1786519733.9179,,,,2779,,,,,,0.0,,
,,,,,,,,478.06908,,21,,0.17656,,,,1786519735.83413,,,,2802,,,,,,,,
,,,,,,0.09245,,478.72589,,21,,,,,,1786519736.49091,,,,2809,,,,,,,,
,,,,,,0.04903,,484.19227,,21,,,,,,1786519741.95724,,,,2872,,,,,,,,
,,,,,,,,499.07337,,22,,,,,,1786519756.83823,,,,2927,,,,,,0.0,,
,,,,,,0.05734,,500.33539,,22,,,,,,1786519758.10046,,,,2940,,,,,,,,
,,,,,,,,508.0776,,22,,0.20241,,,,1786519765.84267,,,,3018,,,,,,,,
,,,,,,0.0483,,538.17679,,24,,,,,,1786519795.94176,,,,3180,,,,,,,,
,,,,,,,,561.45811,,25,,,,,,1786519819.22311,,,,3307,,,,,,0.0,,
,,,,,,0.06127,,591.15484,,26,,,,,,1786519848.91981,,,,3476,,,,,,,,
,,,,,,0.09765,,598.16256,,26,,,,,,1786519855.92742,,,,3545,,,,,,,,
,,,,,,,,598.41314,,26,,,,,,1786519856.17805,,,,3547,,,,,,0.0,,
,,,,,,,,613.59704,,27,,,,,,1786519871.36201,,,,3587,,,,,,0.0,,
,,,,,,0.10809,,614.66162,,27,,,,,,1786519872.4267,,,,3597,,,,,,,,
,,,,,,,,615.5907,,27,,0.21544,,,,1786519873.3558,,,,3606,,,,,,,,
,,,,,,0.10637,,615.99837,,27,,,,,,1786519873.76327,,,,3609,,,,,,,,
,,,,,,,,617.16678,,27,,,,,,1786519874.93184,,,,3619,,,,,,0.0,,
,,,,,,,,623.63623,,27,,0.21612,,,,1786519881.40133,,,,3678,,,,,,,,
,,,,,,,,647.32378,,28,,0.20682,,,,1786519905.08884,,,,3802,,,,,,,,
,,,,,,,,664.72432,,29,,,,,,1786519922.48921,,,,3851,,,,,,0.0,,
,,,,,,,,666.68977,,29,,,,,,1786519924.45481,,,,3867,,,,,,0.0,,
,,,,,,0.12285,,668.36327,,29,,,,,,1786519926.12812,,,,3881,,,,,,,,
,,,,,,0.07362,,671.68155,,29,,,,,,1786519929.44651,,,,3908,,,,,,,,
,,,,,,,,689.44067,,30,,0.21245,,,,1786519947.20575,,,,3966,,,,,,,,
,,,,,,,,691.7339,,30,,,,,,1786519949.49886,,,,3987,,,,,,0.0,,
,,,,,,0.05991,,699.76709,,30,,,,,,1786519957.53206,,,,4064,,,,,,,,
,,,,,,0.0514,,717.05136,,31,,,,,,1786519974.8164,,,,4156,,,,,,,,
,,,,,,,,717.87119,,31,,0.17302,,,,1786519975.63629,,,,4166,,,,,,,,
,,,,,,,,729.71568,,32,,,6.16183,,,1786519987.48037,,,,4225,,,,,,,,
,,,,,,0.05887,,736.74061,,32,,,,,,1786519994.50566,,,,4264,,,,,,,,
,,,,,,,,737.68586,,32,,0.20131,,,,1786519995.45096,,,,4274,,,,,,,,
,,,,,,0.08453,,755.15589,,33,,,,,,1786520012.92092,,,,4369,,,,,,,,
,,,,,,,,765.37713,,33,,0.17272,,,,1786520023.14224,,,,4486,,,,,,,,
,,,,,,0.06928,,786.97306,,34,,,,,,1786520044.73813,,,,4580,,,,,,,,
,,,,,,0.1099,,787.08335,,34,,,,,,1786520044.84836,,,,4581,,,,,,,,
,,,,,,,,811.88139,,35,,,,,,1786520069.64642,,,,4695,,,,,,0.0,,
,,,,,,,,812.35121,,35,,,,,,1786520070.11628,,,,4699,,,,,,0.0,,
,,,,,,0.06866,,815.72973,,35,,,,,,1786520073.49477,,,,4728,,,,,,,,
,,,,,,0.06033,,830.44677,,36,,,,,,1786520088.2117,,,,4780,,,,,,,,
,,,,,,,,840.7661,,36,,0.19628,,,,1786520098.53111,,,,4882,,,,,,,,
,,,,,,,,855.31523,,37,,,,,,1786520113.0803,,,,4939,,,,,,0.0,,
,,,,,,0.05406,,855.73639,,37,,,,,,1786520113.50145,,,,4944,,,,,,,,
,,,,,,,,891.11943,,39,,0.20751,,,,1786520148.88443,,,,5158,,,,,,,,
,,,,,,,,891.9961,,39,,0.20908,,,,1786520149.76108,,,,5166,,,,,,,,
,,,,,,,,904.05794,,39,,,,,,1786520161.82301,,,,5275,,,,,,0.0,,
,,,,,,,,938.18136,,41,,0.19606,,,,1786520195.94643,,,,5434,,,,,,,,
,,,,,,,,943.90107,,41,,0.19615,,,,1786520201.66618,,,,5490,,,,,,,,
,,,,,,,,958.90577,,42,,,,,,1786520216.67079,,,,5563,,,,,,0.0,,
,,,,,,,,1006.87869,,44,,0.1808,,,,1786520264.64369,,,,5910,,,,,,,,
,,,,,,0.06029,,1050.55634,,46,,,,,,1786520308.32134,,,,6124,,,,,,,,
,,,,,,0.0958,,1054.60568,,46,,,,,,1786520312.37067,,,,6165,,,,,,,,
,,,,,,0.09378,,1092.66874,,48,,,,,,1786520350.43368,,,,6389,,,,,,,,
,,,,,,,,1115.31189,,49,,,,,,1786520373.07698,,,,6515,,,,,,0.0,,
,,,,,,0.05829,,1119.81224,,49,,,,,,1786520377.57731,,,,6560,,,,,,,,
,,,,,,0.09421,,1138.20806,,50,,,,,,1786520395.97315,,,,6645,,,,,,,,
,,,,,,,,1141.1561,,50,,,,,,1786520398.9212,,,,6675,,,,,,0.0,,
,,,,,,,,1196.99316,,53,,,,,,1786520454.75811,,,,6999,,,,,,8.64222,,
,,,,,,,,1220.91404,,54,,,,,,1786520478.67894,,,,7139,,,,,,0.0,,
,,,,,,0.06957,,1223.77698,,54,,,,,,1786520481.54204,,,,7164,,,,,,,,
0.0,1264882.0,1.00022,453.80643,0.0744,0.78017,,0.66265,1234.97523,0.07512,55,290.0,,,0.25078,471.625,1786520492.7402,1.28503,9e-05,,7259,743.0,1.02281,0.06854,0.03125,0.01971,,290.0,1024.0
,,,,,,0.07659,,1249.59323,,55,,,,,,1786520507.35828,,,,7296,,,,,,,,
,,,,,,,,1250.70046,,55,,0.22691,,,,1786520508.46544,,,,7306,,,,,,,,
,,,,,,0.10799,,1258.29137,,55,,,,,,1786520516.05642,,,,7369,,,,,,,,
,,,,,,,,1268.90222,,56,,,7.40597,,,1786520526.66692,,,,7393,,,,,,,,
,,,,,,0.11233,,1275.42914,,56,,,,,,1786520533.1942,,,,7425,,,,,,,,
,,,,,,,,1281.58083,,56,,,,,,1786520539.34583,,,,7483,,,,,,0.0,,
,,,,,,,,1317.47036,,58,,0.17781,,,,1786520575.23544,,,,7670,,,,,,,,
,,,,,,0.06035,,1320.93566,,58,,,,,,1786520578.70063,,,,7708,,,,,,,,
,,,,,,,,1360.61238,,60,,0.19168,,,,1786520618.37746,,,,7946,,,,,,,,
,,,,,,,,1360.99533,,60,,0.19112,,,,1786520618.76039,,,,7950,,,,,,,,
,,,,,,,,1363.67866,,60,,0.19219,,,,1786520621.44376,,,,7978,,,,,,,,
,,,,,,0.10094,,1382.87493,,61,,,,,,1786520640.63993,,,,8077,,,,,,,,
,,,,,,,,1412.48751,,62,,0.17978,,,,1786520670.2525,,,,8290,,,,,,,,
,,,,,,0.10024,,1425.21839,,63,,,,,,1786520682.98336,,,,8325,,,,,,,,
,,,,,,,,1426.46976,,63,,0.20024,,,,1786520684.23486,,,,8338,,,,,,,,
,,,,,,,,1426.87404,,63,,0.1978,,,,1786520684.63898,,,,8342,,,,,,,,
,,,,,,0.09462,,1446.48004,,64,,,,,,1786520704.24504,,,,8453,,,,,,,,
,,,,,,0.0492,,1447.09159,,64,,,,,,1786520704.85663,,,,8460,,,,,,,,
,,,,,,0.09121,,1453.48685,,64,,,,,,1786520711.25192,,,,8533,,,,,,,,
,,,,,,0.093,,1455.24279,,64,,,,,,1786520713.00786,,,,8553,,,,,,,,
,,,,,,,,1470.42298,,65,,,,,,1786520728.18806,,,,8615,,,,,,0.0,,
,,,,,,0.10025,,1548.90553,,68,,,,,,1786520806.67055,,,,9101,,,,,,,,
,,,,,,0.09338,,1559.03354,,69,,,,,,1786520816.79857,,,,9117,,,,,,,,
,,,,,,0.09494,,1560.15605,,69,,,,,,1786520817.9211,,,,9129,,,,,,,,
,,,,,,,,1564.30922,,69,,0.18707,,,,1786520822.07424,,,,9174,,,,,,,,
,,,,,,0.06955,,1569.85529,,69,,,,,,1786520827.62019,,,,9232,,,,,,,,
,,,,,,0.10137,,1579.69368,,70,,,,,,1786520837.45864,,,,9245,,,,,,,,
,,,,,,0.05783,,1584.70588,,70,,,,,,1786520842.47096,,,,9296,,,,,,,,
,,,,,,,,1606.47713,,71,,,,,,1786520864.2419,,,,9395,,,,,,0.0,,
,,,,,,0.11462,,1613.71909,,71,,,,,,1786520871.48415,,,,9453,,,,,,,,
,,,,,,,,1619.78375,,71,,0.2344,,,,1786520877.54882,,,,9502,,,,,,,,
,,,,,,0.09338,,1629.37039,,72,,,,,,1786520887.13539,,,,9509,,,,,,,,
,,,,,,,,1636.20699,,72,,,,,,1786520893.97208,,,,9583,,,,,,0.0,,
,,,,,,,,1696.10954,,75,,0.20239,,,,1786520953.87452,,,,9938,,,,,,,,
,,,,,,0.062,,1697.63051,,75,,,,,,1786520955.39544,,,,9952,,,,,,,,
,,,,,,0.07242,,1703.48892,,75,,,,,,1786520961.25362,,,,10008,,,,,,,,
,,,,,,,,1704.88377,,75,,0.20439,,,,1786520962.64853,,,,10022,,,,,,,,
,,,,,,,,1738.28334,,77,,,,,,1786520996.04828,,,,10187,,,,,,0.0,,
,,,,,,0.10838,,1764.14086,,78,,,,,,1786521021.90564,,,,10329,,,,,,,,
,,,,,,,,1797.12326,,79,,,,,,1786521054.88809,,,,10515,,,,,,0.0,,
,,,,,,0.05432,,1812.16033,,80,,,,,,1786521069.92539,,,,10568,,,,,,,,
,,,,,,,,1813.21722,,80,,,,,,1786521070.982,,,,10579,,,,,,0.0,,
,,,,,,0.05392,,1815.47389,,80,,,,,,1786521073.2388,,,,10604,,,,,,,,
,,,,,,,,1815.96569,,80,,0.17789,,,,1786521073.73065,,,,10610,,,,,,,,
,,,,,,0.08924,,1822.92565,,80,,,,,,1786521080.69067,,,,10685,,,,,,,,
,,,,,,,,1835.50361,,81,,0.24263,,,,1786521093.26859,,,,10698,,,,,,,,
,,,,,,,,1835.77208,,81,,,,,,1786521093.53701,,,,10699,,,,,,1e-05,,
,,,,,,0.12134,,1843.12064,,81,,,,,,1786521100.8856,,,,10757,,,,,,,,
,,,,,,,,1910.76395,,84,,,,,,1786521168.52887,,,,11099,,,,,,0.0,,
,,,,,,,,1912.77549,,84,,0.17749,,,,1786521170.54052,,,,11122,,,,,,,,
,,,,,,,,1976.91959,,87,,,,,,1786521234.68444,,,,11519,,,,,,0.0,,
,,,,,,0.0948,,1980.16513,,87,,,,,,1786521237.92998,,,,11553,,,,,,,,
,,,,,,0.05908,,1980.84822,,87,,,,,,1786521238.61312,,,,11560,,,,,,,,
,,,,,,,,2019.03295,,89,,,,,,1786521276.79773,,,,11751,,,,,,9.33285,,
,,,,,,,,2019.46908,,89,,,,,,1786521277.23408,,,,11755,,,,,,0.0,,
,,,,,,,,2021.68603,,89,,,,,,1786521279.45094,,,,11779,,,,,,0.0,,
,,,,,,0.098,,2030.73133,,89,,,,,,1786521288.49629,,,,11877,,,,,,,,
,,,,,,,,2042.96328,,90,,0.20392,,,,1786521300.72802,,,,11902,,,,,,,,
,,,,,,,,2078.70959,,91,,,,,,1786521336.47452,,,,12131,,,,,,0.0,,
,,,,,,0.09783,,2094.07061,,92,,,,,,1786521351.83556,,,,12189,,,,,,,,
,,,,,,,,2097.64816,,92,,0.1962,,,,1786521355.41316,,,,12226,,,,,,,,
,,,,,,,,2100.21253,,92,,,,,,1786521357.97735,,,,12251,,,,,,0.0,,
,,,,,,,,2101.20243,,92,,0.19596,,,,1786521358.96751,,,,12262,,,,,,,,
,,,,,,,,2117.62384,,93,,0.1962,,,,1786521375.3887,,,,12338,,,,,,,,
,,,,,,0.05984,,2123.91426,,93,,,,,,1786521381.67933,,,,12400,,,,,,,,
,,,,,,,,2131.16995,,94,,,5.97572,,,1786521388.93466,,,,12409,,,,,,,,
,,,,,,0.05219,,2139.69095,,94,,,,,,1786521397.45594,,,,12472,,,,,,,,
,,,,,,,,2159.06454,,95,,,,,,1786521416.82934,,,,12571,,,,,,0.0,,
,,,,,,0.10036,,2180.20904,,96,,,,,,1786521437.97413,,,,12689,,,,,,,,
,,,,,,0.0554,,2182.03281,,96,,,,,,1786521439.7979,,,,12708,,,,,,,,
,,,,,,2.73522,,2201.27058,,97,,,,,,1786521459.03524,,,,12806,,,,,,,,
,,,,,,0.0579,,2209.25735,,97,,,,,,1786521467.02229,,,,12888,,,,,,,,
,,,,,,,,2210.19424,,97,,0.19905,,,,1786521467.95925,,,,12898,,,,,,,,
,,,,,,,,2210.59561,,97,,0.20082,,,,1786521468.36062,,,,12902,,,,,,,,
,,,,,,,,2210.79665,,97,,,,,,1786521468.56147,,,,12903,,,,,,0.0,,
,,,,,,,,2220.67353,,98,,,6.16684,,,1786521478.43829,,,,12937,,,,,,,,
,,,,,,0.05941,,2224.75513,,98,,,,,,1786521482.52011,,,,12948,,,,,,,,
,,,,,,,,2230.6729,,98,,,,,,1786521488.43782,,,,13007,,,,,,0.0,,
,,,,,,,,2257.77779,,99,,,,,,1786521515.5428,,,,13187,,,,,,0.0,,
,,,,,,,,2275.71853,,100,,0.20779,,,,1786521533.48332,,,,13254,,,,,,,,
,,,,,,,,2280.71474,,100,,0.20622,,,,1786521538.47964,,,,13302,,,,,,,,
,,,,,,,,2324.53124,,102,,,,,,1786521582.29604,,,,13551,,,,,,0.0,,
,,,,,,0.0523,,2324.58414,,102,,,,,,1786521582.34907,,,,13552,,,,,,,,
,,,,,,0.08795,,2327.19228,,102,,,,,,1786521584.95731,,,,13581,,,,,,,,
,,,,,,0.07637,,2341.5783,,103,,,,,,1786521599.34321,,,,13612,,,,,,,,
,,,,,,,,2345.63604,,103,,0.23304,,,,1786521603.40104,,,,13646,,,,,,,,
0.0,2461639.0,1.00013,514.90625,0.0592,0.70993,,1.25301,2355.78425,0.05514,104,347.0,,,0.34259,514.90625,1786521613.54913,1.36638,4e-05,,13727,947.0,0.89242,0.06316,0.0,0.01887,,347.0,947.0
,,,,,,,,2356.37971,,104,,,,,,1786521614.14442,,,0.23803,13728,,,,,,,,
,,,,,,0.09954,,2368.44222,,104,,,,,,1786521626.20721,,,,13757,,,,,,,,
,,,,,,0.10027,,2375.75781,,104,,,,,,1786521633.52273,,,,13829,,,,,,,,
,,,,,,0.10773,,2393.03688,,105,,,,,,1786521650.80186,,,,13897,,,,,,,,
,,,,,,,,2395.51933,,105,,,,,,1786521653.28408,,,,13919,,,,,,0.0,,
,,,,,,,,2485.40752,,109,,,,,,1786521743.17243,,,,14439,,,,,,0.0,,
,,,,,,0.05842,,2487.47018,,109,,,,,,1786521745.23517,,,,14460,,,,,,,,
,,,,,,,,2493.92333,,110,,,,,,1786521751.68816,,,0.18426,14520,,,,,,,,
,,,,,,,,2506.00563,,110,,0.20117,,,,1786521763.7707,,,,14550,,,,,,,,
,,,,,,0.06072,,2507.91795,,110,,,,,,1786521765.68294,,,,14568,,,,,,,,
,,,,,,,,2508.26836,,110,,,,,,1786521766.03312,,,,14571,,,,,,0.0,,
,,,,,,,,2515.02994,,110,,0.20114,,,,1786521772.79497,,,,14638,,,,,,,,
,,,,,,0.04984,,2550.59178,,112,,,,,,1786521808.35683,,,,14788,,,,,,,,
,,,,,,,,2550.89222,,112,,,,,,1786521808.65719,,,,14791,,,,,,0.0,,
,,,,,,0.05282,,2577.63064,,113,,,,,,1786521835.39546,,,,14992,,,,,,,,
,,,,,,,,2577.9556,,113,,,,,,1786521835.72057,,,,14995,,,,,,0.0,,
,,,,,,,,2595.36761,,114,,,,,,1786521853.13256,,,,15071,,,,,,0.0,,
,,,,,,,,2601.35403,,114,,,,,,1786521859.11897,,,,15127,,,,,,0.0,,
,,,,,,0.0673,,2620.12431,,115,,,,,,1786521877.88933,,,,15196,,,,,,,,
,,,,,,,,2629.93386,,115,,,,,,1786521887.69882,,,,15283,,,,,,0.0,,
,,,,,,,,2653.57738,,116,,0.22235,,,,1786521911.34246,,,,15394,,,,,,,,
,,,,,,0.11147,,2656.7264,,116,,,,,,1786521914.49137,,,,15421,,,,,,,,
,,,,,,,,2692.46409,,118,,,,,,1786521950.22895,,,,15583,,,,,,0.0,,
,,,,,,,,2693.5868,,118,,0.22235,,,,1786521951.35181,,,,15594,,,,,,,,
,,,,,,,,2718.49856,,119,,,,,,1786521976.26342,,,,15727,,,,,,0.0,,
,,,,,,,,2749.39976,,120,,,,,,1786522007.16478,,,,15935,,,,,,0.0,,
,,,,,,0.05898,,2765.08429,,121,,,,,,1786522022.84932,,,,15984,,,,,,,,
,,,,,,0.05971,,2765.51489,,121,,,,,,1786522023.27983,,,,15988,,,,,,,,
,,,,,,,,2771.15624,,121,,0.21879,,,,1786522028.92134,,,,16042,,,,,,,,
,,,,,,0.11226,,2771.53575,,121,,,,,,1786522029.30077,,,,16045,,,,,,,,
,,,,,,,,2790.18824,,122,,0.20948,,,,1786522047.95329,,,,16126,,,,,,,,
,,,,,,0.10723,,2814.30998,,123,,,,,,1786522072.07505,,,,16249,,,,,,,,
,,,,,,0.06595,,2822.5639,,123,,,,,,1786522080.32893,,,,16324,,,,,,,,
,,,,,,,,2845.95088,,124,,0.2376,,,,1786522103.71592,,,,16426,,,,,,,,
,,,,,,,,2870.57851,,125,,0.18841,,,,1786522128.34353,,,,16562,,,,,,,,
,,,,,,0.05286,,2871.94487,,125,,,,,,1786522129.70991,,,,16576,,,,,,,,
,,,,,,0.09638,,2876.88482,,125,,,,,,1786522134.64985,,,,16629,,,,,,,,
,,,,,,,,2893.42487,,126,,,,,,1786522151.18991,,,,16687,,,,,,1e-05,,
,,,,,,,,2912.83078,,127,,,,,,1786522170.59585,,,,16779,,,,,,0.0,,
,,,,,,0.0481,,2934.31186,,128,,,,,,1786522192.07685,,,,16920,,,,,,,,
,,,,,,,,2934.93217,,128,,,,,,1786522192.69717,,,,16927,,,,,,0.0,,
,,,,,,,,2940.45031,,128,,0.16289,,,,1786522198.21534,,,,16994,,,,,,,,
,,,,,,,,2956.22313,,129,,0.22231,,,,1786522213.98818,,,,17042,,,,,,,,
,,,,,,,,2969.44169,,129,,0.22197,,,,1786522227.20677,,,,17158,,,,,,,,
,,,,,,,,2986.81904,,130,,,,,,1786522244.58393,,,,17203,,,,,,0.0,,
,,,,,,0.11837,,2990.6609,,130,,,,,,1786522248.42591,,,,17233,,,,,,,,
,,,,,,0.09809,,3059.21488,,133,,,,,,1786522316.97993,,,,17593,,,,,,,,
,,,,,,,,3061.77182,,133,,0.18659,,,,1786522319.53666,,,,17622,,,,,,,,
,,,,,,0.05043,,3064.86646,,133,,,,,,1786522322.63141,,,,17656,,,,,,,,
,,,,,,,,3085.85104,,134,,,,,,1786522343.61587,,,,17767,,,,,,0.0,,
,,,,,,0.06754,,3088.50764,,134,,,,,,1786522346.27239,,,,17792,,,,,,,,
,,,,,,,,3089.51397,,134,,0.21064,,,,1786522347.27905,,,,17802,,,,,,,,
,,,,,,0.05206,,3104.93129,,135,,,,,,1786522362.69629,,,,17872,,,,,,,,
,,,,,,,,3105.96081,,135,,,,,,1786522363.72582,,,,17883,,,,,,0.0,,
,,,,,,0.08809,,3106.10174,,135,,,,,,1786522363.86673,,,,17885,,,,,,,,
,,,,,,,,3110.96613,,135,,,,,,1786522368.73104,,,,17939,,,,,,0.0,,
,,,,,,0.0608,,3124.6294,,136,,,,,,1786522382.39449,,,,17972,,,,,,,,
,,,,,,,,3150.2439,,137,,0.19653,,,,1786522408.00897,,,,18122,,,,,,,,
,,,,,,0.05996,,3158.95137,,137,,,,,,1786522416.71622,,,,18208,,,,,,,,
,,,,,,0.10766,,3181.65669,,138,,,,,,1786522439.42166,,,,18317,,,,,,,,
,,,,,,,,3202.56006,,139,,,,,,1786522460.32508,,,,18415,,,,,,0.0,,
,,,,,,,,3233.30841,,140,,0.2027,,,,1786522491.07348,,,,18610,,,,,,,,
,,,,,,0.10017,,3246.4632,,141,,,,,,1786522504.22824,,,,18645,,,,,,,,
,,,,,,0.10018,,3246.85881,,141,,,,,,1786522504.62387,,,,18649,,,,,,,,
,,,,,,0.1008,,3252.38763,,141,,,,,,1786522510.15272,,,,18705,,,,,,,,
,,,,,,0.09488,,3268.27023,,142,,,,,,1786522526.0352,,,,18777,,,,,,,,
,,,,,,0.09294,,3269.04013,,142,,,,,,1786522526.80517,,,,18785,,,,,,,,
,,,,,,,,3273.09774,,142,,,,,,1786522530.86265,,,,18827,,,,,,0.0,,
,,,,,,0.08643,,3287.54963,,143,,,,,,1786522545.31444,,,,18897,,,,,,,,
,,,,,,0.05253,,3288.88386,,143,,,,,,1786522546.64871,,,,18912,,,,,,,,
,,,,,,0.05176,,3297.05795,,143,,,,,,1786522554.82288,,,,19004,,,,,,,,
,,,,,,0.06056,,3310.36177,,144,,,,,,1786522568.12675,,,,19052,,,,,,,,
,,,,,,,,3311.76345,,144,,,,,,1786522569.52827,,,,19067,,,,,,0.0,,
,,,,,,,,3315.40531,,144,,,,,,1786522573.17033,,,,19107,,,,,,0.0,,
,,,,,,,,3332.79506,,145,,0.21544,,,,1786522590.55999,,,,19174,,,,,,,,
,,,,,,0.10755,,3334.09192,,145,,,,,,1786522591.85694,,,,19185,,,,,,,,
,,,,,,0.06695,,3337.99676,,145,,,,,,1786522595.76175,,,,19220,,,,,,,,
,,,,,,0.06726,,3340.21642,,145,,,,,,1786522597.98145,,,,19240,,,,,,,,
,,,,,,,,3354.19511,,146,,,,,,1786522611.96004,,,,19275,,,,,,10.43304,,
,,,,,,0.05967,,3360.02192,,146,,,,,,1786522617.78679,,,,19332,,,,,,,,
,,,,,,,,3383.27443,,147,,0.20778,,,,1786522641.03944,,,,19454,,,,,,,,
,,,,,,0.10422,,3387.99186,,147,,,,,,1786522645.75673,,,,19497,,,,,,,,
,,,,,,0.05496,,3401.88873,,148,,,,,,1786522659.65369,,,,19544,,,,,,,,
,,,,,,0.05507,,3406.43938,,148,,,,,,1786522664.20436,,,,19592,,,,,,,,
,,,,,,,,3455.66564,,150,,,,,,1786522713.43068,,,,19855,,,,,,0.0,,
,,,,,,,,3457.71493,,150,,0.23018,,,,1786522715.47994,,,,19874,,,,,,,,
,,,,,,0.11895,,3509.32813,,152,,,,,,1786522767.09313,,,,20165,,,,,,,,
,,,,,,,,3550.09051,,154,,0.19214,,,,1786522807.8554,,,,20342,,,,,,,,
,,,,,,,,3557.74383,,154,,0.19499,,,,1786522815.50873,,,,20422,,,,,,,,
,,,,,,0.05811,,3574.54123,,155,,,,,,1786522832.3062,,,,20496,,,,,,,,
,,,,,,,,3581.04461,,155,,0.19661,,,,1786522838.80965,,,,20562,,,,,,,,
,,,,,,,,3624.52266,,157,,,,,,1786522882.2877,,,,20779,,,,,,0.0,,
,,,,,,,,3647.07468,,158,,,,,,1786522904.83974,,,,20911,,,,,,0.0,,
,,,,,,0.10192,,3664.93563,,159,,,,,,1786522922.70067,,,,20997,,,,,,,,
,,,,,,,,3673.01795,,159,,,,,,1786522930.783,,,,21075,,,,,,0.0,,
,,,,,,,,3674.67941,,159,,,,,,1786522932.44426,,,,21091,,,,,,0.0,,
,,,,,,,,3677.14903,,159,,,,,,1786522934.91395,,,,21115,,,,,,0.0,,
,,,,,,0.05462,,3687.05758,,160,,,,,,1786522944.82259,,,,21124,,,,,,,,
,,,,,,0.09453,,3688.26797,,160,,,,,,1786522946.03306,,,,21137,,,,,,,,
,,,,,,0.05283,,3698.50973,,160,,,,,,1786522956.27464,,,,21248,,,,,,,,
,,,,,,0.07337,,3714.70426,,161,,,,,,1786522972.4693,,,,21296,,,,,,,,
,,,,,,,,3716.29256,,161,,0.22946,,,,1786522974.05763,,,,21310,,,,,,,,
,,,,,,2.39722,,3734.05762,,162,,,,,,1786522991.8223,,,,21386,,,,,,,,
,,,,,,,,3767.21384,,163,,0.23014,,,,1786523024.97888,,,,21606,,,,,,,,
,,,,,,,,3771.06136,,163,,0.23711,,,,1786523028.8264,,,,21638,,,,,,,,
,,,,,,0.06768,,3790.31987,,164,,,,,,1786523048.08477,,,,21708,,,,,,,,
,,,,,,0.06009,,3808.63549,,165,,,,,,1786523066.40039,,,,21784,,,,,,,,
,,,,,,0.09855,,3819.4866,,165,,,,,,1786523077.25165,,,,21893,,,,,,,,
