_step,profiling/Time taken: DistilTrainer._get_per_token_logps_and_entropies,profiling/Time taken: DistilTrainer._prepare_inputs,profiling/Time taken: DistilTrainer.compute_loss,profiling/Time taken: DistilTrainer.vLLM.generate,train/sampling/sampling_logp_difference/max,train/global_step,train/sampling/sampling_logp_difference/mean,train/completions/min_terminated_length,train/completions/mean_terminated_length,train/rewards,train/completions/clipped_ratio,_timestamp,train/sampling/importance_sampling_ratio/mean,train/kl_approx,train/learning_rate,train/sampling/importance_sampling_ratio/min,train/sampling/importance_sampling_ratio/max,train/grad_norm,profiling/Time taken: DistilTrainer._move_model_to_vllm,train/num_tokens,train/completions/min_length,train/loss,_runtime,train/completions/max_terminated_length,train/completions/mean_length,train/completions/max_length,train/epoch,train/entropy
158,,,0.1802,,,1,,,,,,1786676399.47276,,,,,,,,,,,38.3171,,,,,
270,,,0.18218,,,2,,,,,,1786676417.29053,,,,,,,,,,,56.13478,,,,,
288,0.04872,,,,,2,,,,,,1786676418.88653,,,,,,,,,,,57.73077,,,,,
304,0.0492,,,,,2,,,,,,1786676420.24006,,,,,,,,,,,59.08435,,,,,
335,,0.0,,,,2,,,,,,1786676422.89478,,,,,,,,,,,61.73899,,,,,
418,,,0.18548,,,3,,,,,,1786676438.49075,,,,,,,,,,,77.33507,,,,,
451,,0.0,,,,3,,,,,,1786676441.87199,,,,,,,,,,,80.71645,,,,,
473,0.09025,,,,,3,,,,,,1786676443.9597,,,,,,,,,,,82.80385,,,,,
489,0.08986,,,,,3,,,,,,1786676445.52031,,,,,,,,,,,84.36456,,,,,
515,,1e-05,,,,3,,,,,,1786676448.10992,,,,,,,,,,,86.95417,,,,,
696,0.05227,,,,,5,,,,,,1786676482.71344,,,,,,,,,,,121.55777,,,,,
712,0.05238,,,,,5,,,,,,1786676484.17998,,,,,,,,,,,123.02413,,,,,
736,0.05182,,,,,5,,,,,,1786676486.36717,,,,,,,,,,,125.21132,,,,,
768,0.05212,,,,,5,,,,,,1786676489.2765,,,,,,,,,,,128.12066,,,,,
802,,,0.22754,,,6,,,,,,1786676502.9956,,,,,,,,,,,141.83975,,,,,
898,,,0.23087,,,6,,,,,,1786676514.54388,,,,,,,,,,,153.38819,,,,,
929,0.12224,,,,,7,,,,,,1786676528.57401,,,,,,,,,,,167.41839,,,,,
989,0.10977,,,,,7,,,,,,1786676535.25971,,,,,,,,,,,174.104,,,,,
1047,,0.0,,,,7,,,,,,1786676541.76411,,,,,,,,,,,180.60827,,,,,
1069,0.09225,,,,,8,,,,,,1786676552.83567,,,,,,,,,,,191.67987,,,,,
1082,,,0.18755,,,8,,,,,,1786676554.0314,,,,,,,,,,,192.87566,,,,,
1150,,,0.18352,,,8,,,,,,1786676560.61292,,,,,,,,,,,199.45706,,,,,
1188,,,,,,9,,,,,,1786676564.83201,,,,,,,0.18038,,,,203.67637,,,,,
1220,0.06591,,,,,9,,,,,,1786676578.6232,,,,,,,,,,,217.46739,,,,,
1312,0.06665,,,,,9,,,,,,1786676588.5719,,,,,,,,,,,227.41607,,,,,
1320,,,,,,10,,,,,,1786676589.9062,,,,,,,0.17946,,,,228.75045,,,,,
1481,0.095,,,,,11,,,,,,1786676627.32697,,,,,,,,,,,266.17132,,,,,
1554,,,0.18047,,,11,,,,,,1786676633.65482,,,,,,,,,,,272.49901,,,,,
1671,,0.0,,,,12,,,,,,1786676655.55935,,,,,,,,,,,294.40353,,,,,
1741,0.10141,,,,,13,,,,,,1786676672.09928,,,,,,,,,,,310.9435,,,,,
1827,,1e-05,,,,13,,,,,,1786676681.1556,,,,,,,,,,,320.00006,,,,,
1924,0.0641,,,,,14,,,,,,1786676701.78139,,,,,,,,,,,340.62558,,,,,
1943,,0.0,,,,14,,,,,,1786676703.88738,,,,,,,,,,,342.73155,,,,,
1977,0.10878,,,,,14,,,,,,1786676707.52712,,,,,,,,,,,346.37129,,,,,
2032,0.05224,,,,,15,,,,,,1786676721.84163,,,,,,,,,,,360.68598,,,,,
2088,0.05313,,,,,15,,,,,,1786676727.04171,,,,,,,,,,,365.88598,,,,,
2121,0.10076,,,,,16,,,,,,1786676739.17845,,,,,,,,,,,378.0227,,,,,
2214,,,0.19615,,,16,,,,,,1786676748.40919,,,,,,,,,,,387.25343,,,,,
2394,,,0.20199,,,18,,,,,,1786676782.70066,,,,,,,,,,,421.54501,,,,,
2425,0.09811,,,,,18,,,,,,1786676786.01336,,,,,,,,,,,424.85766,,,,,
2436,0.06474,,,,,18,,,,,,1786676787.16086,,,,,,,,,,,426.00507,,,,,
2442,,,0.20004,,,18,,,,,,1786676787.71094,,,,,,,,,,,426.55508,,,,,
2610,,,0.19902,,,19,,,,,,1786676815.30809,,,,,,,,,,,454.15225,,,,,
2742,,,0.17724,,,20,,,,,,1786676835.56642,,,,,,,,,,,474.41059,,,,,
2748,0.05212,,,,,20,,,,,,1786676836.15314,,,,,,,,,,,474.99732,,,,,
2779,,0.0,,,,21,,,,,,1786676847.28657,,,,,,,,,,,486.13074,,,,,
2802,,,0.17904,,,21,,,,,,1786676849.25656,,,,,,,,,,,488.10072,,,,,
2809,0.08914,,,,,21,,,,,,1786676849.93427,,,,,,,,,,,488.77855,,,,,
2872,0.05979,,,,,21,,,,,,1786676855.63662,,,,,,,,,,,494.48081,,,,,
2927,,0.0,,,,22,,,,,,1786676869.58025,,,,,,,,,,,508.42441,,,,,
2940,0.05849,,,,,22,,,,,,1786676870.80471,,,,,,,,,,,509.64893,,,,,
3018,,,0.18876,,,22,,,,,,1786676878.4062,,,,,,,,,,,517.25034,,,,,
3180,0.05924,,,,,24,,,,,,1786676913.39954,,,,,,,,,,,552.2437,,,,,
3307,,1e-05,,,,25,,,,,,1786676935.36652,,,,,,,,,,,574.21085,,,,,
3476,0.06468,,,,,26,,,,,,1786676963.9309,,,,,,,,,,,602.77517,,,,,
3545,0.11043,,,,,26,,,,,,1786676971.48845,,,,,,,,,,,610.33264,,,,,
3547,,0.0,,,,26,,,,,,1786676971.74448,,,,,,,,,,,610.58873,,,,,
3587,,0.0,,,,27,,,,,,1786676986.79524,,,,,,,,,,,625.63955,,,,,
3597,0.11101,,,,,27,,,,,,1786676987.83977,,,,,,,,,,,626.68407,,,,,
3606,,,0.21732,,,27,,,,,,1786676988.75873,,,,,,,,,,,627.60296,,,,,
3609,0.11058,,,,,27,,,,,,1786676989.1543,,,,,,,,,,,627.99857,,,,,
3619,,0.0,,,,27,,,,,,1786676990.2964,,,,,,,,,,,629.14079,,,,,
3678,,,0.21848,,,27,,,,,,1786676996.62819,,,,,,,,,,,635.47234,,,,,
3802,,,0.22362,,,28,,,,,,1786677021.74941,,,,,,,,,,,660.59362,,,,,
3851,,1e-05,,,,29,,,,,,1786677038.03879,,,,,,,,,,,676.88312,,,,,
3867,,1e-05,,,,29,,,,,,1786677039.9487,,,,,,,,,,,678.79302,,,,,
3881,0.11268,,,,,29,,,,,,1786677041.57994,,,,,,,,,,,680.42414,,,,,
3908,0.0738,,,,,29,,,,,,1786677044.80241,,,,,,,,,,,683.6467,,,,,
3966,,,0.16727,,,30,,,,,,1786677059.19943,,,,,,,,,,,698.0436,,,,,
3987,,0.0,,,,30,,,,,,1786677061.00327,,,,,,,,,,,699.84746,,,,,
4064,0.0474,,,,,30,,,,,,1786677067.22655,,,,,,,,,,,706.07072,,,,,
4156,0.06631,,,,,31,,,,,,1786677085.34345,,,,,,,,,,,724.18768,,,,,
4166,,,0.20619,,,31,,,,,,1786677086.34805,,,,,,,,,,,725.19221,,,,,
4225,,,,6.50139,,32,,,,,,1786677099.9677,,,,,,,,,,,738.81219,,,,,
4264,0.06596,,,,,32,,,,,,1786677107.48313,,,,,,,,,,,746.32753,,,,,
4274,,,0.21562,,,32,,,,,,1786677108.51339,,,,,,,,,,,747.35766,,,,,
4369,0.09608,,,,,33,,,,,,1786677127.43837,,,,,,,,,,,766.28253,,,,,
4486,,,0.19508,,,33,,,,,,1786677139.65975,,,,,,,,,,,778.50391,,,,,
4580,0.05392,,,,,34,,,,,,1786677156.80293,,,,,,,,,,,795.64723,,,,,
4581,0.08847,,,,,34,,,,,,1786677156.89182,,,,,,,,,,,795.73615,,,,,
4695,,0.0,,,,35,,,,,,1786677177.04067,,,,,,,,,,,815.88486,,,,,
4699,,0.0,,,,35,,,,,,1786677177.43302,,,,,,,,,,,816.27719,,,,,
4728,0.05752,,,,,35,,,,,,1786677180.23951,,,,,,,,,,,819.08372,,,,,
4780,0.04788,,,,,36,,,,,,1786677192.9629,,,,,,,,,,,831.80708,,,,,
4882,,,0.16855,,,36,,,,,,1786677201.52514,,,,,,,,,,,840.36934,,,,,
4939,,0.0,,,,37,,,,,,1786677215.1779,,,,,,,,,,,854.02206,,,,,
4944,0.05459,,,,,37,,,,,,1786677215.60567,,,,,,,,,,,854.44984,,,,,
5158,,,0.18936,,,39,,,,,,1786677252.11831,,,,,,,,,,,890.9625,,,,,
5166,,,0.1879,,,39,,,,,,1786677252.87134,,,,,,,,,,,891.71549,,,,,
5275,,0.0,,,,39,,,,,,1786677263.22059,,,,,,,,,,,902.06473,,,,,
5434,,,0.2033,,,41,,,,,,1786677294.35134,,,,,,,,,,,933.1956,,,,,
5490,,,0.20821,,,41,,,,,,1786677300.4538,,,,,,,,,,,939.29826,,,,,
5563,,0.0,,,,42,,,,,,1786677316.60308,,,,,,,,,,,955.44733,,,,,
5910,,,0.17083,,,44,,,,,,1786677366.45195,,,,,,,,,,,1005.29633,,,,,
6124,0.05482,,,,,46,,,,,,1786677404.66905,,,,,,,,,,,1043.51321,,,,,
6165,0.09995,,,,,46,,,,,,1786677408.60403,,,,,,,,,,,1047.44851,,,,,
6389,0.09713,,,,,48,,,,,,1786677452.79751,,,,,,,,,,,1091.64169,,,,,
6515,,0.0,,,,49,,,,,,1786677473.12801,,,,,,,,,,,1111.97217,,,,,
6560,0.05481,,,,,49,,,,,,1786677477.22719,,,,,,,,,,,1116.0714,,,,,
6645,0.10573,,,,,50,,,,,,1786677496.23235,,,,,,,,,,,1135.07659,,,,,
6675,,0.0,,,,50,,,,,,1786677499.46222,,,,,,,,,,,1138.30643,,,,,
6999,,10.96066,,,,53,,,,,,1786677556.62975,,,,,,,,,,,1195.47414,,,,,
7139,,0.0,,,,54,,,,,,1786677582.57246,,,,,,,,,,,1221.4166,,,,,
7164,0.05497,,,,,54,,,,,,1786677584.97259,,,,,,,,,,,1223.81673,,,,,
7259,,,,,0.26683,55,0.01824,251.0,456.4375,0.0,0.0,1786677594.28229,1.00042,0.07899,9e-05,0.77696,1.30582,0.0787,,1253298.0,251.0,0.09,1233.12665,852.0,456.4375,852.0,0.66265,0.8864
7296,0.05926,,,,,55,,,,,,1786677607.61178,,,,,,,,,,,1246.45597,,,,,
7306,,,0.20326,,,55,,,,,,1786677608.56397,,,,,,,,,,,1247.40814,,,,,
7369,0.10516,,,,,55,,,,,,1786677615.06494,,,,,,,,,,,1253.90914,,,,,
7393,,,,5.43118,,56,,,,,,1786677623.38124,,,,,,,,,,,1262.22581,,,,,
7425,0.09441,,,,,56,,,,,,1786677629.33394,,,,,,,,,,,1268.1781,,,,,
7483,,0.0,,,,56,,,,,,1786677634.94372,,,,,,,,,,,1273.78791,,,,,
7670,,,0.16956,,,58,,,,,,1786677667.99806,,,,,,,,,,,1306.84231,,,,,
7708,0.04813,,,,,58,,,,,,1786677671.27398,,,,,,,,,,,1310.11823,,,,,
7946,,,0.22037,,,60,,,,,,1786677714.19576,,,,,,,,,,,1353.04001,,,,,
7950,,,0.21998,,,60,,,,,,1786677714.64468,,,,,,,,,,,1353.48892,,,,,
7978,,,0.22504,,,60,,,,,,1786677717.81205,,,,,,,,,,,1356.65626,,,,,
8077,0.11568,,,,,61,,,,,,1786677739.71895,,,,,,,,,,,1378.56324,,,,,
8290,,,0.196,,,62,,,,,,1786677771.06985,,,,,,,,,,,1409.91401,,,,,
8325,0.08173,,,,,63,,,,,,1786677784.09492,,,,,,,,,,,1422.93925,,,,,
8338,,,0.20119,,,63,,,,,,1786677785.36294,,,,,,,,,,,1424.20708,,,,,
8342,,,0.20095,,,63,,,,,,1786677785.77236,,,,,,,,,,,1424.61651,,,,,
8453,0.10605,,,,,64,,,,,,1786677806.06179,,,,,,,,,,,1444.90598,,,,,
8460,0.0662,,,,,64,,,,,,1786677806.8186,,,,,,,,,,,1445.6628,,,,,
8533,0.10053,,,,,64,,,,,,1786677814.62581,,,,,,,,,,,1453.46996,,,,,
8553,0.10018,,,,,64,,,,,,1786677816.76125,,,,,,,,,,,1455.60548,,,,,
8615,,0.0,,,,65,,,,,,1786677834.39251,,,,,,,,,,,1473.23687,,,,,
9101,0.10463,,,,,68,,,,,,1786677913.43834,,,,,,,,,,,1552.28251,,,,,
9117,0.09886,,,,,69,,,,,,1786677924.41834,,,,,,,,,,,1563.2626,,,,,
9129,0.09781,,,,,69,,,,,,1786677925.5665,,,,,,,,,,,1564.41082,,,,,
9174,,,0.19077,,,69,,,,,,1786677929.79172,,,,,,,,,,,1568.63586,,,,,
9232,0.05475,,,,,69,,,,,,1786677935.35653,,,,,,,,,,,1574.20069,,,,,
9245,0.08641,,,,,70,,,,,,1786677944.74018,,,,,,,,,,,1583.58449,,,,,
9296,0.06032,,,,,70,,,,,,1786677949.1058,,,,,,,,,,,1587.95005,,,,,
9395,,0.0,,,,71,,,,,,1786677966.3518,,,,,,,,,,,1605.19601,,,,,
9453,0.08575,,,,,71,,,,,,1786677971.44292,,,,,,,,,,,1610.28709,,,,,
9502,,,0.17373,,,71,,,,,,1786677975.73368,,,,,,,,,,,1614.57783,,,,,
9509,0.09255,,,,,72,,,,,,1786677984.72784,,,,,,,,,,,1623.5721,,,,,
9583,,0.0,,,,72,,,,,,1786677991.45245,,,,,,,,,,,1630.29664,,,,,
9938,,,0.22744,,,75,,,,,,1786678065.33416,,,,,,,,,,,1704.17831,,,,,
9952,0.06971,,,,,75,,,,,,1786678067.02988,,,,,,,,,,,1705.87406,,,,,
10008,0.06916,,,,,75,,,,,,1786678073.51478,,,,,,,,,,,1712.35896,,,,,
10022,,,0.2223,,,75,,,,,,1786678075.05461,,,,,,,,,,,1713.89876,,,,,
10187,,1e-05,,,,77,,,,,,1786678112.4541,,,,,,,,,,,1751.29838,,,,,
10329,0.09253,,,,,78,,,,,,1786678136.94248,,,,,,,,,,,1775.78672,,,,,
10515,,0.0,,,,79,,,,,,1786678162.86507,,,,,,,,,,,1801.70927,,,,,
10568,0.0544,,,,,80,,,,,,1786678175.85233,,,,,,,,,,,1814.69652,,,,,
10579,,0.0,,,,80,,,,,,1786678176.79853,,,,,,,,,,,1815.64272,,,,,
10604,0.04981,,,,,80,,,,,,1786678178.8685,,,,,,,,,,,1817.71279,,,,,
10610,,,0.16444,,,80,,,,,,1786678179.31623,,,,,,,,,,,1818.16049,,,,,
10685,0.08259,,,,,80,,,,,,1786678185.5174,,,,,,,,,,,1824.36157,,,,,
10698,,,0.18197,,,81,,,,,,1786678194.9892,,,,,,,,,,,1833.83337,,,,,
10699,,0.0,,,,81,,,,,,1786678195.17074,,,,,,,,,,,1834.01497,,,,,
10757,0.09269,,,,,81,,,,,,1786678200.20997,,,,,,,,,,,1839.05438,,,,,
11099,,0.0,,,,84,,,,,,1786678262.64656,,,,,,,,,,,1901.49073,,,,,
11122,,,0.18228,,,84,,,,,,1786678264.75703,,,,,,,,,,,1903.60118,,,,,
11519,,0.0,,,,87,,,,,,1786678329.93223,,,,,,,,,,,1968.77648,,,,,
11553,0.10742,,,,,87,,,,,,1786678333.59087,,,,,,,,,,,1972.43518,,,,,
11560,0.06576,,,,,87,,,,,,1786678334.35064,,,,,,,,,,,1973.19482,,,,,
11751,,9.05934,,,,89,,,,,,1786678371.62934,,,,,,,,,,,2010.47366,,,,,
11755,,0.0,,,,89,,,,,,1786678372.02014,,,,,,,,,,,2010.8643,,,,,
11779,,0.0,,,,89,,,,,,1786678374.3477,,,,,,,,,,,2013.19185,,,,,
11877,0.0951,,,,,89,,,,,,1786678383.78809,,,,,,,,,,,2022.63228,,,,,
11902,,,0.188,,,90,,,,,,1786678394.74112,,,,,,,,,,,2033.58528,,,,,
12131,,0.0,,,,91,,,,,,1786678430.53242,,,,,,,,,,,2069.37665,,,,,
12189,0.08685,,,,,92,,,,,,1786678445.13892,,,,,,,,,,,2083.98325,,,,,
12226,,,0.18724,,,92,,,,,,1786678448.528,,,,,,,,,,,2087.37216,,,,,
12251,,0.0,,,,92,,,,,,1786678450.94647,,,,,,,,,,,2089.79068,,,,,
12262,,,0.18711,,,92,,,,,,1786678451.8833,,,,,,,,,,,2090.72747,,,,,
12338,,,0.19513,,,93,,,,,,1786678468.71618,,,,,,,,,,,2107.56033,,,,,
12400,0.05778,,,,,93,,,,,,1786678474.92392,,,,,,,,,,,2113.7681,,,,,
12409,,,,7.42736,,94,,,,,,1786678483.62159,,,,,,,,,,,2122.4662,,,,,
12472,0.05991,,,,,94,,,,,,1786678493.38572,,,,,,,,,,,2132.22997,,,,,
12571,,0.0,,,,95,,,,,,1786678514.02936,,,,,,,,,,,2152.87353,,,,,
12689,0.10426,,,,,96,,,,,,1786678536.18001,,,,,,,,,,,2175.0242,,,,,
12708,0.06595,,,,,96,,,,,,1786678538.20665,,,,,,,,,,,2177.051,,,,,
12806,2.59676,,,,,97,,,,,,1786678558.05338,,,,,,,,,,,2196.89795,,,,,
12888,0.05491,,,,,97,,,,,,1786678565.81122,,,,,,,,,,,2204.65539,,,,,
12898,,,0.19436,,,97,,,,,,1786678566.71703,,,,,,,,,,,2205.56119,,,,,
12902,,,0.19434,,,97,,,,,,1786678567.10294,,,,,,,,,,,2205.94712,,,,,
12903,,0.0,,,,97,,,,,,1786678567.29298,,,,,,,,,,,2206.13714,,,,,
12937,,,,7.26384,,98,,,,,,1786678578.14939,,,,,,,,,,,2216.9939,,,,,
12948,0.06098,,,,,98,,,,,,1786678582.45629,,,,,,,,,,,2221.30061,,,,,
13007,,1e-05,,,,98,,,,,,1786678588.83585,,,,,,,,,,,2227.68004,,,,,
13187,,0.0,,,,99,,,,,,1786678613.97382,,,,,,,,,,,2252.81799,,,,,
13254,,,0.19169,,,100,,,,,,1786678630.44821,,,,,,,,,,,2269.29243,,,,,
13302,,,0.19523,,,100,,,,,,1786678635.22001,,,,,,,,,,,2274.0642,,,,,
13551,,0.0,,,,102,,,,,,1786678677.74731,,,,,,,,,,,2316.59164,,,,,
13552,0.06451,,,,,102,,,,,,1786678677.81243,,,,,,,,,,,2316.65683,,,,,
13581,0.10594,,,,,102,,,,,,1786678680.8951,,,,,,,,,,,2319.73934,,,,,
13612,0.05808,,,,,103,,,,,,1786678693.73631,,,,,,,,,,,2332.5805,,,,,
13646,,,0.20019,,,103,,,,,,1786678697.05681,,,,,,,,,,,2335.90111,,,,,
13727,,,,,0.35684,104,0.01808,253.0,508.03125,0.0,0.0,1786678705.19106,0.99977,0.06679,4e-05,0.76428,1.4288,0.08357,,2436721.0,253.0,0.0723,2344.03533,849.0,508.03125,849.0,1.25301,0.91486
13728,,,,,,104,,,,,,1786678705.71557,,,,,,,0.17861,,,,2344.55983,,,,,
13757,0.10916,,,,,104,,,,,,1786678719.08461,,,,,,,,,,,2357.92879,,,,,
13829,0.10738,,,,,104,,,,,,1786678726.86537,,,,,,,,,,,2365.70955,,,,,
13897,0.10117,,,,,105,,,,,,1786678743.75854,,,,,,,,,,,2382.6027,,,,,
13919,,0.0,,,,105,,,,,,1786678746.1126,,,,,,,,,,,2384.95689,,,,,
14439,,0.0,,,,109,,,,,,1786678843.15401,,,,,,,,,,,2481.9982,,,,,
14460,0.05883,,,,,109,,,,,,1786678845.21633,,,,,,,,,,,2484.06046,,,,,
14520,,,,,,110,,,,,,1786678851.66912,,,,,,,0.18237,,,,2490.51355,,,,,
14550,,,0.20141,,,110,,,,,,1786678863.71433,,,,,,,,,,,2502.55851,,,,,
14568,0.06738,,,,,110,,,,,,1786678865.73809,,,,,,,,,,,2504.58247,,,,,
14571,,0.0,,,,110,,,,,,1786678866.09795,,,,,,,,,,,2504.94234,,,,,
14638,,,0.20394,,,110,,,,,,1786678873.23299,,,,,,,,,,,2512.07739,,,,,
14788,0.05031,,,,,112,,,,,,1786678907.40426,,,,,,,,,,,2546.24854,,,,,
14791,,0.0,,,,112,,,,,,1786678907.71083,,,,,,,,,,,2546.55501,,,,,
14992,0.06312,,,,,113,,,,,,1786678936.51701,,,,,,,,,,,2575.36118,,,,,
14995,,0.0,,,,113,,,,,,1786678936.87422,,,,,,,,,,,2575.71842,,,,,
15071,,0.0,,,,114,,,,,,1786678954.84767,,,,,,,,,,,2593.69186,,,,,
15127,,0.0,,,,114,,,,,,1786678960.57581,,,,,,,,,,,2599.41998,,,,,
15196,0.04911,,,,,115,,,,,,1786678975.24383,,,,,,,,,,,2614.08804,,,,,
15283,,0.0,,,,115,,,,,,1786678982.70379,,,,,,,,,,,2621.54799,,,,,
15394,,,0.14798,,,116,,,,,,1786678999.00573,,,,,,,,,,,2637.84987,,,,,
15421,0.06996,,,,,116,,,,,,1786679001.22654,,,,,,,,,,,2640.0707,,,,,
15583,,0.0,,,,118,,,,,,1786679037.08204,,,,,,,,,,,2675.92625,,,,,
15594,,,0.19454,,,118,,,,,,1786679038.06516,,,,,,,,,,,2676.90931,,,,,
15727,,0.0,,,,119,,,,,,1786679060.69481,,,,,,,,,,,2699.53902,,,,,
15935,,0.0,,,,120,,,,,,1786679093.37367,,,,,,,,,,,2732.21785,,,,,
15984,0.06865,,,,,121,,,,,,1786679109.49816,,,,,,,,,,,2748.34233,,,,,
15988,0.06835,,,,,121,,,,,,1786679109.95338,,,,,,,,,,,2748.79756,,,,,
16042,,,0.21743,,,121,,,,,,1786679115.95676,,,,,,,,,,,2754.80093,,,,,
16045,0.10738,,,,,121,,,,,,1786679116.36418,,,,,,,,,,,2755.20834,,,,,
16126,,,0.19527,,,122,,,,,,1786679134.47234,,,,,,,,,,,2773.31653,,,,,
16249,0.10031,,,,,123,,,,,,1786679155.69669,,,,,,,,,,,2794.54085,,,,,
16324,0.05827,,,,,123,,,,,,1786679163.20327,,,,,,,,,,,2802.04748,,,,,
16426,,,0.25661,,,124,,,,,,1786679187.28044,,,,,,,,,,,2826.1246,,,,,
16562,,,0.2201,,,125,,,,,,1786679215.32389,,,,,,,,,,,2854.16811,,,,,
16576,0.06562,,,,,125,,,,,,1786679216.94502,,,,,,,,,,,2855.78927,,,,,
16629,0.11076,,,,,125,,,,,,1786679222.83657,,,,,,,,,,,2861.68076,,,,,
16687,,0.0,,,,126,,,,,,1786679239.67531,,,,,,,,,,,2878.51948,,,,,
16779,,0.0,,,,127,,,,,,1786679259.95614,,,,,,,,,,,2898.80036,,,,,
16920,0.0674,,,,,128,,,,,,1786679286.47344,,,,,,,,,,,2925.31762,,,,,
16927,,0.0,,,,128,,,,,,1786679287.30736,,,,,,,,,,,2926.15162,,,,,
16994,,,0.22186,,,128,,,,,,1786679294.74558,,,,,,,,,,,2933.58974,,,,,
17042,,,0.18519,,,129,,,,,,1786679308.96393,,,,,,,,,,,2947.8081,,,,,
17158,,,0.18602,,,129,,,,,,1786679319.64047,,,,,,,,,,,2958.48461,,,,,
17203,,0.0,,,,130,,,,,,1786679333.38625,,,,,,,,,,,2972.23042,,,,,
17233,0.09809,,,,,130,,,,,,1786679336.30204,,,,,,,,,,,2975.14627,,,,,
17593,0.1028,,,,,133,,,,,,1786679402.04182,,,,,,,,,,,3040.886,,,,,
17622,,,0.20561,,,133,,,,,,1786679405.00489,,,,,,,,,,,3043.84903,,,,,
17656,0.06156,,,,,133,,,,,,1786679408.58972,,,,,,,,,,,3047.4339,,,,,
17767,,0.0,,,,134,,,,,,1786679429.75431,,,,,,,,,,,3068.59858,,,,,
17792,0.05776,,,,,134,,,,,,1786679432.20736,,,,,,,,,,,3071.05154,,,,,
17802,,,0.19781,,,134,,,,,,1786679433.14012,,,,,,,,,,,3071.98428,,,,,
17872,0.07542,,,,,135,,,,,,1786679452.02353,,,,,,,,,,,3090.86775,,,,,
17883,,0.0,,,,135,,,,,,1786679453.39998,,,,,,,,,,,3092.24421,,,,,
17885,0.11386,,,,,135,,,,,,1786679453.58988,,,,,,,,,,,3092.4341,,,,,
17939,,0.0,,,,135,,,,,,1786679460.18055,,,,,,,,,,,3099.02476,,,,,
17972,0.05271,,,,,136,,,,,,1786679472.4563,,,,,,,,,,,3111.30047,,,,,
18122,,,0.20221,,,137,,,,,,1786679496.23214,,,,,,,,,,,3135.07628,,,,,
18208,0.0641,,,,,137,,,,,,1786679505.37378,,,,,,,,,,,3144.21799,,,,,
18317,0.10102,,,,,138,,,,,,1786679525.36911,,,,,,,,,,,3164.21327,,,,,
18415,,0.0,,,,139,,,,,,1786679546.28111,,,,,,,,,,,3185.12531,,,,,
18610,,,0.22512,,,140,,,,,,1786679578.72313,,,,,,,,,,,3217.56727,,,,,
18645,0.10922,,,,,141,,,,,,1786679592.84426,,,,,,,,,,,3231.68848,,,,,
18649,0.10839,,,,,141,,,,,,1786679593.2595,,,,,,,,,,,3232.10366,,,,,
18705,0.1078,,,,,141,,,,,,1786679599.0182,,,,,,,,,,,3237.86236,,,,,
18777,0.10122,,,,,142,,,,,,1786679615.96706,,,,,,,,,,,3254.81124,,,,,
18785,0.10043,,,,,142,,,,,,1786679616.78587,,,,,,,,,,,3255.63004,,,,,
18827,,0.0,,,,142,,,,,,1786679621.1027,,,,,,,,,,,3259.94686,,,,,
18897,0.11746,,,,,143,,,,,,1786679639.74435,,,,,,,,,,,3278.58852,,,,,
18912,0.06751,,,,,143,,,,,,1786679641.48299,,,,,,,,,,,3280.32717,,,,,
19004,0.06742,,,,,143,,,,,,1786679652.11624,,,,,,,,,,,3290.9604,,,,,
19052,0.05916,,,,,144,,,,,,1786679666.87391,,,,,,,,,,,3305.71817,,,,,
19067,,0.0,,,,144,,,,,,1786679668.4288,,,,,,,,,,,3307.27296,,,,,
19107,,0.0,,,,144,,,,,,1786679672.47271,,,,,,,,,,,3311.31689,,,,,
19174,,,0.2148,,,145,,,,,,1786679690.21347,,,,,,,,,,,3329.0577,,,,,
19185,0.10611,,,,,145,,,,,,1786679691.4861,,,,,,,,,,,3330.33028,,,,,
19220,0.06654,,,,,145,,,,,,1786679695.30082,,,,,,,,,,,3334.14501,,,,,
19240,0.06944,,,,,145,,,,,,1786679697.50445,,,,,,,,,,,3336.34875,,,,,
19275,,9.14156,,,,146,,,,,,1786679710.13843,,,,,,,,,,,3348.98276,,,,,
19332,0.0539,,,,,146,,,,,,1786679715.52201,,,,,,,,,,,3354.36617,,,,,
19454,,,0.25084,,,147,,,,,,1786679740.68585,,,,,,,,,,,3379.52999,,,,,
19497,0.12314,,,,,147,,,,,,1786679746.46653,,,,,,,,,,,3385.31069,,,,,
19544,0.06543,,,,,148,,,,,,1786679762.43884,,,,,,,,,,,3401.28301,,,,,
19592,0.06536,,,,,148,,,,,,1786679767.64092,,,,,,,,,,,3406.48505,,,,,
19855,,0.0,,,,150,,,,,,1786679816.89916,,,,,,,,,,,3455.74336,,,,,
19874,,,0.21599,,,150,,,,,,1786679818.87498,,,,,,,,,,,3457.71913,,,,,
20165,0.11586,,,,,152,,,,,,1786679869.86043,,,,,,,,,,,3508.7046,,,,,
20342,,,0.1913,,,154,,,,,,1786679906.8054,,,,,,,,,,,3545.64972,,,,,
20422,,,0.18956,,,154,,,,,,1786679914.60765,,,,,,,,,,,3553.45178,,,,,
20496,0.05872,,,,,155,,,,,,1786679932.04581,,,,,,,,,,,3570.88997,,,,,
20562,,,0.19389,,,155,,,,,,1786679938.52516,,,,,,,,,,,3577.36938,,,,,
20779,,0.0,,,,157,,,,,,1786679982.29847,,,,,,,,,,,3621.14261,,,,,
20911,,0.0,,,,158,,,,,,1786680006.5581,,,,,,,,,,,3645.40234,,,,,
20997,0.09674,,,,,159,,,,,,1786680025.05218,,,,,,,,,,,3663.89641,,,,,
21075,,0.0,,,,159,,,,,,1786680032.49269,,,,,,,,,,,3671.33685,,,,,
21091,,0.0,,,,159,,,,,,1786680033.99945,,,,,,,,,,,3672.84365,,,,,
21115,,0.0,,,,159,,,,,,1786680036.26736,,,,,,,,,,,3675.11158,,,,,
21124,0.07749,,,,,160,,,,,,1786680047.61952,,,,,,,,,,,3686.46379,,,,,
21137,0.11002,,,,,160,,,,,,1786680049.17221,,,,,,,,,,,3688.01642,,,,,
21248,0.07537,,,,,160,,,,,,1786680062.43541,,,,,,,,,,,3701.27967,,,,,
21296,0.06629,,,,,161,,,,,,1786680078.34312,,,,,,,,,,,3717.18729,,,,,
21310,,,0.21677,,,161,,,,,,1786680079.82541,,,,,,,,,,,3718.66956,,,,,
21386,3.70501,,,,,162,,,,,,1786680100.32612,,,,,,,,,,,3739.17066,,,,,
21606,,,0.18077,,,163,,,,,,1786680134.5331,,,,,,,,,,,3773.37725,,,,,
21638,,,0.18015,,,163,,,,,,1786680137.50465,,,,,,,,,,,3776.34879,,,,,
21708,0.06962,,,,,164,,,,,,1786680155.7914,,,,,,,,,,,3794.63559,,,,,
21784,0.05586,,,,,165,,,,,,1786680173.20819,,,,,,,,,,,3812.05242,,,,,
21893,0.08989,,,,,165,,,,,,1786680183.39574,,,,,,,,,,,3822.23991,,,,,
