train/completions/mean_length,train/sampling/sampling_logp_difference/mean,_runtime,profiling/Time taken: DistilTrainer._get_per_token_logps_and_entropies,train/learning_rate,_step,train/completions/mean_terminated_length,train/completions/clipped_ratio,train/sampling/importance_sampling_ratio/min,train/rewards,train/grad_norm,train/completions/max_terminated_length,train/epoch,train/sampling/importance_sampling_ratio/max,profiling/Time taken: DistilTrainer._move_model_to_vllm,train/kl_approx,train/completions/min_terminated_length,profiling/Time taken: DistilTrainer.compute_loss,train/sampling/sampling_logp_difference/max,train/loss,_timestamp,train/completions/max_length,train/entropy,train/global_step,train/num_tokens,profiling/Time taken: DistilTrainer._prepare_inputs,train/completions/min_length,train/sampling/importance_sampling_ratio/mean,profiling/Time taken: DistilTrainer.vLLM.generate
,,41.0167,,,158,,,,,,,,,,,,0.20229,,,1786800829.57698,,,1,,,,,
,,60.13112,,,270,,,,,,,,,,,,0.19537,,,1786800848.69143,,,2,,,,,
,,61.89231,0.05734,,288,,,,,,,,,,,,,,,1786800850.45264,,,2,,,,,
,,63.39704,0.05712,,304,,,,,,,,,,,,,,,1786800851.95737,,,2,,,,,
,,66.33049,,,335,,,,,,,,,,,,,,,1786800854.89076,,,2,,0.0,,,
,,80.60282,,,418,,,,,,,,,,,,0.14878,,,1786800869.16316,,,3,,,,,
,,83.36402,,,451,,,,,,,,,,,,,,,1786800871.92431,,,3,,0.0,,,
,,85.10054,0.07088,,473,,,,,,,,,,,,,,,1786800873.66089,,,3,,,,,
,,86.39425,0.0727,,489,,,,,,,,,,,,,,,1786800874.95449,,,3,,,,,
,,88.53673,,,515,,,,,,,,,,,,,,,1786800877.09705,,,3,,0.0,,,
,,122.64727,0.06975,,696,,,,,,,,,,,,,,,1786800911.20755,,,5,,,,,
,,124.45202,0.0695,,712,,,,,,,,,,,,,,,1786800913.01228,,,5,,,,,
,,127.14815,0.06923,,736,,,,,,,,,,,,,,,1786800915.70836,,,5,,,,,
,,130.7554,0.07014,,768,,,,,,,,,,,,,,,1786800919.3156,,,5,,,,,
,,142.15614,,,802,,,,,,,,,,,,0.17312,,,1786800930.71651,,,6,,,,,
,,150.44117,,,898,,,,,,,,,,,,0.17161,,,1786800939.00141,,,6,,,,,
,,163.1955,0.11225,,929,,,,,,,,,,,,,,,1786800951.75559,,,7,,,,,
,,169.97946,0.10713,,989,,,,,,,,,,,,,,,1786800958.53972,,,7,,,,,
,,176.61114,,,1047,,,,,,,,,,,,,,,1786800965.17132,,,7,,0.0,,,
,,189.92835,0.11043,,1069,,,,,,,,,,,,,,,1786800978.4885,,,8,,,,,
,,191.28775,,,1082,,,,,,,,,,,,0.21809,,,1786800979.84785,,,8,,,,,
,,198.73696,,,1150,,,,,,,,,,,,0.21671,,,1786800987.29734,,,8,,,,,
,,203.44324,,,1188,,,,,,,,,0.18234,,,,,,1786800992.00344,,,9,,,,,
,,216.68882,0.0608,,1220,,,,,,,,,,,,,,,1786801005.24915,,,9,,,,,
,,226.15995,0.0607,,1312,,,,,,,,,,,,,,,1786801014.72019,,,9,,,,,
,,227.46088,,,1320,,,,,,,,,0.18068,,,,,,1786801016.02123,,,10,,,,,
,,264.01451,0.09972,,1481,,,,,,,,,,,,,,,1786801052.57488,,,11,,,,,
,,271.3127,,,1554,,,,,,,,,,,,0.19808,,,1786801059.87309,,,11,,,,,
,,291.85639,,,1671,,,,,,,,,,,,,,,1786801080.41677,,,12,,0.0,,,
,,308.7797,0.09774,,1741,,,,,,,,,,,,,,,1786801097.34006,,,13,,,,,
,,317.40223,,,1827,,,,,,,,,,,,,,,1786801105.96256,,,13,,0.0,,,
,,335.91827,0.05763,,1924,,,,,,,,,,,,,,,1786801124.47866,,,14,,,,,
,,337.78913,,,1943,,,,,,,,,,,,,,,1786801126.34915,,,14,,1e-05,,,
,,341.02868,0.09223,,1977,,,,,,,,,,,,,,,1786801129.58901,,,14,,,,,
,,355.34551,0.06074,,2032,,,,,,,,,,,,,,,1786801143.9058,,,15,,,,,
,,360.78544,0.06314,,2088,,,,,,,,,,,,,,,1786801149.34539,,,15,,,,,
,,372.26917,0.09263,,2121,,,,,,,,,,,,,,,1786801160.82936,,,16,,,,,
,,380.91813,,,2214,,,,,,,,,,,,0.18397,,,1786801169.47843,,,16,,,,,
,,415.0722,,,2394,,,,,,,,,,,,0.2084,,,1786801203.6326,,,18,,,,,
,,418.56092,0.10333,,2425,,,,,,,,,,,,,,,1786801207.12114,,,18,,,,,
,,419.77834,0.06866,,2436,,,,,,,,,,,,,,,1786801208.33865,,,18,,,,,
,,420.35929,,,2442,,,,,,,,,,,,0.21071,,,1786801208.91966,,,18,,,,,
,,444.16769,,,2610,,,,,,,,,,,,0.16651,,,1786801232.728,,,19,,,,,
,,463.56839,,,2742,,,,,,,,,,,,0.1744,,,1786801252.12864,,,20,,,,,
,,464.1572,0.052,,2748,,,,,,,,,,,,,,,1786801252.71754,,,20,,,,,
,,478.67777,,,2779,,,,,,,,,,,,,,,1786801267.2378,,,21,,0.0,,,
,,481.55966,,,2802,,,,,,,,,,,,0.24702,,,1786801270.12002,,,21,,,,,
,,482.57056,0.11883,,2809,,,,,,,,,,,,,,,1786801271.13086,,,21,,,,,
,,490.77502,0.08274,,2872,,,,,,,,,,,,,,,1786801279.3352,,,21,,,,,
,,505.70288,,,2927,,,,,,,,,,,,,,,1786801294.26326,,,22,,0.0,,,
,,506.95096,0.05809,,2940,,,,,,,,,,,,,,,1786801295.51129,,,22,,,,,
,,514.60634,,,3018,,,,,,,,,,,,0.19456,,,1786801303.16673,,,22,,,,,
,,547.94084,0.07244,,3180,,,,,,,,,,,,,,,1786801336.50108,,,24,,,,,
,,571.88953,,,3307,,,,,,,,,,,,,,,1786801360.44988,,,25,,0.0,,,
,,600.60722,0.06768,,3476,,,,,,,,,,,,,,,1786801389.16742,,,26,,,,,
,,608.37115,0.10822,,3545,,,,,,,,,,,,,,,1786801396.93132,,,26,,,,,
,,608.64364,,,3547,,,,,,,,,,,,,,,1786801397.20365,,,26,,0.0,,,
,,622.36805,,,3587,,,,,,,,,,,,,,,1786801410.92839,,,27,,0.0,,,
,,623.29433,0.10347,,3597,,,,,,,,,,,,,,,1786801411.85469,,,27,,,,,
,,624.1086,,,3606,,,,,,,,,,,,0.19911,,,1786801412.66899,,,27,,,,,
,,624.46078,0.10566,,3609,,,,,,,,,,,,,,,1786801413.02108,,,27,,,,,
,,625.46318,,,3619,,,,,,,,,,,,,,,1786801414.0233,,,27,,0.0,,,
,,631.08813,,,3678,,,,,,,,,,,,0.19917,,,1786801419.64853,,,27,,,,,
,,652.68521,,,3802,,,,,,,,,,,,0.19297,,,1786801441.2456,,,28,,,,,
,,667.89318,,,3851,,,,,,,,,,,,,,,1786801456.45353,,,29,,0.0,,,
,,669.66872,,,3867,,,,,,,,,,,,,,,1786801458.22882,,,29,,0.0,,,
,,671.17653,0.10682,,3881,,,,,,,,,,,,,,,1786801459.73674,,,29,,,,,
,,674.15619,0.06802,,3908,,,,,,,,,,,,,,,1786801462.71639,,,29,,,,,
,,689.11009,,,3966,,,,,,,,,,,,0.18333,,,1786801477.67044,,,30,,,,,
,,691.21538,,,3987,,,,,,,,,,,,,,,1786801479.77548,,,30,,0.0,,,
,,698.42769,0.05541,,4064,,,,,,,,,,,,,,,1786801486.98793,,,30,,,,,
,,719.3278,0.07148,,4156,,,,,,,,,,,,,,,1786801507.88797,,,31,,,,,
,,720.42043,,,4166,,,,,,,,,,,,0.22686,,,1786801508.98072,,,31,,,,,
,,732.85636,,,4225,,,,,,,,,,,,,,,1786801521.41637,,,32,,,,,5.05677
,,739.23479,0.05435,,4264,,,,,,,,,,,,,,,1786801527.79515,,,32,,,,,
,,740.11796,,,4274,,,,,,,,,,,,0.1866,,,1786801528.67831,,,32,,,,,
,,756.89219,0.08616,,4369,,,,,,,,,,,,,,,1786801545.45254,,,33,,,,,
,,766.91156,,,4486,,,,,,,,,,,,0.17205,,,1786801555.47184,,,33,,,,,
,,787.80655,0.0759,,4580,,,,,,,,,,,,,,,1786801576.3669,,,34,,,,,
,,787.91217,0.10521,,4581,,,,,,,,,,,,,,,1786801576.47245,,,34,,,,,
,,806.46395,,,4695,,,,,,,,,,,,,,,1786801595.02421,,,35,,0.0,,,
,,806.80379,,,4699,,,,,,,,,,,,,,,1786801595.36412,,,35,,0.0,,,
,,809.22752,0.04871,,4728,,,,,,,,,,,,,,,1786801597.78789,,,35,,,,,
,,822.60745,0.05526,,4780,,,,,,,,,,,,,,,1786801611.16766,,,36,,,,,
,,832.01768,,,4882,,,,,,,,,,,,0.17954,,,1786801620.57803,,,36,,,,,
,,849.26531,,,4939,,,,,,,,,,,,,,,1786801637.82539,,,37,,1e-05,,,
,,849.81566,0.07486,,4944,,,,,,,,,,,,,,,1786801638.37586,,,37,,,,,
,,889.87988,,,5158,,,,,,,,,,,,0.19619,,,1786801678.44027,,,39,,,,,
,,890.65266,,,5166,,,,,,,,,,,,0.19426,,,1786801679.21306,,,39,,,,,
,,901.15142,,,5275,,,,,,,,,,,,,,,1786801689.71176,,,39,,0.0,,,
,,936.91482,,,5434,,,,,,,,,,,,0.16534,,,1786801725.47519,,,41,,,,,
,,941.7714,,,5490,,,,,,,,,,,,0.17602,,,1786801730.3318,,,41,,,,,
,,960.09224,,,5563,,,,,,,,,,,,,,,1786801748.6526,,,42,,0.0,,,
,,1014.95104,,,5910,,,,,,,,,,,,0.17779,,,1786801803.5114,,,44,,,,,
,,1055.75147,0.06005,,6124,,,,,,,,,,,,,,,1786801844.31181,,,46,,,,,
,,1059.86848,0.09853,,6165,,,,,,,,,,,,,,,1786801848.42881,,,46,,,,,
,,1096.58634,0.09497,,6389,,,,,,,,,,,,,,,1786801885.14668,,,48,,,,,
,,1116.87922,,,6515,,,,,,,,,,,,,,,1786801905.43957,,,49,,0.0,,,
,,1121.12531,0.05682,,6560,,,,,,,,,,,,,,,1786801909.68563,,,49,,,,,
,,1140.19421,0.09426,,6645,,,,,,,,,,,,,,,1786801928.75455,,,50,,,,,
,,1143.19899,,,6675,,,,,,,,,,,,,,,1786801931.75929,,,50,,0.0,,,
,,1199.01672,,,6999,,,,,,,,,,,,,,,1786801987.57694,,,53,,10.11825,,,
,,1221.57803,,,7139,,,,,,,,,,,,,,,1786802010.13818,,,54,,0.0,,,
,,1223.86976,0.05539,,7164,,,,,,,,,,,,,,,1786802012.43011,,,54,,,,,
452.84375,0.01954,1232.74303,,9e-05,7259,452.84375,0.0,0.74563,0.0,0.06716,656.0,0.66265,1.47578,,0.07485,233.0,,0.38919,0.0744,1786802021.30323,656.0,0.91789,55,1253539.0,,233.0,1.0004,
,,1244.39654,0.0548,,7296,,,,,,,,,,,,,,,1786802032.9569,,,55,,,,,
,,1245.24675,,,7306,,,,,,,,,,,,0.17705,,,1786802033.80715,,,55,,,,,
,,1251.07485,0.08847,,7369,,,,,,,,,,,,,,,1786802039.63524,,,55,,,,,
,,1259.15198,,,7393,,,,,,,,,,,,,,,1786802047.71179,,,56,,,,,5.4826
,,1264.92987,0.09128,,7425,,,,,,,,,,,,,,,1786802053.49024,,,56,,,,,
,,1270.3548,,,7483,,,,,,,,,,,,,,,1786802058.91496,,,56,,0.0,,,
,,1308.11081,,,7670,,,,,,,,,,,,0.181,,,1786802096.67121,,,58,,,,,
,,1311.77771,0.05782,,7708,,,,,,,,,,,,,,,1786802100.33797,,,58,,,,,
,,1354.43703,,,7946,,,,,,,,,,,,0.22039,,,1786802142.99731,,,60,,,,,
,,1354.88159,,,7950,,,,,,,,,,,,0.21995,,,1786802143.44199,,,60,,,,,
,,1357.97949,,,7978,,,,,,,,,,,,0.21823,,,1786802146.5399,,,60,,,,,
,,1379.51668,0.10829,,8077,,,,,,,,,,,,,,,1786802168.07701,,,61,,,,,
,,1410.02286,,,8290,,,,,,,,,,,,0.18345,,,1786802198.58321,,,62,,,,,
,,1423.84192,0.11125,,8325,,,,,,,,,,,,,,,1786802212.40221,,,63,,,,,
,,1425.18976,,,8338,,,,,,,,,,,,0.2135,,,1786802213.75013,,,63,,,,,
,,1425.61956,,,8342,,,,,,,,,,,,0.2129,,,1786802214.17995,,,63,,,,,
,,1446.41615,0.0972,,8453,,,,,,,,,,,,,,,1786802234.97644,,,64,,,,,
,,1447.08866,0.05655,,8460,,,,,,,,,,,,,,,1786802235.64904,,,64,,,,,
,,1454.02654,0.09151,,8533,,,,,,,,,,,,,,,1786802242.58691,,,64,,,,,
,,1455.93517,0.09463,,8553,,,,,,,,,,,,,,,1786802244.49551,,,64,,,,,
,,1469.68336,,,8615,,,,,,,,,,,,,,,1786802258.24354,,,65,,0.0,,,
,,1543.8717,0.10158,,9101,,,,,,,,,,,,,,,1786802332.43201,,,68,,,,,
,,1554.44453,0.08972,,9117,,,,,,,,,,,,,,,1786802343.00473,,,69,,,,,
,,1555.54818,0.08813,,9129,,,,,,,,,,,,,,,1786802344.10854,,,69,,,,,
,,1559.6376,,,9174,,,,,,,,,,,,0.17775,,,1786802348.19798,,,69,,,,,
,,1565.03555,0.05545,,9232,,,,,,,,,,,,,,,1786802353.59585,,,69,,,,,
,,1575.81126,0.1047,,9245,,,,,,,,,,,,,,,1786802364.37158,,,70,,,,,
,,1581.38497,0.06754,,9296,,,,,,,,,,,,,,,1786802369.94531,,,70,,,,,
,,1599.86887,,,9395,,,,,,,,,,,,,,,1786802388.4292,,,71,,0.0,,,
,,1604.71941,0.08724,,9453,,,,,,,,,,,,,,,1786802393.27979,,,71,,,,,
,,1608.81015,,,9502,,,,,,,,,,,,0.17142,,,1786802397.3704,,,71,,,,,
,,1617.60804,0.08988,,9509,,,,,,,,,,,,,,,1786802406.16837,,,72,,,,,
,,1624.44204,,,9583,,,,,,,,,,,,,,,1786802413.00228,,,72,,0.0,,,
,,1686.60474,,,9938,,,,,,,,,,,,0.19032,,,1786802475.16514,,,75,,,,,
,,1688.00972,0.05537,,9952,,,,,,,,,,,,,,,1786802476.57009,,,75,,,,,
,,1693.40832,0.05501,,10008,,,,,,,,,,,,,,,1786802481.96869,,,75,,,,,
,,1694.70187,,,10022,,,,,,,,,,,,0.19031,,,1786802483.26219,,,75,,,,,
,,1726.89283,,,10187,,,,,,,,,,,,,,,1786802515.45314,,,77,,0.0,,,
,,1749.75058,0.1038,,10329,,,,,,,,,,,,,,,1786802538.31096,,,78,,,,,
,,1778.5724,,,10515,,,,,,,,,,,,,,,1786802567.13272,,,79,,0.0,,,
,,1792.76178,0.05876,,10568,,,,,,,,,,,,,,,1786802581.32203,,,80,,,,,
,,1793.88994,,,10579,,,,,,,,,,,,,,,1786802582.45028,,,80,,0.0,,,
,,1796.31531,0.05785,,10604,,,,,,,,,,,,,,,1786802584.87567,,,80,,,,,
,,1796.83706,,,10610,,,,,,,,,,,,0.19277,,,1786802585.39745,,,80,,,,,
,,1804.31587,0.09802,,10685,,,,,,,,,,,,,,,1786802592.87625,,,80,,,,,
,,1813.98333,,,10698,,,,,,,,,,,,0.18287,,,1786802602.5437,,,81,,,,,
,,1814.16202,,,10699,,,,,,,,,,,,,,,1786802602.72229,,,81,,0.0,,,
,,1819.22497,0.0935,,10757,,,,,,,,,,,,,,,1786802607.7852,,,81,,,,,
,,1881.1692,,,11099,,,,,,,,,,,,,,,1786802669.72955,,,84,,0.0,,,
,,1883.35955,,,11122,,,,,,,,,,,,0.19781,,,1786802671.91994,,,84,,,,,
,,1956.47868,,,11519,,,,,,,,,,,,,,,1786802745.03893,,,87,,0.0,,,
,,1959.83157,0.10055,,11553,,,,,,,,,,,,,,,1786802748.39195,,,87,,,,,
,,1960.53161,0.05814,,11560,,,,,,,,,,,,,,,1786802749.09195,,,87,,,,,
,,1998.23072,,,11751,,,,,,,,,,,,,,,1786802786.79098,,,89,,9.58786,,,
,,1998.63732,,,11755,,,,,,,,,,,,,,,1786802787.19739,,,89,,0.0,,,
,,2001.05026,,,11779,,,,,,,,,,,,,,,1786802789.61045,,,89,,0.0,,,
,,2010.81453,0.09864,,11877,,,,,,,,,,,,,,,1786802799.37479,,,89,,,,,
,,2022.07028,,,11902,,,,,,,,,,,,0.18456,,,1786802810.63061,,,90,,,,,
,,2053.59077,,,12131,,,,,,,,,,,,,,,1786802842.1511,,,91,,0.0,,,
,,2071.18423,0.11659,,12189,,,,,,,,,,,,,,,1786802859.74455,,,92,,,,,
,,2075.31865,,,12226,,,,,,,,,,,,0.22592,,,1786802863.87904,,,92,,,,,
,,2078.26757,,,12251,,,,,,,,,,,,,,,1786802866.82772,,,92,,0.0,,,
,,2079.39943,,,12262,,,,,,,,,,,,0.22756,,,1786802867.95982,,,92,,,,,
,,2098.53698,,,12338,,,,,,,,,,,,0.21945,,,1786802887.09731,,,93,,,,,
,,2105.70388,0.06935,,12400,,,,,,,,,,,,,,,1786802894.26423,,,93,,,,,
,,2113.10666,,,12409,,,,,,,,,,,,,,,1786802901.66648,,,94,,,,,6.0135
,,2122.28783,0.05834,,12472,,,,,,,,,,,,,,,1786802910.84792,,,94,,,,,
,,2140.60563,,,12571,,,,,,,,,,,,,,,1786802929.16598,,,95,,0.0,,,
,,2160.72971,0.09513,,12689,,,,,,,,,,,,,,,1786802949.29004,,,96,,,,,
,,2162.49837,0.05383,,12708,,,,,,,,,,,,,,,1786802951.05873,,,96,,,,,
,,2183.54213,3.62119,,12806,,,,,,,,,,,,,,,1786802972.10214,,,97,,,,,
,,2193.76474,0.07672,,12888,,,,,,,,,,,,,,,1786802982.32514,,,97,,,,,
,,2194.93482,,,12898,,,,,,,,,,,,0.2482,,,1786802983.49521,,,97,,,,,
,,2195.43633,,,12902,,,,,,,,,,,,0.24755,,,1786802983.99671,,,97,,,,,
,,2195.69402,,,12903,,,,,,,,,,,,,,,1786802984.25439,,,97,,0.0,,,
,,2206.42604,,,12937,,,,,,,,,,,,,,,1786802994.98609,,,98,,,,,6.05914
,,2210.16375,0.05297,,12948,,,,,,,,,,,,,,,1786802998.72413,,,98,,,,,
,,2215.67619,,,13007,,,,,,,,,,,,,,,1786803004.2364,,,98,,0.0,,,
,,2242.48432,,,13187,,,,,,,,,,,,,,,1786803031.04469,,,99,,0.0,,,
,,2262.02932,,,13254,,,,,,,,,,,,0.21636,,,1786803050.58964,,,100,,,,,
,,2267.31412,,,13302,,,,,,,,,,,,0.21878,,,1786803055.87449,,,100,,,,,
,,2312.78943,,,13551,,,,,,,,,,,,,,,1786803101.34965,,,102,,0.0,,,
,,2312.85017,0.06022,,13552,,,,,,,,,,,,,,,1786803101.41048,,,102,,,,,
,,2315.68709,0.0975,,13581,,,,,,,,,,,,,,,1786803104.24735,,,102,,,,,
,,2327.83839,0.05423,,13612,,,,,,,,,,,,,,,1786803116.39864,,,103,,,,,
,,2331.00424,,,13646,,,,,,,,,,,,0.18996,,,1786803119.56462,,,103,,,,,
524.34375,0.01857,2338.80369,,4e-05,13727,524.34375,0.0,0.77966,0.0,0.06835,788.0,1.25301,1.41782,,0.06625,347.0,,0.34912,0.0629,1786803127.36394,788.0,0.93287,104,2449363.0,,347.0,1.00039,
,,2339.32759,,,13728,,,,,,,,,0.18156,,,,,,1786803127.88787,,,104,,,,,
,,2350.54497,0.0974,,13757,,,,,,,,,,,,,,,1786803139.10526,,,104,,,,,
,,2357.31951,0.09717,,13829,,,,,,,,,,,,,,,1786803145.87988,,,104,,,,,
,,2374.18145,0.10573,,13897,,,,,,,,,,,,,,,1786803162.74183,,,105,,,,,
,,2376.67267,,,13919,,,,,,,,,,,,,,,1786803165.23305,,,105,,0.0,,,
,,2478.32642,,,14439,,,,,,,,,,,,,,,1786803266.88678,,,109,,0.0,,,
,,2480.18058,0.05247,,14460,,,,,,,,,,,,,,,1786803268.74072,,,109,,,,,
,,2486.04769,,,14520,,,,,,,,,0.18243,,,,,,1786803274.60796,,,110,,,,,
,,2497.43475,,,14550,,,,,,,,,,,,0.1844,,,1786803285.99513,,,110,,,,,
,,2499.22483,0.05825,,14568,,,,,,,,,,,,,,,1786803287.78512,,,110,,,,,
,,2499.55387,,,14571,,,,,,,,,,,,,,,1786803288.11406,,,110,,0.0,,,
,,2505.84939,,,14638,,,,,,,,,,,,0.18521,,,1786803294.40978,,,110,,,,,
,,2544.52082,0.09958,,14788,,,,,,,,,,,,,,,1786803333.08099,,,112,,,,,
,,2544.89803,,,14791,,,,,,,,,,,,,,,1786803333.45823,,,112,,0.0,,,
,,2577.17873,0.06442,,14992,,,,,,,,,,,,,,,1786803365.73907,,,113,,,,,
,,2577.53851,,,14995,,,,,,,,,,,,,,,1786803366.09884,,,113,,0.0,,,
,,2593.42695,,,15071,,,,,,,,,,,,,,,1786803381.98721,,,114,,0.0,,,
,,2598.21849,,,15127,,,,,,,,,,,,,,,1786803386.77868,,,114,,0.0,,,
,,2612.6938,0.04965,,15196,,,,,,,,,,,,,,,1786803401.25417,,,115,,,,,
,,2620.4063,,,15283,,,,,,,,,,,,,,,1786803408.96649,,,115,,0.0,,,
,,2641.32057,,,15394,,,,,,,,,,,,0.20557,,,1786803429.88096,,,116,,,,,
,,2644.14458,0.10232,,15421,,,,,,,,,,,,,,,1786803432.70496,,,116,,,,,
,,2678.16502,,,15583,,,,,,,,,,,,,,,1786803466.72522,,,118,,0.0,,,
,,2679.30824,,,15594,,,,,,,,,,,,0.22192,,,1786803467.86861,,,118,,,,,
,,2704.27743,,,15727,,,,,,,,,,,,,,,1786803492.8377,,,119,,0.0,,,
,,2734.86901,,,15935,,,,,,,,,,,,,,,1786803523.42918,,,120,,0.0,,,
,,2748.22947,0.05601,,15984,,,,,,,,,,,,,,,1786803536.78958,,,121,,,,,
,,2748.60705,0.06203,,15988,,,,,,,,,,,,,,,1786803537.16733,,,121,,,,,
,,2753.57231,,,16042,,,,,,,,,,,,0.18231,,,1786803542.13268,,,121,,,,,
,,2753.92187,0.07918,,16045,,,,,,,,,,,,,,,1786803542.48199,,,121,,,,,
,,2770.41869,,,16126,,,,,,,,,,,,0.19151,,,1786803558.97894,,,122,,,,,
,,2794.45964,0.12358,,16249,,,,,,,,,,,,,,,1786803583.01993,,,123,,,,,
,,2804.32424,0.07894,,16324,,,,,,,,,,,,,,,1786803592.88451,,,123,,,,,
,,2823.78485,,,16426,,,,,,,,,,,,0.17577,,,1786803612.34517,,,124,,,,,
,,2844.55094,,,16562,,,,,,,,,,,,0.17694,,,1786803633.1113,,,125,,,,,
,,2845.88107,0.0531,,16576,,,,,,,,,,,,,,,1786803634.44143,,,125,,,,,
,,2850.70137,0.08927,,16629,,,,,,,,,,,,,,,1786803639.26174,,,125,,,,,
,,2865.34803,,,16687,,,,,,,,,,,,,,,1786803653.90825,,,126,,0.0,,,
,,2884.36011,,,16779,,,,,,,,,,,,,,,1786803672.92038,,,127,,0.0,,,
,,2910.25752,0.05997,,16920,,,,,,,,,,,,,,,1786803698.81787,,,128,,,,,
,,2911.0033,,,16927,,,,,,,,,,,,,,,1786803699.56366,,,128,,0.0,,,
,,2917.68426,,,16994,,,,,,,,,,,,0.19899,,,1786803706.24458,,,128,,,,,
,,2932.0337,,,17042,,,,,,,,,,,,0.20705,,,1786803720.59404,,,129,,,,,
,,2944.85048,,,17158,,,,,,,,,,,,0.20787,,,1786803733.41086,,,129,,,,,
,,2958.81602,,,17203,,,,,,,,,,,,,,,1786803747.37635,,,130,,0.0,,,
,,2961.63862,0.09588,,17233,,,,,,,,,,,,,,,1786803750.19893,,,130,,,,,
,,3022.60037,0.08739,,17593,,,,,,,,,,,,,,,1786803811.16072,,,133,,,,,
,,3025.14381,,,17622,,,,,,,,,,,,0.17565,,,1786803813.70415,,,133,,,,,
,,3028.24606,0.05211,,17656,,,,,,,,,,,,,,,1786803816.80633,,,133,,,,,
,,3046.93492,,,17767,,,,,,,,,,,,,,,1786803835.49523,,,134,,0.0,,,
,,3049.17397,0.05457,,17792,,,,,,,,,,,,,,,1786803837.73425,,,134,,,,,
,,3050.03577,,,17802,,,,,,,,,,,,0.17766,,,1786803838.59607,,,134,,,,,
,,3068.10483,0.06643,,17872,,,,,,,,,,,,,,,1786803856.66511,,,135,,,,,
,,3069.34982,,,17883,,,,,,,,,,,,,,,1786803857.91011,,,135,,0.0,,,
,,3069.52545,0.10861,,17885,,,,,,,,,,,,,,,1786803858.08569,,,135,,,,,
,,3075.53413,,,17939,,,,,,,,,,,,,,,1786803864.09441,,,135,,0.0,,,
,,3090.09925,0.07571,,17972,,,,,,,,,,,,,,,1786803878.65959,,,136,,,,,
,,3117.7038,,,18122,,,,,,,,,,,,0.2078,,,1786803906.2642,,,137,,,,,
,,3126.60082,0.06015,,18208,,,,,,,,,,,,,,,1786803915.16116,,,137,,,,,
,,3148.07797,0.10675,,18317,,,,,,,,,,,,,,,1786803936.63825,,,138,,,,,
,,3165.60342,,,18415,,,,,,,,,,,,,,,1786803954.16373,,,139,,0.0,,,
,,3197.00381,,,18610,,,,,,,,,,,,0.22356,,,1786803985.56421,,,140,,,,,
,,3209.86871,0.09746,,18645,,,,,,,,,,,,,,,1786803998.42902,,,141,,,,,
,,3210.28061,0.09991,,18649,,,,,,,,,,,,,,,1786803998.84097,,,141,,,,,
,,3215.98678,0.09785,,18705,,,,,,,,,,,,,,,1786804004.54698,,,141,,,,,
,,3233.60049,0.10398,,18777,,,,,,,,,,,,,,,1786804022.16081,,,142,,,,,
,,3234.47463,0.10174,,18785,,,,,,,,,,,,,,,1786804023.03492,,,142,,,,,
,,3239.10233,,,18827,,,,,,,,,,,,,,,1786804027.66272,,,142,,0.0,,,
,,3254.51898,0.08275,,18897,,,,,,,,,,,,,,,1786804043.07931,,,143,,,,,
,,3255.79244,0.04919,,18912,,,,,,,,,,,,,,,1786804044.3528,,,143,,,,,
,,3263.61466,0.0492,,19004,,,,,,,,,,,,,,,1786804052.17504,,,143,,,,,
,,3278.46547,0.06571,,19052,,,,,,,,,,,,,,,1786804067.02575,,,144,,,,,
,,3280.11862,,,19067,,,,,,,,,,,,,,,1786804068.67889,,,144,,0.0,,,
,,3284.42114,,,19107,,,,,,,,,,,,,,,1786804072.9814,,,144,,0.0,,,
,,3301.17565,,,19174,,,,,,,,,,,,0.19625,,,1786804089.73604,,,145,,,,,
,,3302.33586,0.09843,,19185,,,,,,,,,,,,,,,1786804090.89624,,,145,,,,,
,,3305.79572,0.05807,,19220,,,,,,,,,,,,,,,1786804094.35612,,,145,,,,,
,,3307.7835,0.0582,,19240,,,,,,,,,,,,,,,1786804096.34384,,,145,,,,,
,,3321.02435,,,19275,,,,,,,,,,,,,,,1786804109.5846,,,146,,10.05443,,,
,,3327.14128,0.06569,,19332,,,,,,,,,,,,,,,1786804115.70166,,,146,,,,,
,,3349.37781,,,19454,,,,,,,,,,,,0.19694,,,1786804137.9382,,,147,,,,,
,,3353.69605,0.10004,,19497,,,,,,,,,,,,,,,1786804142.25639,,,147,,,,,
,,3367.64819,0.05388,,19544,,,,,,,,,,,,,,,1786804156.20847,,,148,,,,,
,,3372.27656,0.05446,,19592,,,,,,,,,,,,,,,1786804160.83678,,,148,,,,,
,,3425.1648,,,19855,,,,,,,,,,,,,,,1786804213.72507,,,150,,0.0,,,
,,3426.89658,,,19874,,,,,,,,,,,,0.19091,,,1786804215.45694,,,150,,,,,
,,3472.33505,0.09031,,20165,,,,,,,,,,,,,,,1786804260.89516,,,152,,,,,
,,3508.84513,,,20342,,,,,,,,,,,,0.19477,,,1786804297.40544,,,154,,,,,
,,3516.87034,,,20422,,,,,,,,,,,,0.19535,,,1786804305.43062,,,154,,,,,
,,3532.75161,0.05387,,20496,,,,,,,,,,,,,,,1786804321.31182,,,155,,,,,
,,3538.90364,,,20562,,,,,,,,,,,,0.18971,,,1786804327.46393,,,155,,,,,
,,3580.11684,,,20779,,,,,,,,,,,,,,,1786804368.67708,,,157,,0.0,,,
,,3602.5077,,,20911,,,,,,,,,,,,,,,1786804391.06802,,,158,,0.0,,,
,,3619.87075,0.08955,,20997,,,,,,,,,,,,,,,1786804408.43105,,,159,,,,,
,,3627.18501,,,21075,,,,,,,,,,,,,,,1786804415.74531,,,159,,0.0,,,
,,3628.66806,,,21091,,,,,,,,,,,,,,,1786804417.22836,,,159,,0.0,,,
,,3630.91385,,,21115,,,,,,,,,,,,,,,1786804419.47405,,,159,,0.0,,,
,,3641.74703,0.06796,,21124,,,,,,,,,,,,,,,1786804430.30725,,,160,,,,,
,,3643.17175,0.10348,,21137,,,,,,,,,,,,,,,1786804431.73204,,,160,,,,,
,,3655.32664,0.06731,,21248,,,,,,,,,,,,,,,1786804443.88696,,,160,,,,,
,,3671.73786,0.06802,,21296,,,,,,,,,,,,,,,1786804460.29807,,,161,,,,,
,,3673.26692,,,21310,,,,,,,,,,,,0.22697,,,1786804461.82723,,,161,,,,,
,,3693.00998,3.27901,,21386,,,,,,,,,,,,,,,1786804481.56944,,,162,,,,,
,,3730.28196,,,21606,,,,,,,,,,,,0.23475,,,1786804518.84225,,,163,,,,,
,,3734.35651,,,21638,,,,,,,,,,,,0.23681,,,1786804522.91685,,,163,,,,,
,,3750.72625,0.05328,,21708,,,,,,,,,,,,,,,1786804539.2865,,,164,,,,,
,,3768.07862,0.06686,,21784,,,,,,,,,,,,,,,1786804556.63889,,,165,,,,,
,,3780.04026,0.10754,,21893,,,,,,,,,,,,,,,1786804568.60037,,,165,,,,,
