profiling/Time taken: DistilTrainer._move_model_to_vllm,train/completions/max_length,_runtime,train/sampling/importance_sampling_ratio/mean,train/completions/mean_terminated_length,train/completions/max_terminated_length,profiling/Time taken: DistilTrainer.vLLM.generate,train/completions/min_length,train/entropy,train/global_step,train/completions/mean_length,train/rewards,_timestamp,profiling/Time taken: DistilTrainer.compute_loss,train/loss,train/grad_norm,train/completions/clipped_ratio,train/sampling/importance_sampling_ratio/max,train/sampling/importance_sampling_ratio/min,train/sampling/sampling_logp_difference/max,train/sampling/sampling_logp_difference/mean,profiling/Time taken: DistilTrainer._prepare_inputs,_step,train/learning_rate,train/completions/min_terminated_length,profiling/Time taken: DistilTrainer._get_per_token_logps_and_entropies,train/kl_approx,train/num_tokens,train/epoch
,,46.26317,,,,,,,1,,,1782987149.5827,0.20679,,,,,,,,,158,,,,,,
,,70.47701,,,,,,,2,,,1782987173.79657,,,,,,,,,,288,,,0.08583,,,
,,72.27991,,,,,,,2,,,1782987175.59942,,,,,,,,,,304,,,0.08521,,,
,,75.79215,,,,,,,2,,,1782987179.11171,,,,,,,,,1e-05,335,,,,,,
,,111.00661,,,,,,,3,,,1782987214.3261,,,,,,,,,,489,,,0.08815,,,
,,115.36206,,,,,,,3,,,1782987218.68159,,,,,,,,,1e-05,515,,,,,,
,,164.14382,,,,,,,5,,,1782987267.46337,,,,,,,,,,696,,,0.08471,,,
,,171.85537,,,,,,,5,,,1782987275.1749,,,,,,,,,,768,,,0.08683,,,
,,185.58604,,,,,,,6,,,1782987288.90562,0.2082,,,,,,,,,802,,,,,,
,,226.3119,,,,,,,7,,,1782987329.63147,,,,,,,,,,989,,,0.08805,,,
,,236.07239,,,,,,,7,,,1782987339.39192,,,,,,,,,1e-05,1047,,,,,,
,,255.63645,,,,,,,8,,,1782987358.95592,0.27379,,,,,,,,,1082,,,,,,
,,266.86881,,,,,,,8,,,1782987370.18837,0.27455,,,,,,,,,1150,,,,,,
0.27945,,273.94798,,,,,,,9,,,1782987377.26728,,,,,,,,,,1188,,,,,,
,,292.91165,,,,,,,9,,,1782987396.23116,,,,,,,,,,1220,,,0.11266,,,
,,308.11834,,,,,,,9,,,1782987411.43782,,,,,,,,,,1312,,,0.11215,,,
0.28479,,310.08595,,,,,,,10,,,1782987413.40536,,,,,,,,,,1320,,,,,,
,,354.52596,,,,,,,11,,,1782987457.84556,,,,,,,,,,1481,,,0.05924,,,
,,362.72147,,,,,,,11,,,1782987466.04101,0.18647,,,,,,,,,1554,,,,,,
,,390.42456,,,,,,,12,,,1782987493.74395,,,,,,,,,0.0,1671,,,,,,
,,429.75652,,,,,,,13,,,1782987533.07583,,,,,,,,,1e-05,1827,,,,,,
,,449.72148,,,,,,,14,,,1782987553.04104,,,,,,,,,,1924,,,0.08355,,,
,,455.54135,,,,,,,14,,,1782987558.8609,,,,,,,,,,1977,,,0.05589,,,
,,480.68569,,,,,,,15,,,1782987584.00523,,,,,,,,,,2088,,,0.08719,,,
,,504.98628,,,,,,,16,,,1782987608.30586,0.19855,,,,,,,,,2214,,,,,,
,,549.39225,,,,,,,18,,,1782987652.71185,0.24657,,,,,,,,,2394,,,,,,
,,554.17789,,,,,,,18,,,1782987657.49742,,,,,,,,,,2425,,,0.07958,,,
,,556.66161,,,,,,,18,,,1782987659.98121,0.24737,,,,,,,,,2442,,,,,,
,,646.91106,,,,,,,21,,,1782987750.23044,,,,,,,,,1e-05,2779,,,,,,
,,649.75381,,,,,,,21,,,1782987753.07341,0.22812,,,,,,,,,2802,,,,,,
,,650.74731,,,,,,,21,,,1782987754.06669,,,,,,,,,,2809,,,0.07542,,,
,,659.06845,,,,,,,21,,,1782987762.38797,,,,,,,,,,2872,,,0.09009,,,
,,683.32879,,,,,,,22,,,1782987786.64833,,,,,,,,,,2940,,,0.11174,,,
,,696.02083,,,,,,,22,,,1782987799.34041,0.27411,,,,,,,,,3018,,,,,,
,,751.64174,,,,,,,24,,,1782987854.96127,,,,,,,,,,3180,,,0.11213,,,
,,785.63523,,,,,,,25,,,1782987888.95472,,,,,,,,,1e-05,3307,,,,,,
,,822.66318,,,,,,,26,,,1782987925.98271,,,,,,,,,,3476,,,0.09964,,,
,,832.95834,,,,,,,26,,,1782987936.27782,,,,,,,,,1e-05,3547,,,,,,
,,852.79042,,,,,,,27,,,1782987956.1099,,,,,,,,,1e-05,3587,,,,,,
,,854.24792,,,,,,,27,,,1782987957.56751,,,,,,,,,,3597,,,0.08622,,,
,,855.58573,,,,,,,27,,,1782987958.90531,0.26516,,,,,,,,,3606,,,,,,
,,926.56884,,,,,,,29,,,1782988029.88835,,,,,,,,,,3908,,,0.10469,,,
,,944.62713,,,,,,,30,,,1782988047.94672,0.20412,,,,,,,,,3966,,,,,,
,,956.93617,,,,,,,30,,,1782988060.25576,,,,,,,,,,4064,,,0.08873,,,
,,980.44657,,,,,,,31,,,1782988083.76604,,,,,,,,,,4156,,,0.09704,,,
,,981.72261,,,,,,,31,,,1782988085.04216,0.23452,,,,,,,,,4166,,,,,,
,,997.98083,,,,7.24863,,,32,,,1782988101.29977,,,,,,,,,,4225,,,,,,
,,1048.56684,,,,,,,33,,,1782988151.88642,0.205,,,,,,,,,4486,,,,,,
,,1070.06375,,,,,,,34,,,1782988173.38327,,,,,,,,,,4580,,,0.08698,,,
,,1070.13262,,,,,,,34,,,1782988173.45215,,,,,,,,,,4581,,,0.06855,,,
,,1092.12457,,,,,,,35,,,1782988195.44405,,,,,,,,,1e-05,4695,,,,,,
,,1092.5784,,,,,,,35,,,1782988195.89794,,,,,,,,,1e-05,4699,,,,,,
,,1095.83433,,,,,,,35,,,1782988199.15386,,,,,,,,,,4728,,,0.0848,,,
,,1116.30321,,,,,,,36,,,1782988219.62273,,,,,,,,,,4780,,,0.1108,,,
,,1132.76289,,,,,,,36,,,1782988236.08244,0.26957,,,,,,,,,4882,,,,,,
,,1157.17282,,,,,,,37,,,1782988260.49235,,,,,,,,,,4944,,,0.11226,,,
,,1215.15962,,,,,,,39,,,1782988318.47917,0.24889,,,,,,,,,5166,,,,,,
,,1232.01355,,,,,,,39,,,1782988335.33295,,,,,,,,,1e-05,5275,,,,,,
,,1280.93824,,,,,,,41,,,1782988384.25774,0.2063,,,,,,,,,5434,,,,,,
,,1287.8748,,,,,,,41,,,1782988391.19439,0.20475,,,,,,,,,5490,,,,,,
,,1395.90858,,,,,,,44,,,1782988499.22811,0.27596,,,,,,,,,5910,,,,,,
,,1462.15819,,,,,,,46,,,1782988565.47761,,,,,,,,,,6165,,,0.08973,,,
,,1527.07324,,,,,,,48,,,1782988630.39272,,,,,,,,,,6389,,,0.08798,,,
,,1561.78876,,,,,,,49,,,1782988665.10816,,,,,,,,,1e-05,6515,,,,,,
,,1601.92621,,,,,,,50,,,1782988705.24565,,,,,,,,,1e-05,6675,,,,,,
,,1692.14797,,,,,,,53,,,1782988795.46749,,,,,,,,,14.6079,6999,,,,,,
,,1728.82822,,,,,,,54,,,1782988832.14753,,,,,,,,,1e-05,7139,,,,,,
,,1732.85704,,,,,,,54,,,1782988836.17655,,,,,,,,,,7164,,,0.10886,,,
,945.0,1748.37539,1.00006,224.6875,945.0,,38.0,0.96053,55,224.6875,0.0,1782988851.6949,,0.1068,0.19201,0.0,1.34007,0.65856,0.41769,0.02435,,7259,0.0001,38.0,,0.17011,1461558.0,0.44715
,,1768.5425,,,,,,,55,,,1782988871.86199,,,,,,,,,,7296,,,0.11159,,,
,,1770.02309,,,,,,,55,,,1782988873.3427,0.27426,,,,,,,,,7306,,,,,,
,,1780.54489,,,,,,,55,,,1782988883.86447,,,,,,,,,,7369,,,0.08819,,,
,,1803.1763,,,,,,,56,,,1782988906.49582,,,,,,,,,1e-05,7483,,,,,,
,,1851.89671,,,,,,,58,,,1782988955.21625,0.20937,,,,,,,,,7670,,,,,,
,,1918.04967,,,,,,,60,,,1782989021.36923,0.22363,,,,,,,,,7946,,,,,,
,,1918.56789,,,,,,,60,,,1782989021.88747,0.22486,,,,,,,,,7950,,,,,,
,,1949.16952,,,,,,,61,,,1782989052.48896,,,,,,,,,,8077,,,0.08876,,,
,,1986.08513,,,,,,,62,,,1782989089.40466,0.17897,,,,,,,,,8290,,,,,,
,,2002.58494,,,,,,,63,,,1782989105.90439,,,,,,,,,,8325,,,0.08085,,,
,,2004.50334,,,,,,,63,,,1782989107.82291,0.25297,,,,,,,,,8338,,,,,,
,,2005.11807,,,,,,,63,,,1782989108.43765,0.25153,,,,,,,,,8342,,,,,,
,,2036.34438,,,,,,,64,,,1782989139.66394,,,,,,,,,,8453,,,0.08791,,,
,,2049.60328,,,,,,,64,,,1782989152.92286,,,,,,,,,,8533,,,0.08867,,,
,,2052.92086,,,,,,,64,,,1782989156.24044,,,,,,,,,,8553,,,0.08943,,,
,,2074.06092,,,,,,,65,,,1782989177.38028,,,,,,,,,1e-05,8615,,,,,,
,,2187.90547,,,,,,,69,,,1782989291.22505,,,,,,,,,,9117,,,0.08149,,,
,,2189.76595,,,,,,,69,,,1782989293.08547,,,,,,,,,,9129,,,0.08113,,,
,,2196.63917,,,,,,,69,,,1782989299.95877,0.25286,,,,,,,,,9174,,,,,,
,,2205.79107,,,,,,,69,,,1782989309.11061,,,,,,,,,,9232,,,0.10678,,,
,,2219.69888,,,,,,,70,,,1782989323.01846,,,,,,,,,,9245,,,0.07948,,,
,,2227.45144,,,,,,,70,,,1782989330.77092,,,,,,,,,,9296,,,0.10528,,,
,,2264.66493,,,,,,,71,,,1782989367.9845,0.20417,,,,,,,,,9502,,,,,,
,,2278.11288,,,,,,,72,,,1782989381.43229,,,,,,,,,,9509,,,0.08286,,,
,,2289.6423,,,,,,,72,,,1782989392.96176,,,,,,,,,1e-05,9583,,,,,,
,,2366.87333,,,,,,,75,,,1782989470.19281,0.15655,,,,,,,,,9938,,,,,,
,,2368.33675,,,,,,,75,,,1782989471.65628,,,,,,,,,,9952,,,0.08327,,,
,,2373.81108,,,,,,,75,,,1782989477.13062,,,,,,,,,,10008,,,0.08258,,,
,,2375.032,,,,,,,75,,,1782989478.35154,0.15545,,,,,,,,,10022,,,,,,
,,2419.20489,,,,,,,77,,,1782989522.52438,,,,,,,,,0.0,10187,,,,,,
,,2452.16521,,,,,,,78,,,1782989555.48479,,,,,,,,,,10329,,,0.09035,,,
,,2493.54505,,,,,,,79,,,1782989596.86456,,,,,,,,,0.0,10515,,,,,,
,,2522.38597,,,,,,,80,,,1782989625.70554,0.27471,,,,,,,,,10610,,,,,,
,,2551.22938,,,,,,,81,,,1782989654.54894,0.27499,,,,,,,,,10698,,,,,,
,,2561.11258,,,,,,,81,,,1782989664.43217,,,,,,,,,,10757,,,0.08841,,,
,,2659.05562,,,,,,,84,,,1782989762.37509,,,,,,,,,1e-05,11099,,,,,,
,,2662.6634,,,,,,,84,,,1782989765.98294,0.27499,,,,,,,,,11122,,,,,,
,,2755.13357,,,,,,,87,,,1782989858.45311,,,,,,,,,1e-05,11519,,,,,,
,,2760.94277,,,,,,,87,,,1782989864.2623,,,,,,,,,,11560,,,0.09828,,,
,,2814.06341,,,,,,,89,,,1782989917.38297,,,,,,,,,,11877,,,0.0607,,,
,,2824.59276,,,,,,,90,,,1782989927.91229,0.19782,,,,,,,,,11902,,,,,,
,,2870.0114,,,,,,,91,,,1782989973.33092,,,,,,,,,1e-05,12131,,,,,,
,,2884.93042,,,,,,,92,,,1782989988.25001,,,,,,,,,,12189,,,0.05461,,,
,,2892.81136,,,,,,,92,,,1782989996.13097,0.17888,,,,,,,,,12262,,,,,,
,,2916.35625,,,,,,,93,,,1782990019.67579,0.25435,,,,,,,,,12338,,,,,,
,,2926.17117,,,,,,,93,,,1782990029.49074,,,,,,,,,,12400,,,0.107,,,
,,2934.98794,,,,6.82058,,,94,,,1782990038.30691,,,,,,,,,,12409,,,,,,
,,2949.0562,,,,,,,94,,,1782990052.37563,,,,,,,,,,12472,,,0.10528,,,
,,2970.82359,,,,,,,95,,,1782990074.14315,,,,,,,,,1e-05,12571,,,,,,
,,2996.65678,,,,,,,96,,,1782990099.97622,,,,,,,,,,12708,,,0.09495,,,
,,3017.55083,,,,,,,97,,,1782990120.87,,,,,,,,,,12806,,,3.49037,,,
,,3027.06006,,,,,,,97,,,1782990130.37961,,,,,,,,,,12888,,,0.08645,,,
,,3028.10699,,,,,,,97,,,1782990131.42657,0.19661,,,,,,,,,12898,,,,,,
,,3028.57537,,,,,,,97,,,1782990131.89498,0.19648,,,,,,,,,12902,,,,,,
,,3028.847,,,,,,,97,,,1782990132.16658,,,,,,,,,0.0,12903,,,,,,
,,3042.18034,,,,8.88754,,,98,,,1782990145.49936,,,,,,,,,,12937,,,,,,
,,3048.93412,,,,,,,98,,,1782990152.25353,,,,,,,,,,12948,,,0.11273,,,
,,3125.59503,,,,,,,100,,,1782990228.9146,0.2464,,,,,,,,,13254,,,,,,
,,3132.83088,,,,,,,100,,,1782990236.15051,0.2454,,,,,,,,,13302,,,,,,
,,3192.52839,,,,,,,102,,,1782990295.84793,,,,,,,,,1e-05,13551,,,,,,
,,3196.89243,,,,,,,102,,,1782990300.212,,,,,,,,,,13581,,,0.07907,,,
,,3213.29787,,,,,,,103,,,1782990316.61717,,,,,,,,,,13612,,,0.10308,,,
,,3218.26906,,,,,,,103,,,1782990321.58865,0.24639,,,,,,,,,13646,,,,,,
,,3252.91481,,,,,,,104,,,1782990356.2344,,,,,,,,,,13829,,,0.06765,,,
,,3270.57568,,,,,,,105,,,1782990373.89524,,,,,,,,,,13897,,,0.0665,,,
,,3375.48117,,,,,,,109,,,1782990478.80069,,,,,,,,,1e-05,14439,,,,,,
,,3377.84919,,,,,,,109,,,1782990481.16875,,,,,,,,,,14460,,,0.08444,,,
0.28096,,3385.30444,,,,,,,110,,,1782990488.62393,,,,,,,,,,14520,,,,,,
,,3399.80495,,,,,,,110,,,1782990503.12452,0.23328,,,,,,,,,14550,,,,,,
,,3402.50972,,,,,,,110,,,1782990505.82925,,,,,,,,,,14568,,,0.09737,,,
,,3402.97814,,,,,,,110,,,1782990506.29755,,,,,,,,,1e-05,14571,,,,,,
,,3412.27903,,,,,,,110,,,1782990515.59862,0.23266,,,,,,,,,14638,,,,,,
,,3465.033,,,,,,,112,,,1782990568.35257,,,,,,,,,,14788,,,0.11258,,,
,,3465.58021,,,,,,,112,,,1782990568.89963,,,,,,,,,1e-05,14791,,,,,,
,,3511.98937,,,,,,,113,,,1782990615.3089,,,,,,,,,,14992,,,0.10922,,,
,,3538.36944,,,,,,,114,,,1782990641.68889,,,,,,,,,1e-05,15071,,,,,,
,,3547.56358,,,,,,,114,,,1782990650.88297,,,,,,,,,1e-05,15127,,,,,,
,,3572.62543,,,,,,,115,,,1782990675.94494,,,,,,,,,,15196,,,0.11072,,,
,,3587.0511,,,,,,,115,,,1782990690.37046,,,,,,,,,1e-05,15283,,,,,,
,,3611.1115,,,,,,,116,,,1782990714.4311,0.203,,,,,,,,,15394,,,,,,
,,3614.49819,,,,,,,116,,,1782990717.81779,,,,,,,,,,15421,,,0.06573,,,
,,3664.98595,,,,,,,118,,,1782990768.30553,0.20562,,,,,,,,,15594,,,,,,
,,3750.26102,,,,,,,121,,,1782990853.58047,,,,,,,,,,15984,,,0.10748,,,
,,3750.88123,,,,,,,121,,,1782990854.20078,,,,,,,,,,15988,,,0.10673,,,
,,3759.1179,,,,,,,121,,,1782990862.43751,0.25409,,,,,,,,,16042,,,,,,
,,3781.3611,,,,,,,122,,,1782990884.68067,0.20613,,,,,,,,,16126,,,,,,
,,3804.74109,,,,,,,123,,,1782990908.06045,,,,,,,,,,16249,,,0.05599,,,
,,3813.17133,,,,,,,123,,,1782990916.4909,,,,,,,,,,16324,,,0.08823,,,
,,3831.97501,,,,,,,124,,,1782990935.29446,0.1799,,,,,,,,,16426,,,,,,
,,3864.21286,,,,,,,125,,,1782990967.5324,0.27411,,,,,,,,,16562,,,,,,
,,3866.68576,,,,,,,125,,,1782990970.00524,,,,,,,,,,16576,,,0.11176,,,
,,3875.33796,,,,,,,125,,,1782990978.65748,,,,,,,,,,16629,,,0.08794,,,
,,3894.01986,,,,,,,126,,,1782990997.33936,,,,,,,,,1e-05,16687,,,,,,
,,3922.59433,,,,,,,127,,,1782991025.91389,,,,,,,,,1e-05,16779,,,,,,
,,3955.74897,,,,,,,128,,,1782991059.06852,,,,,,,,,,16920,,,0.09622,,,
,,3965.98739,,,,,,,128,,,1782991069.30699,0.22605,,,,,,,,,16994,,,,,,
,,3983.78267,,,,,,,129,,,1782991087.10226,0.23257,,,,,,,,,17042,,,,,,
,,4000.41271,,,,,,,129,,,1782991103.73232,0.23237,,,,,,,,,17158,,,,,,
,,4014.53638,,,,,,,130,,,1782991117.85592,,,,,,,,,1e-05,17203,,,,,,
,,4017.87475,,,,,,,130,,,1782991121.19435,,,,,,,,,,17233,,,0.06126,,,
,,4104.63197,,,,,,,133,,,1782991207.95155,,,,,,,,,,17593,,,0.0496,,,
,,4111.37403,,,,,,,133,,,1782991214.69361,,,,,,,,,,17656,,,0.08546,,,
,,4141.74439,,,,,,,134,,,1782991245.06385,,,,,,,,,1e-05,17767,,,,,,
,,4145.72301,,,,,,,134,,,1782991249.04259,,,,,,,,,,17792,,,0.11089,,,
,,4147.20521,,,,,,,134,,,1782991250.52483,0.27481,,,,,,,,,17802,,,,,,
,,4171.92257,,,,,,,135,,,1782991275.24214,,,,,,,,,,17885,,,0.07999,,,
,,4180.24643,,,,,,,135,,,1782991283.56591,,,,,,,,,1e-05,17939,,,,,,
,,4192.20659,,,,,,,136,,,1782991295.52593,,,,,,,,,,17972,,,0.08844,,,
,,4294.38397,,,,,,,139,,,1782991397.70351,,,,,,,,,0.0,18415,,,,,,
,,4328.26589,,,,,,,140,,,1782991431.58545,0.20633,,,,,,,,,18610,,,,,,
,,4348.64134,,,,,,,141,,,1782991451.96086,,,,,,,,,,18649,,,0.08744,,,
,,4357.90606,,,,,,,141,,,1782991461.22547,,,,,,,,,,18705,,,0.08852,,,
,,4380.06443,,,,,,,142,,,1782991483.384,,,,,,,,,,18777,,,0.07431,,,
,,4381.20457,,,,,,,142,,,1782991484.52408,,,,,,,,,,18785,,,0.07378,,,
,,4387.31292,,,,,,,142,,,1782991490.63231,,,,,,,,,1e-05,18827,,,,,,
,,4406.47691,,,,,,,143,,,1782991509.79649,,,,,,,,,,18897,,,0.0676,,,
,,4408.38913,,,,,,,143,,,1782991511.7087,,,,,,,,,,18912,,,0.08839,,,
,,4441.49741,,,,,,,144,,,1782991544.8169,,,,,,,,,,19052,,,0.11351,,,
,,4444.0557,,,,,,,144,,,1782991547.37518,,,,,,,,,1e-05,19067,,,,,,
,,4450.73916,,,,,,,144,,,1782991554.05862,,,,,,,,,1e-05,19107,,,,,,
,,4477.69203,,,,,,,145,,,1782991581.0115,,,,,,,,,,19185,,,0.08899,,,
,,4483.59248,,,,,,,145,,,1782991586.91201,,,,,,,,,,19220,,,0.11113,,,
,,4486.89486,,,,,,,145,,,1782991590.21421,,,,,,,,,,19240,,,0.11328,,,
,,4508.43434,,,,,,,146,,,1782991611.75378,,,,,,,,,,19332,,,0.08687,,,
,,4534.8682,,,,,,,147,,,1782991638.18781,,,,,,,,,,19497,,,0.05518,,,
,,4554.42257,,,,,,,148,,,1782991657.74207,,,,,,,,,,19544,,,0.11213,,,
,,4562.264,,,,,,,148,,,1782991665.58347,,,,,,,,,,19592,,,0.11216,,,
,,4617.18803,,,,,,,150,,,1782991720.50743,,,,,,,,,0.0,19855,,,,,,
,,4619.78222,,,,,,,150,,,1782991723.10184,0.24115,,,,,,,,,19874,,,,,,
,,4681.40233,,,,,,,152,,,1782991784.72189,,,,,,,,,,20165,,,0.06026,,,
,,4731.0479,,,,,,,154,,,1782991834.36744,0.19084,,,,,,,,,20342,,,,,,
,,4740.31417,,,,,,,154,,,1782991843.63379,0.18862,,,,,,,,,20422,,,,,,
,,4764.6724,,,,,,,155,,,1782991867.99201,0.18534,,,,,,,,,20562,,,,,,
,,4826.63234,,,,,,,157,,,1782991929.95181,,,,,,,,,1e-05,20779,,,,,,
,,4872.7333,,,,,,,159,,,1782991976.05277,,,,,,,,,,20997,,,0.05515,,,
,,4881.68455,,,,,,,159,,,1782991985.00407,,,,,,,,,1e-05,21075,,,,,,
,,4886.22899,,,,,,,159,,,1782991989.54855,,,,,,,,,1e-05,21115,,,,,,
,,4953.52056,,,,,,,162,,,1782992056.83989,,,,,,,,,,21386,,,4.42705,,,
,,4998.27789,,,,,,,163,,,1782992101.59752,0.24529,,,,,,,,,21606,,,,,,
,,5003.07288,,,,,,,163,,,1782992106.39243,0.24633,,,,,,,,,21638,,,,,,
,,5024.80832,,,,,,,164,,,1782992128.12789,,,,,,,,,,21708,,,0.10199,,,
,,5050.06888,,,,,,,165,,,1782992153.38842,,,,,,,,,,21784,,,0.11095,,,
,,5114.39441,,,,,,,167,,,1782992217.71394,,,,,,,,,,22076,,,0.11153,,,
,,5121.82748,,,,,,,167,,,1782992225.14705,0.27447,,,,,,,,,22122,,,,,,
,,5130.14357,,,,,,,167,,,1782992233.46293,,,,,,,,,1e-05,22171,,,,,,
,,5181.3454,,,,,,,169,,,1782992284.66492,,,,,,,,,,22364,,,0.09626,,,
,,5191.51478,,,,,,,169,,,1782992294.83434,,,,,,,,,,22436,,,0.09708,,,
,,5208.01983,,,,,,,170,,,1782992311.33939,0.24458,,,,,,,,,22470,,,,,,
,,5217.65337,,,,,,,170,,,1782992320.97296,0.24508,,,,,,,,,22534,,,,,,
,,5219.99257,,,,,,,170,,,1782992323.31215,,,,,,,,,,22549,,,0.07868,,,
,,5247.72303,,,,,,,171,,,1782992351.04258,,,,,,,,,,22652,,,0.10472,,,
,,5269.20278,,,,,,,172,,,1782992372.52239,,,,,,,,,,22713,,,0.08082,,,
,,5275.47729,,,,,,,172,,,1782992378.79686,0.2533,,,,,,,,,22754,,,,,,
,,5283.24359,,,,,,,172,,,1782992386.56308,,,,,,,,,1e-05,22803,,,,,,
,,5308.76733,,,,,,,173,,,1782992412.0869,,,,,,,,,,22917,,,0.0644,,,
,,5338.55611,,,,,,,174,,,1782992441.87558,,,,,,,,,,23044,,,0.10498,,,
,,5359.46222,,,,,,,175,,,1782992462.7817,,,,,,,,,,23108,,,0.10385,,,
,,5363.76612,,,,,,,175,,,1782992467.0857,0.24223,,,,,,,,,23138,,,,,,
,,5434.51148,,,,,,,177,,,1782992537.83099,,,,,,,,,,23424,,,0.10248,,,
,,5506.09318,,,,,,,179,,,1782992609.41268,,,,,,,,,,23716,,,0.11278,,,
,,5533.94247,,,,,,,180,,,1782992637.26196,0.24871,,,,,,,,,23814,,,,,,
,,5540.28452,,,,,,,180,,,1782992643.604,,,,,,,,,1e-05,23855,,,,,,
,,5599.48021,,,,,,,182,,,1782992702.7998,,,,,,,,,,24052,,,0.10425,,,
,,5601.91444,,,,,,,182,,,1782992705.23402,,,,,,,,,,24068,,,0.10546,,,
,,5605.10247,,,,,,,182,,,1782992708.42209,0.25216,,,,,,,,,24090,,,,,,
,,5611.02932,,,,,,,182,,,1782992714.34888,,,,,,,,,,24128,,,0.1041,,,
,,5638.56471,,,,,,,183,,,1782992741.88434,0.27346,,,,,,,,,24214,,,,,,
,,5643.57502,,,,,,,183,,,1782992746.89453,,,,,,,,,1e-05,24243,,,,,,
,,5737.88696,,,,,,,186,,,1782992841.2064,,,,,,,,,1e-05,24659,,,,,,
,,5753.937,,,,,,,187,,,1782992857.25658,,,,,,,,,,24716,,,0.08272,,,
,,5757.51758,,,,,,,187,,,1782992860.83717,0.18157,,,,,,,,,24750,,,,,,
,,5762.71142,,,,,,,187,,,1782992866.03099,,,,,,,,,,24797,,,0.0553,,,
,,5833.28643,,,,,,,189,,,1782992936.60604,,,,,,,,,,25073,,,0.08694,,,
,,5847.93913,,,,,,,190,,,1782992951.25862,,,,,,,,,1e-05,25087,,,,,,
,,5854.91153,,,,,,,190,,,1782992958.23104,,,,,,,,,,25133,,,0.08115,,,
,,5857.94585,,,,,,,190,,,1782992961.26531,,,,,,,,,,25152,,,0.10864,,,
,,5859.08611,,,,,,,190,,,1782992962.40555,,,,,,,,,1e-05,25159,,,,,,
,,5892.54784,,,,,,,191,,,1782992995.8674,,,,,,,,,,25292,,,0.10478,,,
,,5929.71634,,,,,,,192,,,1782993033.03586,,,,,,,,,,25457,,,0.07856,,,
,,5930.9374,,,,,,,192,,,1782993034.25688,,,,,,,,,,25465,,,0.07953,,,
,,5987.09612,,,,,,,194,,,1782993090.41561,,,,,,,,,1e-05,25727,,,,,,
,,5987.70654,,,,,,,194,,,1782993091.02601,,,,,,,,,1e-05,25731,,,,,,
,,6001.58584,,,,,,,195,,,1782993104.90534,,,,,,,,,,25745,,,0.07929,,,
,,6031.97127,,,,,,,196,,,1782993135.29091,0.20511,,,,,,,,,25886,,,,,,
,,6091.14384,,,,,,,198,,,1782993194.46335,,,,,,,,,,26152,,,0.09599,,,
,,6151.26566,,,,,,,200,,,1782993254.58517,,,,,,,,,1e-05,26471,,,,,,
,,6167.84036,,,,8.52996,,,201,,,1782993271.15964,,,,,,,,,,26533,,,,,,
,,6243.12802,,,,,,,203,,,1782993346.44752,,,,,,,,,,26828,,,0.10386,,,
,,6249.71205,,,,,,,203,,,1782993353.03156,,,,,,,,,,26872,,,0.10241,,,
,,6276.80198,,,,,,,204,,,1782993380.12142,,,,,,,,,1e-05,26967,,,,,,
,,6327.71339,,,,,,,206,,,1782993431.03298,,,,,,,,,,27225,,,0.06058,,,
,,6357.40973,,,,,,,207,,,1782993460.72913,,,,,,,,,1e-05,27351,,,,,,
,,6389.81044,,,,,,,208,,,1782993493.12998,0.20597,,,,,,,,,27494,,,,,,
,,6398.286,,,,,,,208,,,1782993501.60549,,,,,,,,,,27561,,,0.06774,,,
,,6411.11369,,,,,,,209,,,1782993514.43309,,,,,,,,,1e-05,27595,,,,,,
,,6415.85376,,,,,,,209,,,1782993519.17335,,,,,,,,,,27637,,,0.0588,,,
,,6448.34986,,,,,,,210,,,1782993551.6693,,,,,,,,,,27789,,,0.08124,,,
,,6470.28824,,,,,,,211,,,1782993573.6077,,,,,,,,,1e-05,27859,,,,,,
,,6473.84495,,,,,,,211,,,1782993577.16451,,,,,,,,,,27884,,,0.09767,,,
,,6483.72698,,,,,,,211,,,1782993587.0465,0.23355,,,,,,,,,27954,,,,,,
,,6486.47636,,,,,,,211,,,1782993589.79582,,,,,,,,,,27972,,,0.10407,,,
,,6533.62394,,,,,,,213,,,1782993636.9433,,,,,,,,,0.0,28151,,,,,,
,,6629.55043,,,,,,,216,,,1782993732.86993,,,,,,,,,1e-05,28579,,,,,,
,,6631.78939,,,,,,,216,,,1782993735.10892,,,,,,,,,,28600,,,0.08479,,,
,,6686.99852,,,,,,,218,,,1782993790.31804,0.23396,,,,,,,,,28894,,,,,,
,,6729.98921,,,,,,,220,,,1782993833.30882,0.24976,,,,,,,,,29046,,,,,,
,,6761.66176,,,,,,,221,,,1782993864.98122,,,,,,,,,1e-05,29179,,,,,,
,,6769.79288,,,,,,,221,,,1782993873.11248,,,,,,,,,,29237,,,0.07331,,,
,668.0,6779.23559,1.00075,197.8125,668.0,,53.0,0.78053,222,197.8125,0.0,1782993882.555,,0.084,0.16531,0.0,1.50402,0.6223,0.47434,0.02134,,29303,0.0,53.0,,0.13792,5813042.0,1.80488
,,6803.09369,,,,,,,222,,,1782993906.41321,,,,,,,,,1e-05,29387,,,,,,
,,6831.08084,,,,,,,223,,,1782993934.40045,0.27318,,,,,,,,,29478,,,,,,
,,6858.48568,,,,,,,224,,,1782993961.80513,,,,,,,,,,29580,,,0.0977,,,
,,6868.31073,,,,,,,224,,,1782993971.63037,0.22881,,,,,,,,,29650,,,,,,
,,6899.27794,,,,,,,225,,,1782994002.5974,,,,,,,,,,29789,,,0.08018,,,
,,6978.86397,,,,,,,228,,,1782994082.18353,,,,,,,,,,30108,,,0.08749,,,
,,7055.33005,,,,,,,230,,,1782994158.64948,,,,,,,,,1e-05,30463,,,,,,
,,7078.31647,,,,,,,231,,,1782994181.636,,,,,,,,,,30532,,,0.10646,,,
,,7124.17916,,,,,,,232,,,1782994227.49871,,,,,,,,,,30737,,,0.08428,,,
,,7141.6622,,,,,,,233,,,1782994244.98178,,,,,,,,,1e-05,30795,,,,,,
,,7144.22288,,,,,,,233,,,1782994247.54245,,,,,,,,,,30816,,,0.08874,,,
,,7144.33784,,,,,,,233,,,1782994247.65744,0.20391,,,,,,,,,30818,,,,,,
,,7170.11527,,,,,,,234,,,1782994273.43465,,,,,,,,,,30916,,,0.10497,,,
,,7207.45634,,,,,,,235,,,1782994310.77581,,,,,,,,,0.0,31075,,,,,,
,,7241.85095,,,,,,,236,,,1782994345.17049,,,,,,,,,,31209,,,0.08433,,,
,,7246.2314,,,,,,,236,,,1782994349.55092,,,,,,,,,,31236,,,0.10779,,,
,,7271.84084,,,,,,,237,,,1782994375.1604,,,,,,,,,,31329,,,0.07866,,,
,,7275.22268,,,,,,,237,,,1782994378.54205,,,,,,,,,1e-05,31351,,,,,,
,,7388.16631,,,,,,,241,,,1782994491.48593,0.201,,,,,,,,,31890,,,,,,
,,7407.82747,,,,,,,242,,,1782994511.147,,,,,,,,,,31965,,,0.06578,,,
,,7413.01573,,,,,,,242,,,1782994516.33535,0.21818,,,,,,,,,32006,,,,,,
,,7516.77752,,,,,,,245,,,1782994620.09708,,,,,,,,,,32425,,,0.07813,,,
