train/learning_rate,_timestamp,profiling/Time taken: DistilTrainer.vLLM.generate,train/sampling/sampling_logp_difference/mean,train/completions/min_terminated_length,train/sampling/importance_sampling_ratio/min,train/sampling/importance_sampling_ratio/mean,profiling/Time taken: DistilTrainer.compute_loss,_step,train/epoch,train/rewards,_runtime,train/grad_norm,train/completions/clipped_ratio,train/completions/mean_terminated_length,train/kl_approx,train/completions/max_length,profiling/Time taken: DistilTrainer._prepare_inputs,train/entropy,train/completions/max_terminated_length,train/num_tokens,train/completions/mean_length,train/sampling/importance_sampling_ratio/max,train/completions/min_length,train/global_step,profiling/Time taken: DistilTrainer._move_model_to_vllm,train/loss,train/sampling/sampling_logp_difference/max,profiling/Time taken: DistilTrainer._get_per_token_logps_and_entropies
,1786581153.72689,,,,,,0.11941,158,,,30.07219,,,,,,,,,,,,,1,,,,
,1786581167.69612,,,,,,,288,,,44.04141,,,,,,,,,,,,,2,,,,0.04726
,1786581168.839,,,,,,,304,,,45.18446,,,,,,,,,,,,,2,,,,0.0479
,1786581171.09626,,,,,,,335,,,47.44157,,,,,,0.0,,,,,,,2,,,,
,1786581190.19443,,,,,,,489,,,66.53984,,,,,,,,,,,,,3,,,,0.04526
,1786581192.561,,,,,,,515,,,68.90647,,,,,,0.0,,,,,,,3,,,,
,1786581217.38712,,,,,,,696,,,93.73248,,,,,,,,,,,,,5,,,,0.04964
,1786581222.76478,,,,,,,768,,,99.11009,,,,,,,,,,,,,5,,,,0.04795
,1786581230.5074,,,,,,0.13889,802,,,106.8527,,,,,,,,,,,,,6,,,,
,1786581249.73946,,,,,,,989,,,126.08475,,,,,,,,,,,,,7,,,,0.04078
,1786581254.04547,,,,,,,1047,,,130.39075,,,,,,0.0,,,,,,,7,,,,
,1786581262.08176,,,,,,0.13974,1082,,,138.42703,,,,,,,,,,,,,8,,,,
,1786581267.60888,,,,,,0.14143,1150,,,143.9543,,,,,,,,,,,,,8,,,,
,1786581271.32732,,,,,,,1188,,,147.67286,,,,,,,,,,,,,9,0.23114,,,
,1786581277.80696,,,,,,,1220,,,154.15227,,,,,,,,,,,,,9,,,,0.04853
,1786581284.49228,,,,,,,1312,,,160.83765,,,,,,,,,,,,,9,,,,0.04857
,1786581285.5533,,,,,,,1320,,,161.89876,,,,,,,,,,,,,10,0.1836,,,
,1786581320.07902,,,,,,,1481,,,196.42463,,,,,,,,,,,,,11,,,,0.06755
,1786581329.36205,,,,,,0.22403,1554,,,205.70731,,,,,,,,,,,,,11,,,,
,1786581355.91706,,,,,,,1671,,,232.26261,,,,,,0.0,,,,,,,12,,,,
,1786581379.63481,,,,,,,1827,,,255.98034,,,,,,0.0,,,,,,,13,,,,
,1786581398.39487,,,,,,,1924,,,274.74028,,,,,,,,,,,,,14,,,,0.06997
,1786581403.89886,,,,,,,1977,,,280.24413,,,,,,,,,,,,,14,,,,0.05173
,1786581427.36186,,,,,,,2088,,,303.70722,,,,,,,,,,,,,15,,,,0.07896
,1786581444.78411,,,,,,0.13944,2214,,,321.12948,,,,,,,,,,,,,16,,,,
,1786581482.47004,,,,,,0.14139,2394,,,358.81532,,,,,,,,,,,,,18,,,,
,1786581485.13298,,,,,,,2425,,,361.4783,,,,,,,,,,,,,18,,,,0.04407
,1786581486.52711,,,,,,0.14078,2442,,,362.87254,,,,,,,,,,,,,18,,,,
,1786581545.03191,,,,,,,2779,,,421.37727,,,,,,0.0,,,,,,,21,,,,
,1786581546.91282,,,,,,0.14993,2802,,,423.2581,,,,,,,,,,,,,21,,,,
,1786581547.57002,,,,,,,2809,,,423.91531,,,,,,,,,,,,,21,,,,0.04488
,1786581553.06812,,,,,,,2872,,,429.41352,,,,,,,,,,,,,21,,,,0.05793
,1786581565.74108,,,,,,,2940,,,442.08637,,,,,,,,,,,,,22,,,,0.06068
,1786581572.67398,,,,,,0.15359,3018,,,449.01927,,,,,,,,,,,,,22,,,,
,1786581605.62695,,,,,,,3180,,,481.97232,,,,,,,,,,,,,24,,,,0.0911
,1786581632.01458,,,,,,,3307,,,508.35988,,,,,,0.0,,,,,,,25,,,,
,1786581658.59819,,,,,,,3476,,,534.94348,,,,,,,,,,,,,26,,,,0.06976
,1786581665.94667,,,,,,,3547,,,542.29211,,,,,,1e-05,,,,,,,26,,,,
,1786581677.41865,,,,,,,3587,,,553.76404,,,,,,1e-05,,,,,,,27,,,,
,1786581678.24995,,,,,,,3597,,,554.59524,,,,,,,,,,,,,27,,,,0.04669
,1786581679.0387,,,,,,0.16245,3606,,,555.38402,,,,,,,,,,,,,27,,,,
,1786581717.85075,,,,,,,3908,,,594.19605,,,,,,,,,,,,,29,,,,0.05789
,1786581729.90282,,,,,,0.15678,3966,,,606.24815,,,,,,,,,,,,,30,,,,
,1786581738.96065,,,,,,,4064,,,615.30601,,,,,,,,,,,,,30,,,,0.06214
,1786581756.25734,,,,,,,4156,,,632.60266,,,,,,,,,,,,,31,,,,0.06713
,1786581757.16003,,,,,,0.174,4166,,,633.50531,,,,,,,,,,,,,31,,,,
,1786581768.95849,5.42967,,,,,,4225,,,645.30401,,,,,,,,,,,,,32,,,,
,1786581810.31824,,,,,,0.18845,4486,,,686.66351,,,,,,,,,,,,,33,,,,
,1786581826.61107,,,,,,,4580,,,702.95638,,,,,,,,,,,,,34,,,,0.06028
,1786581826.65903,,,,,,,4581,,,703.00435,,,,,,,,,,,,,34,,,,0.04762
,1786581843.72179,,,,,,,4695,,,720.06709,,,,,,0.0,,,,,,,35,,,,
,1786581844.07572,,,,,,,4699,,,720.42105,,,,,,0.0,,,,,,,35,,,,
,1786581846.59981,,,,,,,4728,,,722.94513,,,,,,,,,,,,,35,,,,0.05796
,1786581857.02257,,,,,,,4780,,,733.36788,,,,,,,,,,,,,36,,,,0.05724
,1786581865.60975,,,,,,0.14084,4882,,,741.95505,,,,,,,,,,,,,36,,,,
,1786581876.53051,,,,,,,4944,,,752.87594,,,,,,,,,,,,,37,,,,0.05651
,1786581907.00641,,,,,,0.15567,5166,,,783.35172,,,,,,,,,,,,,39,,,,
,1786581916.89364,,,,,,,5275,,,793.23897,,,,,,0.0,,,,,,,39,,,,
,1786581939.82618,,,,,,0.14325,5434,,,816.17146,,,,,,,,,,,,,41,,,,
,1786581944.61524,,,,,,0.14596,5490,,,820.96053,,,,,,,,,,,,,41,,,,
,1786582006.52419,,,,,,0.17502,5910,,,882.86946,,,,,,,,,,,,,44,,,,
,1786582039.35117,,,,,,,6165,,,915.69661,,,,,,,,,,,,,46,,,,0.04392
,1786582080.2272,,,,,,,6389,,,956.57248,,,,,,,,,,,,,48,,,,0.07063
,1786582102.06506,,,,,,,6515,,,978.41051,,,,,,0.0,,,,,,,49,,,,
,1786582124.48677,,,,,,,6675,,,1000.83218,,,,,,0.0,,,,,,,50,,,,
,1786582181.00301,,,,,,,6999,,,1057.34848,,,,,,6.36059,,,,,,,53,,,,
,1786582198.47384,,,,,,,7139,,,1074.81914,,,,,,0.0,,,,,,,54,,,,
,1786582200.50858,,,,,,,7164,,,1076.85387,,,,,,,,,,,,,54,,,,0.05346
0.0001,1786582208.36321,,0.01517,43.0,0.72485,1.0007,,7259,0.44715,0.0,1084.70859,0.19365,0.0,91.71875,0.17462,270.0,,0.41637,270.0,1259300.0,91.71875,1.26017,43.0,55,,0.1119,0.3218,
,1786582222.63863,,,,,,,7296,,,1098.98405,,,,,,,,,,,,,55,,,,0.07762
,1786582223.70623,,,,,,0.20098,7306,,,1100.05177,,,,,,,,,,,,,55,,,,
,1786582231.12681,,,,,,,7369,,,1107.4721,,,,,,,,,,,,,55,,,,0.05945
,1786582248.24409,,,,,,,7483,,,1124.58939,,,,,,0.0,,,,,,,56,,,,
,1786582277.36153,,,,,,0.15662,7670,,,1153.70681,,,,,,,,,,,,,58,,,,
,1786582314.35298,,,,,,0.15166,7946,,,1190.69827,,,,,,,,,,,,,60,,,,
,1786582314.7039,,,,,,0.14772,7950,,,1191.04925,,,,,,,,,,,,,60,,,,
,1786582335.43977,,,,,,,8077,,,1211.78513,,,,,,,,,,,,,61,,,,0.0546
,1786582369.63102,,,,,,0.20999,8290,,,1245.97649,,,,,,,,,,,,,62,,,,
,1786582379.14107,,,,,,,8325,,,1255.48636,,,,,,,,,,,,,63,,,,0.04377
,1786582380.21121,,,,,,0.1419,8338,,,1256.55651,,,,,,,,,,,,,63,,,,
,1786582380.54653,,,,,,0.13922,8342,,,1256.89181,,,,,,,,,,,,,63,,,,
,1786582401.39076,,,,,,,8453,,,1277.73609,,,,,,,,,,,,,64,,,,0.06469
,1786582411.48756,,,,,,,8533,,,1287.83287,,,,,,,,,,,,,64,,,,0.06666
,1786582414.02399,,,,,,,8553,,,1290.36932,,,,,,,,,,,,,64,,,,0.06478
,1786582429.94692,,,,,,,8615,,,1306.2924,,,,,,1e-05,,,,,,,65,,,,
,1786582499.89917,,,,,,,9117,,,1376.24451,,,,,,,,,,,,,69,,,,0.04907
,1786582501.03603,,,,,,,9129,,,1377.38132,,,,,,,,,,,,,69,,,,0.04821
,1786582505.2914,,,,,,0.16203,9174,,,1381.63669,,,,,,,,,,,,,69,,,,
,1786582510.93925,,,,,,,9232,,,1387.28475,,,,,,,,,,,,,69,,,,0.06474
,1786582524.22818,,,,,,,9245,,,1400.57349,,,,,,,,,,,,,70,,,,0.07047
,1786582530.9693,,,,,,,9296,,,1407.31466,,,,,,,,,,,,,70,,,,0.08415
,1786582556.25079,,,,,,0.1341,9502,,,1432.59615,,,,,,,,,,,,,71,,,,
,1786582567.31329,,,,,,,9509,,,1443.65863,,,,,,,,,,,,,72,,,,0.06059
,1786582576.26282,,,,,,,9583,,,1452.60836,,,,,,0.0,,,,,,,72,,,,
,1786582626.74991,,,,,,0.1186,9938,,,1503.09521,,,,,,,,,,,,,75,,,,
,1786582627.84203,,,,,,,9952,,,1504.1874,,,,,,,,,,,,,75,,,,0.04807
,1786582631.90885,,,,,,,10008,,,1508.25417,,,,,,,,,,,,,75,,,,0.04759
,1786582632.85825,,,,,,0.12214,10022,,,1509.20353,,,,,,,,,,,,,75,,,,
,1786582667.45076,,,,,,,10187,,,1543.79622,,,,,,0.0,,,,,,,77,,,,
,1786582692.03954,,,,,,,10329,,,1568.38486,,,,,,,,,,,,,78,,,,0.05788
,1786582715.64172,,,,,,,10515,,,1591.98735,,,,,,1e-05,,,,,,,79,,,,
,1786582731.24628,,,,,,0.16512,10610,,,1607.59182,,,,,,,,,,,,,80,,,,
,1786582747.37422,,,,,,0.17024,10698,,,1623.71953,,,,,,,,,,,,,81,,,,
,1786582753.17366,,,,,,,10757,,,1629.51918,,,,,,,,,,,,,81,,,,0.04893
,1786582810.04133,,,,,,,11099,,,1686.38682,,,,,,0.0,,,,,,,84,,,,
,1786582812.16826,,,,,,0.17103,11122,,,1688.51367,,,,,,,,,,,,,84,,,,
,1786582875.54959,,,,,,,11519,,,1751.89488,,,,,,0.0,,,,,,,87,,,,
,1786582879.43182,,,,,,,11560,,,1755.77714,,,,,,,,,,,,,87,,,,0.06391
,1786582931.05198,,,,,,,11877,,,1807.39739,,,,,,,,,,,,,89,,,,0.06797
,1786582943.35102,,,,,,0.19115,11902,,,1819.69635,,,,,,,,,,,,,90,,,,
,1786582970.95877,,,,,,,12131,,,1847.30409,,,,,,1e-05,,,,,,,91,,,,
,1786582982.28575,,,,,,,12189,,,1858.63103,,,,,,,,,,,,,92,,,,0.04466
,1786582988.54382,,,,,,0.14418,12262,,,1864.88915,,,,,,,,,,,,,92,,,,
,1786583000.38443,,,,,,0.13506,12338,,,1876.7297,,,,,,,,,,,,,93,,,,
,1786583005.55208,,,,,,,12400,,,1881.89752,,,,,,,,,,,,,93,,,,0.05614
,1786583010.14359,3.4581,,,,,,12409,,,1886.48911,,,,,,,,,,,,,94,,,,
,1786583019.10392,,,,,,,12472,,,1895.44929,,,,,,,,,,,,,94,,,,0.05991
,1786583034.17811,,,,,,,12571,,,1910.52338,,,,,,0.0,,,,,,,95,,,,
,1786583050.71885,,,,,,,12708,,,1927.06422,,,,,,,,,,,,,96,,,,0.04982
,1786583063.76326,,,,,,,12806,,,1940.10911,,,,,,,,,,,,,97,,,,2.46298
,1786583070.2868,,,,,,,12888,,,1946.6322,,,,,,,,,,,,,97,,,,0.05238
,1786583071.02222,,,,,,0.13701,12898,,,1947.36757,,,,,,,,,,,,,97,,,,
,1786583071.34379,,,,,,0.13755,12902,,,1947.68905,,,,,,,,,,,,,97,,,,
,1786583071.53062,,,,,,,12903,,,1947.87592,,,,,,0.0,,,,,,,97,,,,
,1786583078.20594,3.58845,,,,,,12937,,,1954.5519,,,,,,,,,,,,,98,,,,
,1786583082.47622,,,,,,,12948,,,1958.82164,,,,,,,,,,,,,98,,,,0.06352
,1786583124.08408,,,,,,0.16193,13254,,,2000.42937,,,,,,,,,,,,,100,,,,
,1786583128.65642,,,,,,0.16471,13302,,,2005.00174,,,,,,,,,,,,,100,,,,
,1786583159.77065,,,,,,,13551,,,2036.11616,,,,,,1e-05,,,,,,,102,,,,
,1786583162.1452,,,,,,,13581,,,2038.49048,,,,,,,,,,,,,102,,,,0.04371
,1786583173.86474,,,,,,,13612,,,2050.21008,,,,,,,,,,,,,103,,,,0.07007
,1786583177.26733,,,,,,0.18066,13646,,,2053.61265,,,,,,,,,,,,,103,,,,
,1786583208.84833,,,,,,,13829,,,2085.19369,,,,,,,,,,,,,104,,,,0.06295
,1786583221.74413,,,,,,,13897,,,2098.08943,,,,,,,,,,,,,105,,,,0.04383
,1786583307.74109,,,,,,,14439,,,2184.08645,,,,,,0.0,,,,,,,109,,,,
,1786583310.20948,,,,,,,14460,,,2186.5548,,,,,,,,,,,,,109,,,,0.07852
,1786583317.86378,,,,,,,14520,,,2194.20929,,,,,,,,,,,,,110,0.18607,,,
,1786583327.77961,,,,,,0.16608,14550,,,2204.12488,,,,,,,,,,,,,110,,,,
,1786583329.59826,,,,,,,14568,,,2205.94355,,,,,,,,,,,,,110,,,,0.06413
,1786583329.92104,,,,,,,14571,,,2206.26633,,,,,,0.0,,,,,,,110,,,,
,1786583336.25745,,,,,,0.16733,14638,,,2212.60274,,,,,,,,,,,,,110,,,,
,1786583364.88057,,,,,,,14788,,,2241.22595,,,,,,,,,,,,,112,,,,0.07561
,1786583365.24802,,,,,,,14791,,,2241.59331,,,,,,0.0,,,,,,,112,,,,
,1786583391.70428,,,,,,,14992,,,2268.0496,,,,,,,,,,,,,113,,,,0.05665
,1786583409.80212,,,,,,,15071,,,2286.14745,,,,,,0.0,,,,,,,114,,,,
,1786583416.51373,,,,,,,15127,,,2292.85902,,,,,,0.0,,,,,,,114,,,,
,1786583433.32964,,,,,,,15196,,,2309.67496,,,,,,,,,,,,,115,,,,0.06966
,1786583442.57767,,,,,,,15283,,,2318.92309,,,,,,0.0,,,,,,,115,,,,
,1786583459.80462,,,,,,0.15487,15394,,,2336.1499,,,,,,,,,,,,,116,,,,
,1786583462.31111,,,,,,,15421,,,2338.65642,,,,,,,,,,,,,116,,,,0.04666
,1786583500.19273,,,,,,0.16838,15594,,,2376.53802,,,,,,,,,,,,,118,,,,
,1786583555.08321,,,,,,,15984,,,2431.4286,,,,,,,,,,,,,121,,,,0.0687
,1786583555.50089,,,,,,,15988,,,2431.84625,,,,,,,,,,,,,121,,,,0.06874
,1786583560.93181,,,,,,0.17474,16042,,,2437.27711,,,,,,,,,,,,,121,,,,
,1786583579.41252,,,,,,0.1963,16126,,,2455.75779,,,,,,,,,,,,,122,,,,
,1786583600.38122,,,,,,,16249,,,2476.72657,,,,,,,,,,,,,123,,,,0.04896
,1786583607.64201,,,,,,,16324,,,2483.98735,,,,,,,,,,,,,123,,,,0.06288
,1786583623.49064,,,,,,0.1499,16426,,,2499.83622,,,,,,,,,,,,,124,,,,
,1786583642.92652,,,,,,0.16189,16562,,,2519.27181,,,,,,,,,,,,,125,,,,
,1786583644.35,,,,,,,16576,,,2520.69555,,,,,,,,,,,,,125,,,,0.06411
,1786583649.40027,,,,,,,16629,,,2525.7456,,,,,,,,,,,,,125,,,,0.05225
,1786583659.25426,,,,,,,16687,,,2535.59963,,,,,,0.0,,,,,,,126,,,,
,1786583672.98066,,,,,,,16779,,,2549.32615,,,,,,0.0,,,,,,,127,,,,
,1786583689.72599,,,,,,,16920,,,2566.07155,,,,,,,,,,,,,128,,,,0.05148
,1786583695.41764,,,,,,0.1245,16994,,,2571.76295,,,,,,,,,,,,,128,,,,
,1786583707.54799,,,,,,0.16995,17042,,,2583.89325,,,,,,,,,,,,,129,,,,
,1786583719.23451,,,,,,0.17033,17158,,,2595.57979,,,,,,,,,,,,,129,,,,
,1786583731.35393,,,,,,,17203,,,2607.69929,,,,,,0.0,,,,,,,130,,,,
,1786583734.214,,,,,,,17233,,,2610.55932,,,,,,,,,,,,,130,,,,0.05288
,1786583785.72672,,,,,,,17593,,,2662.07204,,,,,,,,,,,,,133,,,,0.03909
,1786583790.38702,,,,,,,17656,,,2666.73235,,,,,,,,,,,,,133,,,,0.04912
,1786583806.00933,,,,,,,17767,,,2682.35482,,,,,,0.0,,,,,,,134,,,,
,1786583808.1486,,,,,,,17792,,,2684.49393,,,,,,,,,,,,,134,,,,0.05779
,1786583808.93051,,,,,,0.148,17802,,,2685.27585,,,,,,,,,,,,,134,,,,
,1786583823.84992,,,,,,,17885,,,2700.19526,,,,,,,,,,,,,135,,,,0.04842
,1786583829.068,,,,,,,17939,,,2705.41349,,,,,,0.0,,,,,,,135,,,,
,1786583843.32178,,,,,,,17972,,,2719.66713,,,,,,,,,,,,,136,,,,0.07889
,1786583917.66438,,,,,,,18415,,,2794.00971,,,,,,0.0,,,,,,,139,,,,
,1786583939.30808,,,,,,0.12744,18610,,,2815.65335,,,,,,,,,,,,,140,,,,
,1786583956.15584,,,,,,,18649,,,2832.50113,,,,,,,,,,,,,141,,,,0.06762
,1786583963.37915,,,,,,,18705,,,2839.7245,,,,,,,,,,,,,141,,,,0.06732
,1786583977.05326,,,,,,,18777,,,2853.39859,,,,,,,,,,,,,142,,,,0.04348
,1786583977.7174,,,,,,,18785,,,2854.06268,,,,,,,,,,,,,142,,,,0.04347
,1786583981.20696,,,,,,,18827,,,2857.55224,,,,,,0.0,,,,,,,142,,,,
,1786583993.14085,,,,,,,18897,,,2869.48637,,,,,,,,,,,,,143,,,,0.04514
,1786583994.44842,,,,,,,18912,,,2870.79376,,,,,,,,,,,,,143,,,,0.05735
,1786584017.77437,,,,,,,19052,,,2894.11969,,,,,,,,,,,,,144,,,,0.07457
,1786584019.48485,,,,,,,19067,,,2895.83019,,,,,,0.0,,,,,,,144,,,,
,1786584023.95212,,,,,,,19107,,,2900.29743,,,,,,0.0,,,,,,,144,,,,
,1786584045.87526,,,,,,,19185,,,2922.22061,,,,,,,,,,,,,145,,,,0.07314
,1786584050.70492,,,,,,,19220,,,2927.05022,,,,,,,,,,,,,145,,,,0.09158
,1786584053.42348,,,,,,,19240,,,2929.76879,,,,,,,,,,,,,145,,,,0.09121
,1786584072.68444,,,,,,,19332,,,2949.02976,,,,,,,,,,,,,146,,,,0.06755
,1786584095.7962,,,,,,,19497,,,2972.14162,,,,,,,,,,,,,147,,,,0.04752
,1786584105.38324,,,,,,,19544,,,2981.72864,,,,,,,,,,,,,148,,,,0.05556
,1786584109.26619,,,,,,,19592,,,2985.61151,,,,,,,,,,,,,148,,,,0.05417
,1786584143.78023,,,,,,,19855,,,3020.12562,,,,,,1e-05,,,,,,,150,,,,
,1786584145.29779,,,,,,0.14278,19874,,,3021.64309,,,,,,,,,,,,,150,,,,
,1786584196.07337,,,,,,,20165,,,3072.41869,,,,,,,,,,,,,152,,,,0.06987
,1786584232.1137,,,,,,0.2408,20342,,,3108.45906,,,,,,,,,,,,,154,,,,
,1786584243.01834,,,,,,0.24206,20422,,,3119.36364,,,,,,,,,,,,,154,,,,
,1786584263.62501,,,,,,0.15061,20562,,,3139.97028,,,,,,,,,,,,,155,,,,
,1786584309.16617,,,,,,,20779,,,3185.51145,,,,,,0.0,,,,,,,157,,,,
,1786584339.79919,,,,,,,20997,,,3216.1445,,,,,,,,,,,,,159,,,,0.04323
,1786584346.45596,,,,,,,21075,,,3222.80127,,,,,,0.0,,,,,,,159,,,,
,1786584349.85229,,,,,,,21115,,,3226.19758,,,,,,0.0,,,,,,,159,,,,
,1786584406.68833,,,,,,,21386,,,3283.03403,,,,,,,,,,,,,162,,,,3.0569
,1786584432.10928,,,,,,0.13633,21606,,,3308.45455,,,,,,,,,,,,,163,,,,
,1786584434.72601,,,,,,0.13589,21638,,,3311.07136,,,,,,,,,,,,,163,,,,
,1786584446.67347,,,,,,,21708,,,3323.01884,,,,,,,,,,,,,164,,,,0.0573
,1786584461.80977,,,,,,,21784,,,3338.15517,,,,,,,,,,,,,165,,,,0.06907
,1786584508.25596,,,,,,,22076,,,3384.60127,,,,,,,,,,,,,167,,,,0.09117
,1786584514.39804,,,,,,0.2423,22122,,,3390.74333,,,,,,,,,,,,,167,,,,
,1786584521.2686,,,,,,,22171,,,3397.61399,,,,,,0.0,,,,,,,167,,,,
,1786584553.47422,,,,,,,22364,,,3429.81952,,,,,,,,,,,,,169,,,,0.05809
,1786584559.62742,,,,,,,22436,,,3435.97276,,,,,,,,,,,,,169,,,,0.05754
,1786584568.5337,,,,,,0.14833,22470,,,3444.87897,,,,,,,,,,,,,170,,,,
,1786584574.03147,,,,,,0.14597,22534,,,3450.37676,,,,,,,,,,,,,170,,,,
,1786584575.38113,,,,,,,22549,,,3451.72649,,,,,,,,,,,,,170,,,,0.04448
,1786584596.87055,,,,,,,22652,,,3473.2159,,,,,,,,,,,,,171,,,,0.07808
,1786584610.67272,,,,,,,22713,,,3487.018,,,,,,,,,,,,,172,,,,0.04716
,1786584614.37124,,,,,,0.15367,22754,,,3490.71662,,,,,,,,,,,,,172,,,,
,1786584618.94536,,,,,,,22803,,,3495.29068,,,,,,0.0,,,,,,,172,,,,
,1786584635.17358,,,,,,,22917,,,3511.51897,,,,,,,,,,,,,173,,,,0.04444
,1786584655.2871,,,,,,,23044,,,3531.63246,,,,,,,,,,,,,174,,,,0.06698
,1786584669.31843,,,,,,,23108,,,3545.66379,,,,,,,,,,,,,175,,,,0.06653
,1786584672.20844,,,,,,0.17175,23138,,,3548.5538,,,,,,,,,,,,,175,,,,
,1786584710.62858,,,,,,,23424,,,3586.97393,,,,,,,,,,,,,177,,,,0.0598
,1786584748.16091,,,,,,,23716,,,3624.50622,,,,,,,,,,,,,179,,,,0.05918
,1786584767.5281,,,,,,0.1886,23814,,,3643.87343,,,,,,,,,,,,,180,,,,
,1786584772.03748,,,,,,,23855,,,3648.38278,,,,,,0.0,,,,,,,180,,,,
,1786584801.25965,,,,,,,24052,,,3677.60495,,,,,,,,,,,,,182,,,,0.05792
,1786584802.64554,,,,,,,24068,,,3678.99083,,,,,,,,,,,,,182,,,,0.05739
,1786584804.44093,,,,,,0.14548,24090,,,3680.78629,,,,,,,,,,,,,182,,,,
,1786584807.78066,,,,,,,24128,,,3684.12595,,,,,,,,,,,,,182,,,,0.057
,1786584822.80075,,,,,,0.16231,24214,,,3699.14606,,,,,,,,,,,,,183,,,,
,1786584825.70606,,,,,,,24243,,,3702.05136,,,,,,1e-05,,,,,,,183,,,,
,1786584885.52335,,,,,,,24659,,,3761.86866,,,,,,0.0,,,,,,,186,,,,
,1786584899.27073,,,,,,,24716,,,3775.61603,,,,,,,,,,,,,187,,,,0.06581
,1786584902.56276,,,,,,0.17347,24750,,,3778.90803,,,,,,,,,,,,,187,,,,
,1786584907.27384,,,,,,,24797,,,3783.61913,,,,,,,,,,,,,187,,,,0.05016
,1786584947.88581,,,,,,,25073,,,3824.23114,,,,,,,,,,,,,189,,,,0.04595
,1786584956.3399,,,,,,,25087,,,3832.68522,,,,,,0.0,,,,,,,190,,,,
,1786584960.64143,,,,,,,25133,,,3836.98667,,,,,,,,,,,,,190,,,,0.0483
,1786584962.49284,,,,,,,25152,,,3838.83812,,,,,,,,,,,,,190,,,,0.06258
,1786584963.18521,,,,,,,25159,,,3839.53049,,,,,,0.0,,,,,,,190,,,,
,1786584984.77088,,,,,,,25292,,,3861.11622,,,,,,,,,,,,,191,,,,0.06646
,1786585012.28256,,,,,,,25457,,,3888.62784,,,,,,,,,,,,,192,,,,0.05569
,1786585013.17946,,,,,,,25465,,,3889.52475,,,,,,,,,,,,,192,,,,0.05744
,1786585051.38529,,,,,,,25727,,,3927.73059,,,,,,0.0,,,,,,,194,,,,
,1786585051.74242,,,,,,,25731,,,3928.08798,,,,,,1e-05,,,,,,,194,,,,
,1786585061.63731,,,,,,,25745,,,3937.9827,,,,,,,,,,,,,195,,,,0.05492
,1786585085.11929,,,,,,0.1948,25886,,,3961.46459,,,,,,,,,,,,,196,,,,
,1786585135.29615,,,,,,,26152,,,4011.64143,,,,,,,,,,,,,198,,,,0.0593
,1786585188.96591,,,,,,,26471,,,4065.31124,,,,,,0.0,,,,,,,200,,,,
,1786585202.81892,5.85442,,,,,,26533,,,4079.16459,,,,,,,,,,,,,201,,,,
,1786585248.96236,,,,,,,26828,,,4125.30772,,,,,,,,,,,,,203,,,,0.05854
,1786585252.77001,,,,,,,26872,,,4129.1153,,,,,,,,,,,,,203,,,,0.05781
,1786585265.42668,,,,,,,26967,,,4141.77198,,,,,,0.0,,,,,,,204,,,,
,1786585300.91531,,,,,,,27225,,,4177.26062,,,,,,,,,,,,,206,,,,0.04207
,1786585320.66265,,,,,,,27351,,,4197.00793,,,,,,0.0,,,,,,,207,,,,
,1786585342.78179,,,,,,0.16668,27494,,,4219.1271,,,,,,,,,,,,,208,,,,
,1786585349.32826,,,,,,,27561,,,4225.67354,,,,,,,,,,,,,208,,,,0.04848
,1786585357.70128,,,,,,,27595,,,4234.04668,,,,,,0.0,,,,,,,209,,,,
,1786585360.96301,,,,,,,27637,,,4237.30829,,,,,,,,,,,,,209,,,,0.04191
,1786585384.26419,,,,,,,27789,,,4260.6095,,,,,,,,,,,,,210,,,,0.05472
,1786585397.67735,,,,,,,27859,,,4274.02278,,,,,,0.0,,,,,,,211,,,,
,1786585399.78426,,,,,,,27884,,,4276.12961,,,,,,,,,,,,,211,,,,0.05736
,1786585405.70193,,,,,,0.14197,27954,,,4282.04722,,,,,,,,,,,,,211,,,,
,1786585407.27442,,,,,,,27972,,,4283.61974,,,,,,,,,,,,,211,,,,0.05853
,1786585436.92779,,,,,,,28151,,,4313.27312,,,,,,1e-05,,,,,,,213,,,,
,1786585498.55259,,,,,,,28579,,,4374.89789,,,,,,0.0,,,,,,,216,,,,
,1786585500.46146,,,,,,,28600,,,4376.80677,,,,,,,,,,,,,216,,,,0.06024
,1786585536.69457,,,,,,0.13653,28894,,,4413.03985,,,,,,,,,,,,,218,,,,
,1786585559.49115,,,,,,0.15098,29046,,,4435.8365,,,,,,,,,,,,,220,,,,
,1786585577.22916,,,,,,,29179,,,4453.57445,,,,,,0.0,,,,,,,221,,,,
,1786585582.16202,,,,,,,29237,,,4458.5073,,,,,,,,,,,,,221,,,,0.04547
0.0,1786585587.90437,,0.01367,44.0,0.6631,0.99942,,29303,1.80488,0.0,4464.24975,0.20582,0.0,88.1875,0.15667,327.0,,0.35349,327.0,5114203.0,88.1875,1.37282,44.0,222,,0.088,0.41083,
,1786585602.92026,,,,,,,29387,,,4479.26552,,,,,,0.0,,,,,,,222,,,,
,1786585615.49729,,,,,,0.12085,29478,,,4491.84255,,,,,,,,,,,,,223,,,,
,1786585633.10756,,,,,,,29580,,,4509.45284,,,,,,,,,,,,,224,,,,0.07592
,1786585640.95273,,,,,,0.19763,29650,,,4517.298,,,,,,,,,,,,,224,,,,
,1786585662.70446,,,,,,,29789,,,4539.04977,,,,,,,,,,,,,225,,,,0.04818
,1786585721.28133,,,,,,,30108,,,4597.62663,,,,,,,,,,,,,228,,,,0.06463
,1786585765.27789,,,,,,,30463,,,4641.62317,,,,,,0.0,,,,,,,230,,,,
,1786585778.984,,,,,,,30532,,,4655.32937,,,,,,,,,,,,,231,,,,0.0656
,1786585803.72223,,,,,,,30737,,,4680.06754,,,,,,,,,,,,,232,,,,0.04384
,1786585814.13562,,,,,,,30795,,,4690.48091,,,,,,0.0,,,,,,,233,,,,
,1786585815.812,,,,,,,30816,,,4692.15736,,,,,,,,,,,,,233,,,,0.05305
,1786585815.89138,,,,,,0.13258,30818,,,4692.23666,,,,,,,,,,,,,233,,,,
,1786585830.07114,,,,,,,30916,,,4706.41642,,,,,,,,,,,,,234,,,,0.05367
,1786585849.55248,,,,,,,31075,,,4725.89785,,,,,,0.0,,,,,,,235,,,,
,1786585869.21415,,,,,,,31209,,,4745.55944,,,,,,,,,,,,,236,,,,0.04816
,1786585871.78494,,,,,,,31236,,,4748.13028,,,,,,,,,,,,,236,,,,0.06107
,1786585888.78469,,,,,,,31329,,,4765.12999,,,,,,,,,,,,,237,,,,0.04999
,1786585891.08371,,,,,,,31351,,,4767.429,,,,,,0.0,,,,,,,237,,,,
,1786585972.16283,,,,,,0.19863,31890,,,4848.5081,,,,,,,,,,,,,241,,,,
,1786585989.41432,,,,,,,31965,,,4865.75966,,,,,,,,,,,,,242,,,,0.0534
,1786585993.61809,,,,,,0.18122,32006,,,4869.96337,,,,,,,,,,,,,242,,,,
,1786586049.67711,,,,,,,32425,,,4926.0226,,,,,,,,,,,,,245,,,,0.04592
