profiling/Time taken: DistilTrainer._move_model_to_vllm,train/completions/mean_length,profiling/Time taken: DistilTrainer._prepare_inputs,profiling/Time taken: DistilTrainer.vLLM.generate,train/completions/mean_terminated_length,train/grad_norm,_runtime,train/loss,profiling/Time taken: DistilTrainer.compute_loss,train/completions/max_length,train/completions/max_terminated_length,train/num_tokens,train/entropy,train/rewards,train/sampling/importance_sampling_ratio/mean,train/epoch,train/completions/min_terminated_length,train/sampling/importance_sampling_ratio/max,train/learning_rate,profiling/Time taken: DistilTrainer._get_per_token_logps_and_entropies,train/global_step,train/sampling/importance_sampling_ratio/min,train/completions/min_length,_timestamp,_step,train/completions/clipped_ratio,train/kl_approx,train/sampling/sampling_logp_difference/mean,train/sampling/sampling_logp_difference/max
,,,,,,41.07144,,0.14041,,,,,,,,,,,,1,,,1786527929.2833,158,,,,
,,,,,,56.71512,,0.16944,,,,,,,,,,,,2,,,1786527944.92712,270,,,,
,,,,,,58.25048,,,,,,,,,,,,,0.04761,2,,,1786527946.46252,288,,,,
,,,,,,59.55803,,,,,,,,,,,,,0.05068,2,,,1786527947.77,304,,,,
,,0.0,,,,62.12658,,,,,,,,,,,,,,2,,,1786527950.33858,335,,,,
,,,,,,76.55543,,0.16956,,,,,,,,,,,,3,,,1786527964.76744,418,,,,
,,0.0,,,,79.497,,,,,,,,,,,,,,3,,,1786527967.70902,451,,,,
,,,,,,81.30918,,,,,,,,,,,,,0.08558,3,,,1786527969.5211,473,,,,
,,,,,,82.66017,,,,,,,,,,,,,0.08494,3,,,1786527970.87217,489,,,,
,,0.0,,,,84.88684,,,,,,,,,,,,,,3,,,1786527973.09882,515,,,,
,,,,,,117.92161,,,,,,,,,,,,,0.05886,5,,,1786528006.13362,696,,,,
,,,,,,119.49733,,,,,,,,,,,,,0.05921,5,,,1786528007.70933,712,,,,
,,,,,,121.86092,,,,,,,,,,,,,0.05904,5,,,1786528010.0728,736,,,,
,,,,,,125.0138,,,,,,,,,,,,,0.05907,5,,,1786528013.2257,768,,,,
,,,,,,136.05677,,0.16812,,,,,,,,,,,,6,,,1786528024.26877,802,,,,
,,,,,,144.12413,,0.16481,,,,,,,,,,,,6,,,1786528032.33617,898,,,,
,,,,,,158.2525,,,,,,,,,,,,,0.12539,7,,,1786528046.4643,929,,,,
,,,,,,165.13995,,,,,,,,,,,,,0.11432,7,,,1786528053.35166,989,,,,
,,1e-05,,,,171.87961,,,,,,,,,,,,,,7,,,1786528060.09159,1047,,,,
,,,,,,184.37729,,,,,,,,,,,,,0.10791,8,,,1786528072.58924,1069,,,,
,,,,,,185.7556,,0.21517,,,,,,,,,,,,8,,,1786528073.96762,1082,,,,
,,,,,,193.34003,,0.21548,,,,,,,,,,,,8,,,1786528081.55206,1150,,,,
0.18202,,,,,,198.17745,,,,,,,,,,,,,,9,,,1786528086.38924,1188,,,,
,,,,,,212.58911,,,,,,,,,,,,,0.06808,9,,,1786528100.80106,1220,,,,
,,,,,,223.00277,,,,,,,,,,,,,0.06749,9,,,1786528111.21475,1312,,,,
0.17752,,,,,,224.38009,,,,,,,,,,,,,,10,,,1786528112.592,1320,,,,
,,,,,,263.11652,,,,,,,,,,,,,0.11659,11,,,1786528151.32837,1481,,,,
,,,,,,272.03645,,0.23586,,,,,,,,,,,,11,,,1786528160.24846,1554,,,,
,,1e-05,,,,294.33712,,,,,,,,,,,,,,12,,,1786528182.54894,1671,,,,
,,,,,,310.48819,,,,,,,,,,,,,0.09831,13,,,1786528198.70019,1741,,,,
,,1e-05,,,,319.20207,,,,,,,,,,,,,,13,,,1786528207.41408,1827,,,,
,,,,,,338.55759,,,,,,,,,,,,,0.05977,14,,,1786528226.76947,1924,,,,
,,0.0,,,,340.5014,,,,,,,,,,,,,,14,,,1786528228.71337,1943,,,,
,,,,,,343.86977,,,,,,,,,,,,,0.09974,14,,,1786528232.08154,1977,,,,
,,,,,,357.38293,,,,,,,,,,,,,0.06038,15,,,1786528245.59481,2032,,,,
,,,,,,362.49145,,,,,,,,,,,,,0.06001,15,,,1786528250.70338,2088,,,,
,,,,,,374.33285,,,,,,,,,,,,,0.09647,16,,,1786528262.54486,2121,,,,
,,,,,,383.11108,,0.18855,,,,,,,,,,,,16,,,1786528271.32298,2214,,,,
,,,,,,417.71404,,0.19521,,,,,,,,,,,,18,,,1786528305.92595,2394,,,,
,,,,,,420.80533,,,,,,,,,,,,,0.09806,18,,,1786528309.01732,2425,,,,
,,,,,,421.8937,,,,,,,,,,,,,0.05937,18,,,1786528310.10565,2436,,,,
,,,,,,422.42426,,0.19607,,,,,,,,,,,,18,,,1786528310.63627,2442,,,,
,,,,,,446.1724,,0.18156,,,,,,,,,,,,19,,,1786528334.38423,2610,,,,
,,,,,,465.60876,,0.17153,,,,,,,,,,,,20,,,1786528353.82064,2742,,,,
,,,,,,466.19017,,,,,,,,,,,,,0.05187,20,,,1786528354.40198,2748,,,,
,,0.0,,,,476.19629,,,,,,,,,,,,,,21,,,1786528364.40825,2779,,,,
,,,,,,478.0369,,0.16411,,,,,,,,,,,,21,,,1786528366.24891,2802,,,,
,,,,,,478.68028,,,,,,,,,,,,,0.07351,21,,,1786528366.89181,2809,,,,
,,,,,,483.96233,,,,,,,,,,,,,0.04962,21,,,1786528372.17418,2872,,,,
,,0.0,,,,497.57207,,,,,,,,,,,,,,22,,,1786528385.78409,2927,,,,
,,,,,,498.73022,,,,,,,,,,,,,0.05289,22,,,1786528386.94222,2940,,,,
,,,,,,505.9638,,0.18548,,,,,,,,,,,,22,,,1786528394.17563,3018,,,,
,,,,,,536.75696,,,,,,,,,,,,,0.05975,24,,,1786528424.96896,3180,,,,
,,0.0,,,,557.53288,,,,,,,,,,,,,,25,,,1786528445.74486,3307,,,,
,,,,,,583.58165,,,,,,,,,,,,,0.05789,26,,,1786528471.7936,3476,,,,
,,,,,,590.24005,,,,,,,,,,,,,0.09124,26,,,1786528478.45196,3545,,,,
,,0.0,,,,590.47809,,,,,,,,,,,,,,26,,,1786528478.69004,3547,,,,
,,1e-05,,,,603.67565,,,,,,,,,,,,,,27,,,1786528491.88763,3587,,,,
,,,,,,604.63398,,,,,,,,,,,,,0.09818,27,,,1786528492.84597,3597,,,,
,,,,,,605.46679,,0.19382,,,,,,,,,,,,27,,,1786528493.6788,3606,,,,
,,,,,,605.83264,,,,,,,,,,,,,0.09783,27,,,1786528494.04461,3609,,,,
,,1e-05,,,,606.88159,,,,,,,,,,,,,,27,,,1786528495.09339,3619,,,,
,,,,,,612.6918,,0.19249,,,,,,,,,,,,27,,,1786528500.9038,3678,,,,
,,,,,,635.98317,,0.20586,,,,,,,,,,,,28,,,1786528524.19517,3802,,,,
,,0.0,,,,653.38161,,,,,,,,,,,,,,29,,,1786528541.59358,3851,,,,
,,0.0,,,,655.35436,,,,,,,,,,,,,,29,,,1786528543.56632,3867,,,,
,,,,,,657.02181,,,,,,,,,,,,,0.12167,29,,,1786528545.23382,3881,,,,
,,,,,,660.33546,,,,,,,,,,,,,0.07321,29,,,1786528548.5474,3908,,,,
,,,,,,676.0418,,0.19026,,,,,,,,,,,,30,,,1786528564.25365,3966,,,,
,,1e-05,,,,678.01632,,,,,,,,,,,,,,30,,,1786528566.22814,3987,,,,
,,,,,,684.87246,,,,,,,,,,,,,0.05017,30,,,1786528573.08442,4064,,,,
,,,,,,701.1803,,,,,,,,,,,,,0.04802,31,,,1786528589.39231,4156,,,,
,,,,,,701.97808,,0.1703,,,,,,,,,,,,31,,,1786528590.19004,4166,,,,
,,,6.04635,,,713.49374,,,,,,,,,,,,,,32,,,1786528601.70475,4225,,,,
,,,,,,720.3253,,,,,,,,,,,,,0.05882,32,,,1786528608.53725,4264,,,,
,,,,,,721.26364,,0.1998,,,,,,,,,,,,32,,,1786528609.47567,4274,,,,
,,,,,,738.4381,,,,,,,,,,,,,0.08489,33,,,1786528626.65008,4369,,,,
,,,,,,748.33119,,0.16893,,,,,,,,,,,,33,,,1786528636.54323,4486,,,,
,,,,,,765.98594,,,,,,,,,,,,,0.05788,34,,,1786528654.19783,4580,,,,
,,,,,,766.07646,,,,,,,,,,,,,0.09024,34,,,1786528654.28839,4581,,,,
,,0.0,,,,785.63097,,,,,,,,,,,,,,35,,,1786528673.84299,4695,,,,
,,0.0,,,,786.01834,,,,,,,,,,,,,,35,,,1786528674.23028,4699,,,,
,,,,,,788.7925,,,,,,,,,,,,,0.05685,35,,,1786528677.00449,4728,,,,
,,,,,,802.79938,,,,,,,,,,,,,0.06087,36,,,1786528691.01121,4780,,,,
,,,,,,813.01419,,0.19484,,,,,,,,,,,,36,,,1786528701.22623,4882,,,,
,,0.0,,,,827.1706,,,,,,,,,,,,,,37,,,1786528715.38262,4939,,,,
,,,,,,827.58552,,,,,,,,,,,,,0.05341,37,,,1786528715.79737,4944,,,,
,,,,,,863.56995,,0.20571,,,,,,,,,,,,39,,,1786528751.78194,5158,,,,
,,,,,,864.4422,,0.20601,,,,,,,,,,,,39,,,1786528752.65425,5166,,,,
,,0.0,,,,876.58943,,,,,,,,,,,,,,39,,,1786528764.80137,5275,,,,
,,,,,,910.20736,,0.2081,,,,,,,,,,,,41,,,1786528798.41933,5434,,,,
,,,,,,916.22655,,0.20956,,,,,,,,,,,,41,,,1786528804.43847,5490,,,,
,,1e-05,,,,935.16341,,,,,,,,,,,,,,42,,,1786528823.37537,5563,,,,
,,,,,,984.9229,,0.16933,,,,,,,,,,,,44,,,1786528873.13472,5910,,,,
,,,,,,1031.156,,,,,,,,,,,,,0.06383,46,,,1786528919.36794,6124,,,,
,,,,,,1035.31453,,,,,,,,,,,,,0.08642,46,,,1786528923.52636,6165,,,,
,,,,,,1076.92951,,,,,,,,,,,,,0.08878,48,,,1786528965.14143,6389,,,,
,,1e-05,,,,1098.53464,,,,,,,,,,,,,,49,,,1786528986.74623,6515,,,,
,,,,,,1102.83095,,,,,,,,,,,,,0.05967,49,,,1786528991.04289,6560,,,,
,,,,,,1122.44495,,,,,,,,,,,,,0.09828,50,,,1786529010.65686,6645,,,,
,,0.0,,,,1125.44154,,,,,,,,,,,,,,50,,,1786529013.65345,6675,,,,
,,9.69495,,,,1187.45845,,,,,,,,,,,,,,53,,,1786529075.67022,6999,,,,
,,1e-05,,,,1210.04411,,,,,,,,,,,,,,54,,,1786529098.2558,7139,,,,
,,,,,,1212.45959,,,,,,,,,,,,,0.05883,54,,,1786529100.67142,7164,,,,
,481.5625,,,481.5625,0.06507,1221.97344,0.0715,,744.0,744.0,1264230.0,1.03445,0.0,1.00091,0.66265,319.0,1.42319,9e-05,,55,0.73184,319.0,1786529110.18537,7259,0.0,0.06705,0.02034,0.3529
,,,,,,1238.65856,,,,,,,,,,,,,0.08197,55,,,1786529126.87038,7296,,,,
,,,,,,1239.89598,,0.25246,,,,,,,,,,,,55,,,1786529128.10791,7306,,,,
,,,,,,1248.48799,,,,,,,,,,,,,0.12397,55,,,1786529136.69973,7369,,,,
,,,4.78182,,,1256.89598,,,,,,,,,,,,,,56,,,1786529145.10758,7393,,,,
,,,,,,1262.03442,,,,,,,,,,,,,0.0833,56,,,1786529150.24621,7425,,,,
,,0.0,,,,1266.95988,,,,,,,,,,,,,,56,,,1786529155.17184,7483,,,,
,,,,,,1302.78377,,0.19488,,,,,,,,,,,,58,,,1786529190.99556,7670,,,,
,,,,,,1306.60576,,,,,,,,,,,,,0.06641,58,,,1786529194.81768,7708,,,,
,,,,,,1345.34961,,0.16955,,,,,,,,,,,,60,,,1786529233.56163,7946,,,,
,,,,,,1345.69149,,0.16731,,,,,,,,,,,,60,,,1786529233.90347,7950,,,,
,,,,,,1348.13186,,0.16783,,,,,,,,,,,,60,,,1786529236.3439,7978,,,,
,,,,,,1365.9206,,,,,,,,,,,,,0.09567,61,,,1786529254.13246,8077,,,,
,,,,,,1395.50301,,0.18927,,,,,,,,,,,,62,,,1786529283.71478,8290,,,,
,,,,,,1407.94396,,,,,,,,,,,,,0.09887,63,,,1786529296.15565,8325,,,,
,,,,,,1409.16002,,0.1952,,,,,,,,,,,,63,,,1786529297.37197,8338,,,,
,,,,,,1409.55635,,0.19192,,,,,,,,,,,,63,,,1786529297.76833,8342,,,,
,,,,,,1428.98831,,,,,,,,,,,,,0.10365,64,,,1786529317.20022,8453,,,,
,,,,,,1429.60585,,,,,,,,,,,,,0.04833,64,,,1786529317.81777,8460,,,,
,,,,,,1436.14301,,,,,,,,,,,,,0.09595,64,,,1786529324.35493,8533,,,,
,,,,,,1437.92785,,,,,,,,,,,,,0.09633,64,,,1786529326.13974,8553,,,,
,,0.0,,,,1452.0763,,,,,,,,,,,,,,65,,,1786529340.2882,8615,,,,
,,,,,,1530.8611,,,,,,,,,,,,,0.10436,68,,,1786529419.07292,9101,,,,
,,,,,,1542.1666,,,,,,,,,,,,,0.10249,69,,,1786529430.37852,9117,,,,
,,,,,,1543.38616,,,,,,,,,,,,,0.10188,69,,,1786529431.59812,9129,,,,
,,,,,,1547.87842,,0.20035,,,,,,,,,,,,69,,,1786529436.09037,9174,,,,
,,,,,,1553.81673,,,,,,,,,,,,,0.05832,69,,,1786529442.02856,9232,,,,
,,,,,,1563.1159,,,,,,,,,,,,,0.0929,70,,,1786529451.32779,9245,,,,
,,,,,,1567.92381,,,,,,,,,,,,,0.05686,70,,,1786529456.1357,9296,,,,
,,1e-05,,,,1586.94706,,,,,,,,,,,,,,71,,,1786529475.15872,9395,,,,
,,,,,,1593.23554,,,,,,,,,,,,,0.1002,71,,,1786529481.44742,9453,,,,
,,,,,,1598.49003,,0.20378,,,,,,,,,,,,71,,,1786529486.70204,9502,,,,
,,,,,,1609.36551,,,,,,,,,,,,,0.10364,72,,,1786529497.57738,9509,,,,
,,0.0,,,,1616.9132,,,,,,,,,,,,,,72,,,1786529505.1251,9583,,,,
,,,,,,1680.50697,,0.22238,,,,,,,,,,,,75,,,1786529568.71882,9938,,,,
,,,,,,1682.13957,,,,,,,,,,,,,0.06548,75,,,1786529570.35153,9952,,,,
,,,,,,1688.41035,,,,,,,,,,,,,0.06614,75,,,1786529576.62227,10008,,,,
,,,,,,1689.91465,,0.22027,,,,,,,,,,,,75,,,1786529578.12661,10022,,,,
,,0.0,,,,1726.28192,,,,,,,,,,,,,,77,,,1786529614.49386,10187,,,,
,,,,,,1752.04247,,,,,,,,,,,,,0.10869,78,,,1786529640.25434,10329,,,,
,,1e-05,,,,1783.68729,,,,,,,,,,,,,,79,,,1786529671.89917,10515,,,,
,,,,,,1799.49292,,,,,,,,,,,,,0.07099,80,,,1786529687.70457,10568,,,,
,,1e-05,,,,1800.62263,,,,,,,,,,,,,,80,,,1786529688.83431,10579,,,,
,,,,,,1803.0662,,,,,,,,,,,,,0.06194,80,,,1786529691.27793,10604,,,,
,,,,,,1803.59955,,0.19401,,,,,,,,,,,,80,,,1786529691.81152,10610,,,,
,,,,,,1811.14635,,,,,,,,,,,,,0.09737,80,,,1786529699.35829,10685,,,,
,,,,,,1822.87537,,0.22965,,,,,,,,,,,,81,,,1786529711.08721,10698,,,,
,,0.0,,,,1823.12522,,,,,,,,,,,,,,81,,,1786529711.3371,10699,,,,
,,,,,,1830.04043,,,,,,,,,,,,,0.09985,81,,,1786529718.25226,10757,,,,
,,0.0,,,,1891.60736,,,,,,,,,,,,,,84,,,1786529779.81926,11099,,,,
,,,,,,1893.74587,,0.19162,,,,,,,,,,,,84,,,1786529781.95762,11122,,,,
,,1e-05,,,,1961.04008,,,,,,,,,,,,,,87,,,1786529849.25169,11519,,,,
,,,,,,1964.47436,,,,,,,,,,,,,0.09897,87,,,1786529852.68623,11553,,,,
,,,,,,1965.19829,,,,,,,,,,,,,0.06306,87,,,1786529853.41008,11560,,,,
,,8.52258,,,,2003.23867,,,,,,,,,,,,,,89,,,1786529891.45048,11751,,,,
,,0.0,,,,2003.60313,,,,,,,,,,,,,,89,,,1786529891.81496,11755,,,,
,,0.0,,,,2005.69805,,,,,,,,,,,,,,89,,,1786529893.90989,11779,,,,
,,,,,,2014.24706,,,,,,,,,,,,,0.09245,89,,,1786529902.45881,11877,,,,
,,,,,,2026.19877,,0.20461,,,,,,,,,,,,90,,,1786529914.41074,11902,,,,
,,0.0,,,,2061.08256,,,,,,,,,,,,,,91,,,1786529949.29449,12131,,,,
,,,,,,2075.0589,,,,,,,,,,,,,0.08882,92,,,1786529963.27086,12189,,,,
,,,,,,2078.33156,,0.17803,,,,,,,,,,,,92,,,1786529966.54359,12226,,,,
,,0.0,,,,2080.68505,,,,,,,,,,,,,,92,,,1786529968.89607,12251,,,,
,,,,,,2081.59245,,0.17802,,,,,,,,,,,,92,,,1786529969.8044,12262,,,,
,,,,,,2098.24559,,0.19924,,,,,,,,,,,,93,,,1786529986.45764,12338,,,,
,,,,,,2104.68307,,,,,,,,,,,,,0.06175,93,,,1786529992.895,12400,,,,
,,,6.25689,,,2112.29659,,,,,,,,,,,,,,94,,,1786530000.50796,12409,,,,
,,,,,,2121.04256,,,,,,,,,,,,,0.05521,94,,,1786530009.2544,12472,,,,
,,0.0,,,,2141.03268,,,,,,,,,,,,,,95,,,1786530029.24458,12571,,,,
,,,,,,2162.13168,,,,,,,,,,,,,0.09562,96,,,1786530050.34366,12689,,,,
,,,,,,2163.91505,,,,,,,,,,,,,0.0535,96,,,1786530052.127,12708,,,,
,,,,,,2183.83604,,,,,,,,,,,,,2.91941,97,,,1786530072.04761,12806,,,,
,,,,,,2192.45608,,,,,,,,,,,,,0.06237,97,,,1786530080.66803,12888,,,,
,,,,,,2193.46661,,0.21475,,,,,,,,,,,,97,,,1786530081.67839,12898,,,,
,,,,,,2193.89901,,0.2163,,,,,,,,,,,,97,,,1786530082.11097,12902,,,,
,,1e-05,,,,2194.1158,,,,,,,,,,,,,,97,,,1786530082.32776,12903,,,,
,,,7.34986,,,2205.50813,,,,,,,,,,,,,,98,,,1786530093.71995,12937,,,,
,,,,,,2210.29202,,,,,,,,,,,,,0.06832,98,,,1786530098.50391,12948,,,,
,,1e-05,,,,2217.07715,,,,,,,,,,,,,,98,,,1786530105.2891,13007,,,,
,,0.0,,,,2244.65288,,,,,,,,,,,,,,99,,,1786530132.86478,13187,,,,
,,,,,,2262.26156,,0.20034,,,,,,,,,,,,100,,,1786530150.47334,13254,,,,
,,,,,,2267.07537,,0.19875,,,,,,,,,,,,100,,,1786530155.28738,13302,,,,
,,0.0,,,,2309.63605,,,,,,,,,,,,,,102,,,1786530197.84799,13551,,,,
,,,,,,2309.68964,,,,,,,,,,,,,0.05301,102,,,1786530197.9015,13552,,,,
,,,,,,2312.35759,,,,,,,,,,,,,0.09246,102,,,1786530200.56956,13581,,,,
,,,,,,2324.33464,,,,,,,,,,,,,0.06324,103,,,1786530212.54654,13612,,,,
,,,,,,2327.79062,,0.19859,,,,,,,,,,,,103,,,1786530216.00258,13646,,,,
,512.59375,,,512.59375,0.06823,2336.3628,0.0576,,710.0,710.0,2459264.0,0.92777,0.0,1.00049,1.25301,386.0,1.52,4e-05,,104,0.77965,386.0,1786530224.57472,13727,0.0,0.05197,0.01958,0.41871
0.18319,,,,,,2336.8921,,,,,,,,,,,,,,104,,,1786530225.10403,13728,,,,
,,,,,,2349.36436,,,,,,,,,,,,,0.10019,104,,,1786530237.57635,13757,,,,
,,,,,,2356.76612,,,,,,,,,,,,,0.10024,104,,,1786530244.97814,13829,,,,
,,,,,,2372.74353,,,,,,,,,,,,,0.09961,105,,,1786530260.95547,13897,,,,
,,0.0,,,,2375.07989,,,,,,,,,,,,,,105,,,1786530263.29186,13919,,,,
,,0.0,,,,2466.3186,,,,,,,,,,,,,,109,,,1786530354.53056,14439,,,,
,,,,,,2468.60266,,,,,,,,,,,,,0.06625,109,,,1786530356.81449,14460,,,,
0.17966,,,,,,2475.70097,,,,,,,,,,,,,,110,,,1786530363.91288,14520,,,,
,,,,,,2489.34544,,0.22728,,,,,,,,,,,,110,,,1786530377.55735,14550,,,,
,,,,,,2491.46469,,,,,,,,,,,,,0.06749,110,,,1786530379.67667,14568,,,,
,,1e-05,,,,2491.85329,,,,,,,,,,,,,,110,,,1786530380.06522,14571,,,,
,,,,,,2499.35408,,0.22374,,,,,,,,,,,,110,,,1786530387.56609,14638,,,,
,,,,,,2537.68504,,,,,,,,,,,,,0.09019,112,,,1786530425.89689,14788,,,,
,,0.0,,,,2537.98576,,,,,,,,,,,,,,112,,,1786530426.19777,14791,,,,
,,,,,,2568.91256,,,,,,,,,,,,,0.06214,113,,,1786530457.12457,14992,,,,
,,0.0,,,,2569.29231,,,,,,,,,,,,,,113,,,1786530457.5042,14995,,,,
,,0.0,,,,2586.92629,,,,,,,,,,,,,,114,,,1786530475.13828,15071,,,,
,,0.0,,,,2592.68332,,,,,,,,,,,,,,114,,,1786530480.89523,15127,,,,
,,,,,,2609.99664,,,,,,,,,,,,,0.06095,115,,,1786530498.20867,15196,,,,
,,0.0,,,,2618.9784,,,,,,,,,,,,,,115,,,1786530507.19019,15283,,,,
,,,,,,2642.68389,,0.2285,,,,,,,,,,,,116,,,1786530530.8959,15394,,,,
,,,,,,2645.94566,,,,,,,,,,,,,0.11237,116,,,1786530534.15762,15421,,,,
,,1e-05,,,,2683.41932,,,,,,,,,,,,,,118,,,1786530571.63099,15583,,,,
,,,,,,2684.49569,,0.21262,,,,,,,,,,,,118,,,1786530572.70771,15594,,,,
,,1e-05,,,,2710.68546,,,,,,,,,,,,,,119,,,1786530598.89716,15727,,,,
,,1e-05,,,,2745.34758,,,,,,,,,,,,,,120,,,1786530633.55954,15935,,,,
,,,,,,2759.43166,,,,,,,,,,,,,0.05199,121,,,1786530647.64362,15984,,,,
,,,,,,2759.80218,,,,,,,,,,,,,0.05246,121,,,1786530648.01399,15988,,,,
,,,,,,2764.68887,,0.18569,,,,,,,,,,,,121,,,1786530652.9009,16042,,,,
,,,,,,2765.01592,,,,,,,,,,,,,0.09336,121,,,1786530653.22794,16045,,,,
,,,,,,2782.85074,,0.20991,,,,,,,,,,,,122,,,1786530671.06275,16126,,,,
,,,,,,2806.56748,,,,,,,,,,,,,0.10768,123,,,1786530694.77943,16249,,,,
,,,,,,2814.77178,,,,,,,,,,,,,0.06453,123,,,1786530702.98368,16324,,,,
,,,,,,2839.16791,,0.25391,,,,,,,,,,,,124,,,1786530727.37992,16426,,,,
,,,,,,2866.55557,,0.21214,,,,,,,,,,,,125,,,1786530754.76743,16562,,,,
,,,,,,2868.08008,,,,,,,,,,,,,0.06102,125,,,1786530756.29188,16576,,,,
,,,,,,2873.66101,,,,,,,,,,,,,0.1074,125,,,1786530761.87287,16629,,,,
,,0.0,,,,2889.60249,,,,,,,,,,,,,,126,,,1786530777.81451,16687,,,,
,,1e-05,,,,2908.27032,,,,,,,,,,,,,,127,,,1786530796.48224,16779,,,,
,,,,,,2930.39736,,,,,,,,,,,,,0.04973,128,,,1786530818.60926,16920,,,,
,,0.0,,,,2931.02151,,,,,,,,,,,,,,128,,,1786530819.23332,16927,,,,
,,,,,,2936.63681,,0.1727,,,,,,,,,,,,128,,,1786530824.84877,16994,,,,
,,,,,,2952.27101,,0.22209,,,,,,,,,,,,129,,,1786530840.48301,17042,,,,
,,,,,,2965.45681,,0.22155,,,,,,,,,,,,129,,,1786530853.66883,17158,,,,
,,0.0,,,,2980.60283,,,,,,,,,,,,,,130,,,1786530868.81486,17203,,,,
,,,,,,2984.05705,,,,,,,,,,,,,0.10588,130,,,1786530872.26901,17233,,,,
,,,,,,3047.14428,,,,,,,,,,,,,0.10604,133,,,1786530935.35621,17593,,,,
,,,,,,3049.93767,,0.20205,,,,,,,,,,,,133,,,1786530938.14968,17622,,,,
,,,,,,3053.34391,,,,,,,,,,,,,0.05496,133,,,1786530941.55591,17656,,,,
,,1e-05,,,,3076.60843,,,,,,,,,,,,,,134,,,1786530964.82023,17767,,,,
,,,,,,3079.58617,,,,,,,,,,,,,0.07484,134,,,1786530967.79809,17792,,,,
,,,,,,3080.7058,,0.23261,,,,,,,,,,,,134,,,1786530968.91783,17802,,,,
,,,,,,3096.84678,,,,,,,,,,,,,0.05376,135,,,1786530985.05878,17872,,,,
,,1e-05,,,,3097.93135,,,,,,,,,,,,,,135,,,1786530986.14316,17883,,,,
,,,,,,3098.0834,,,,,,,,,,,,,0.09673,135,,,1786530986.2954,17885,,,,
,,1e-05,,,,3103.20811,,,,,,,,,,,,,,135,,,1786530991.41987,17939,,,,
,,,,,,3116.06708,,,,,,,,,,,,,0.05613,136,,,1786531004.27903,17972,,,,
,,,,,,3140.55867,,0.19737,,,,,,,,,,,,137,,,1786531028.77065,18122,,,,
,,,,,,3149.22532,,,,,,,,,,,,,0.05921,137,,,1786531037.43726,18208,,,,
,,,,,,3172.69634,,,,,,,,,,,,,0.11275,138,,,1786531060.90827,18317,,,,
,,0.0,,,,3195.78265,,,,,,,,,,,,,,139,,,1786531083.99453,18415,,,,
,,,,,,3225.98394,,0.1922,,,,,,,,,,,,140,,,1786531114.19595,18610,,,,
,,,,,,3237.54696,,,,,,,,,,,,,0.0899,141,,,1786531125.75895,18645,,,,
,,,,,,3237.90522,,,,,,,,,,,,,0.09084,141,,,1786531126.11723,18649,,,,
,,,,,,3242.92288,,,,,,,,,,,,,0.09099,141,,,1786531131.13489,18705,,,,
,,,,,,3259.64783,,,,,,,,,,,,,0.10801,142,,,1786531147.85979,18777,,,,
,,,,,,3260.47076,,,,,,,,,,,,,0.10659,142,,,1786531148.68257,18785,,,,
,,1e-05,,,,3264.81504,,,,,,,,,,,,,,142,,,1786531153.0269,18827,,,,
,,,,,,3280.09746,,,,,,,,,,,,,0.08696,143,,,1786531168.30938,18897,,,,
,,,,,,3281.46676,,,,,,,,,,,,,0.05459,143,,,1786531169.67874,18912,,,,
,,,,,,3289.85242,,,,,,,,,,,,,0.05395,143,,,1786531178.06436,19004,,,,
,,,,,,3302.68231,,,,,,,,,,,,,0.05103,144,,,1786531190.89426,19052,,,,
,,0.0,,,,3304.04156,,,,,,,,,,,,,,144,,,1786531192.25332,19067,,,,
,,0.0,,,,3307.553,,,,,,,,,,,,,,144,,,1786531195.76485,19107,,,,
,,,,,,3322.89585,,0.19491,,,,,,,,,,,,145,,,1786531211.10788,19174,,,,
,,,,,,3324.04719,,,,,,,,,,,,,0.09819,145,,,1786531212.2592,19185,,,,
,,,,,,3327.53601,,,,,,,,,,,,,0.05808,145,,,1786531215.74794,19220,,,,
,,,,,,3329.51487,,,,,,,,,,,,,0.05835,145,,,1786531217.72682,19240,,,,
,,9.65323,,,,3342.35488,,,,,,,,,,,,,,146,,,1786531230.56672,19275,,,,
,,,,,,3347.88408,,,,,,,,,,,,,0.06112,146,,,1786531236.09593,19332,,,,
,,,,,,3369.82851,,0.19895,,,,,,,,,,,,147,,,1786531258.04052,19454,,,,
,,,,,,3374.39678,,,,,,,,,,,,,0.09923,147,,,1786531262.60874,19497,,,,
,,,,,,3388.64174,,,,,,,,,,,,,0.05613,148,,,1786531276.85371,19544,,,,
,,,,,,3393.37588,,,,,,,,,,,,,0.05635,148,,,1786531281.58775,19592,,,,
,,1e-05,,,,3440.1463,,,,,,,,,,,,,,150,,,1786531328.35812,19855,,,,
,,,,,,3441.9783,,0.20766,,,,,,,,,,,,150,,,1786531330.19029,19874,,,,
,,,,,,3492.79606,,,,,,,,,,,,,0.11942,152,,,1786531381.008,20165,,,,
,,,,,,3534.3474,,0.20786,,,,,,,,,,,,154,,,1786531422.55931,20342,,,,
,,,,,,3542.59078,,0.21169,,,,,,,,,,,,154,,,1786531430.80268,20422,,,,
,,,,,,3558.28579,,,,,,,,,,,,,0.05252,155,,,1786531446.49758,20496,,,,
,,,,,,3564.3069,,0.18269,,,,,,,,,,,,155,,,1786531452.51893,20562,,,,
,,0.0,,,,3607.68761,,,,,,,,,,,,,,157,,,1786531495.89962,20779,,,,
,,1e-05,,,,3632.7296,,,,,,,,,,,,,,158,,,1786531520.94148,20911,,,,
,,,,,,3651.22345,,,,,,,,,,,,,0.10267,159,,,1786531539.43539,20997,,,,
,,0.0,,,,3659.29454,,,,,,,,,,,,,,159,,,1786531547.50625,21075,,,,
,,0.0,,,,3660.95834,,,,,,,,,,,,,,159,,,1786531549.1703,21091,,,,
,,0.0,,,,3663.42518,,,,,,,,,,,,,,159,,,1786531551.63719,21115,,,,
,,,,,,3673.59059,,,,,,,,,,,,,0.05564,160,,,1786531561.8025,21124,,,,
,,,,,,3674.84005,,,,,,,,,,,,,0.09802,160,,,1786531563.05202,21137,,,,
,,,,,,3685.41815,,,,,,,,,,,,,0.05526,160,,,1786531573.63008,21248,,,,
,,,,,,3700.03609,,,,,,,,,,,,,0.0686,161,,,1786531588.24804,21296,,,,
,,,,,,3701.49441,,0.20769,,,,,,,,,,,,161,,,1786531589.70644,21310,,,,
,,,,,,3717.63331,,,,,,,,,,,,,2.2324,162,,,1786531605.84488,21386,,,,
,,,,,,3746.89816,,0.19932,,,,,,,,,,,,163,,,1786531635.10985,21606,,,,
,,,,,,3750.25556,,0.2039,,,,,,,,,,,,163,,,1786531638.46713,21638,,,,
,,,,,,3768.69906,,,,,,,,,,,,,0.06687,164,,,1786531656.91101,21708,,,,
,,,,,,3787.41843,,,,,,,,,,,,,0.06511,165,,,1786531675.63037,21784,,,,
,,,,,,3799.02366,,,,,,,,,,,,,0.10569,165,,,1786531687.23567,21893,,,,
