train/global_step,train/kl_approx,_timestamp,train/rewards,train/completions/mean_terminated_length,train/sampling/sampling_logp_difference/max,train/completions/mean_length,_step,train/num_tokens,_runtime,train/entropy,train/learning_rate,train/sampling/sampling_logp_difference/mean,train/sampling/importance_sampling_ratio/max,train/completions/min_length,train/completions/max_length,profiling/Time taken: DistilTrainer.vLLM.generate,train/completions/max_terminated_length,train/sampling/importance_sampling_ratio/min,train/sampling/importance_sampling_ratio/mean,train/completions/clipped_ratio,train/loss,profiling/Time taken: DistilTrainer._prepare_inputs,profiling/Time taken: DistilTrainer._get_per_token_logps_and_entropies,train/completions/min_terminated_length,profiling/Time taken: DistilTrainer._move_model_to_vllm,train/epoch,train/grad_norm,profiling/Time taken: DistilTrainer.compute_loss
1,,1786503393.28731,,,,,158,,31.2526,,,,,,,,,,,,,,,,,,,0.14585
2,,1786503408.51998,,,,,288,,46.48527,,,,,,,,,,,,,,0.05089,,,,,
2,,1786503409.80342,,,,,304,,47.76875,,,,,,,,,,,,,,0.05067,,,,,
2,,1786503412.33664,,,,,335,,50.30198,,,,,,,,,,,,,0.0,,,,,,
3,,1786503431.97873,,,,,489,,69.94408,,,,,,,,,,,,,,0.08651,,,,,
3,,1786503434.40448,,,,,515,,72.37,,,,,,,,,,,,,0.0,,,,,,
5,,1786503457.37992,,,,,696,,95.34521,,,,,,,,,,,,,,0.04696,,,,,
5,,1786503462.80683,,,,,768,,100.77212,,,,,,,,,,,,,,0.04677,,,,,
6,,1786503469.91708,,,,,802,,107.88235,,,,,,,,,,,,,,,,,,,0.15041
7,,1786503489.3777,,,,,989,,127.34298,,,,,,,,,,,,,,0.07168,,,,,
7,,1786503493.94236,,,,,1047,,131.90766,,,,,,,,,,,,,0.0,,,,,,
8,,1786503502.00305,,,,,1082,,139.9683,,,,,,,,,,,,,,,,,,,0.1599
8,,1786503507.78913,,,,,1150,,145.75439,,,,,,,,,,,,,,,,,,,0.14404
9,,1786503511.55026,,,,,1188,,149.51569,,,,,,,,,,,,,,,,0.18417,,,
9,,1786503518.61389,,,,,1220,,156.57918,,,,,,,,,,,,,,0.0516,,,,,
9,,1786503526.1195,,,,,1312,,164.08486,,,,,,,,,,,,,,0.05191,,,,,
10,,1786503527.25411,,,,,1320,,165.21951,,,,,,,,,,,,,,,,0.18366,,,
11,,1786503551.1682,,,,,1481,,189.13349,,,,,,,,,,,,,,0.08817,,,,,
11,,1786503557.85795,,,,,1554,,195.82322,,,,,,,,,,,,,,,,,,,0.17262
12,,1786503574.29013,,,,,1671,,212.25542,,,,,,,,,,,,,0.0,,,,,,
13,,1786503594.63852,,,,,1827,,232.60379,,,,,,,,,,,,,0.0,,,,,,
14,,1786503619.31027,,,,,1924,,257.27559,,,,,,,,,,,,,,0.08756,,,,,
14,,1786503626.75165,,,,,1977,,264.71719,,,,,,,,,,,,,,0.13476,,,,,
15,,1786503643.19416,,,,,2088,,281.15946,,,,,,,,,,,,,,0.05772,,,,,
16,,1786503660.80782,,,,,2214,,298.77316,,,,,,,,,,,,,,,,,,,0.1639
18,,1786503687.81569,,,,,2394,,325.78099,,,,,,,,,,,,,,,,,,,0.15425
18,,1786503690.48918,,,,,2425,,328.45447,,,,,,,,,,,,,,0.07702,,,,,
18,,1786503691.86634,,,,,2442,,329.83164,,,,,,,,,,,,,,,,,,,0.15245
21,,1786503741.23989,,,,,2779,,379.20516,,,,,,,,,,,,,0.0,,,,,,
21,,1786503742.99509,,,,,2802,,380.96036,,,,,,,,,,,,,,,,,,,0.15044
21,,1786503743.61734,,,,,2809,,381.58263,,,,,,,,,,,,,,0.07686,,,,,
21,,1786503748.66104,,,,,2872,,386.62636,,,,,,,,,,,,,,0.04834,,,,,
22,,1786503761.51525,,,,,2940,,399.48053,,,,,,,,,,,,,,0.05952,,,,,
22,,1786503768.96514,,,,,3018,,406.9304,,,,,,,,,,,,,,,,,,,0.18122
24,,1786503797.27736,,,,,3180,,435.24273,,,,,,,,,,,,,,0.05323,,,,,
25,,1786503815.23989,,,,,3307,,453.20521,,,,,,,,,,,,,0.0,,,,,,
26,,1786503838.1687,,,,,3476,,476.13401,,,,,,,,,,,,,,0.06017,,,,,
26,,1786503844.87288,,,,,3547,,482.83819,,,,,,,,,,,,,0.0,,,,,,
27,,1786503853.84324,,,,,3587,,491.80862,,,,,,,,,,,,,0.0,,,,,,
27,,1786503854.6142,,,,,3597,,492.57952,,,,,,,,,,,,,,0.07687,,,,,
27,,1786503855.28776,,,,,3606,,493.2531,,,,,,,,,,,,,,,,,,,0.15296
29,,1786503893.86622,,,,,3908,,531.83154,,,,,,,,,,,,,,0.05807,,,,,
30,,1786503904.72365,,,,,3966,,542.68894,,,,,,,,,,,,,,,,,,,0.20324
30,,1786503913.29781,,,,,4064,,551.26329,,,,,,,,,,,,,,0.05502,,,,,
31,,1786503928.23975,,,,,4156,,566.20514,,,,,,,,,,,,,,0.05999,,,,,
31,,1786503929.09439,,,,,4166,,567.05968,,,,,,,,,,,,,,,,,,,0.1755
32,,1786503938.61326,,,,,4225,,576.57892,,,,,,,3.4299,,,,,,,,,,,,
33,,1786503971.76516,,,,,4486,,609.73046,,,,,,,,,,,,,,,,,,,0.1691
34,,1786503986.08145,,,,,4580,,624.04677,,,,,,,,,,,,,,0.05364,,,,,
34,,1786503986.16469,,,,,4581,,624.13002,,,,,,,,,,,,,,0.08291,,,,,
35,,1786504001.88361,,,,,4695,,639.8489,,,,,,,,,,,,,0.0,,,,,,
35,,1786504002.2293,,,,,4699,,640.1946,,,,,,,,,,,,,0.0,,,,,,
35,,1786504004.71876,,,,,4728,,642.68411,,,,,,,,,,,,,,0.05351,,,,,
36,,1786504018.56961,,,,,4780,,656.53498,,,,,,,,,,,,,,0.06966,,,,,
36,,1786504029.76769,,,,,4882,,667.73296,,,,,,,,,,,,,,,,,,,0.20611
37,,1786504042.08444,,,,,4944,,680.04971,,,,,,,,,,,,,,0.05816,,,,,
39,,1786504073.72935,,,,,5166,,711.69464,,,,,,,,,,,,,,,,,,,0.17417
39,,1786504084.04169,,,,,5275,,722.00707,,,,,,,,,,,,,1e-05,,,,,,
41,,1786504110.14016,,,,,5434,,748.10543,,,,,,,,,,,,,,,,,,,0.16788
41,,1786504115.23297,,,,,5490,,753.19828,,,,,,,,,,,,,,,,,,,0.1696
44,,1786504177.27137,,,,,5910,,815.23667,,,,,,,,,,,,,,,,,,,0.16598
46,,1786504214.83441,,,,,6165,,852.79979,,,,,,,,,,,,,,0.11017,,,,,
48,,1786504255.22467,,,,,6389,,893.18996,,,,,,,,,,,,,,0.10092,,,,,
49,,1786504272.19031,,,,,6515,,910.15561,,,,,,,,,,,,,0.0,,,,,,
50,,1786504296.84641,,,,,6675,,934.81201,,,,,,,,,,,,,1e-05,,,,,,
53,,1786504355.42632,,,,,6999,,993.39179,,,,,,,,,,,,,8.12911,,,,,,
54,,1786504376.14156,,,,,7139,,1014.10713,,,,,,,,,,,,,0.0,,,,,,
54,,1786504378.36717,,,,,7164,,1016.3325,,,,,,,,,,,,,,0.05439,,,,,
55,0.16483,1786504386.99432,0.0,111.4375,0.29208,111.4375,7259,1248569.0,1024.95973,0.4655,0.0001,0.01648,1.32892,39.0,328.0,,328.0,0.74671,1.0005,0.0,0.1009,,,39.0,,0.44715,0.15566,
55,,1786504396.40904,,,,,7296,,1034.37432,,,,,,,,,,,,,,0.05714,,,,,
55,,1786504397.25085,,,,,7306,,1035.21613,,,,,,,,,,,,,,,,,,,0.16673
55,,1786504403.03647,,,,,7369,,1041.00176,,,,,,,,,,,,,,0.08432,,,,,
56,,1786504417.69273,,,,,7483,,1055.65801,,,,,,,,,,,,,0.0,,,,,,
58,,1786504451.5314,,,,,7670,,1089.49667,,,,,,,,,,,,,,,,,,,0.1818
60,,1786504498.07479,,,,,7946,,1136.04006,,,,,,,,,,,,,,,,,,,0.19525
60,,1786504498.48457,,,,,7950,,1136.44984,,,,,,,,,,,,,,,,,,,0.19391
61,,1786504516.92061,,,,,8077,,1154.88595,,,,,,,,,,,,,,0.08264,,,,,
62,,1786504545.10014,,,,,8290,,1183.06541,,,,,,,,,,,,,,,,,,,0.19884
63,,1786504554.18764,,,,,8325,,1192.15293,,,,,,,,,,,,,,0.08163,,,,,
63,,1786504555.29412,,,,,8338,,1193.25939,,,,,,,,,,,,,,,,,,,0.16491
63,,1786504555.64814,,,,,8342,,1193.61348,,,,,,,,,,,,,,,,,,,0.16327
64,,1786504576.27723,,,,,8453,,1214.24264,,,,,,,,,,,,,,0.12094,,,,,
64,,1786504586.62587,,,,,8533,,1224.59118,,,,,,,,,,,,,,0.12328,,,,,
64,,1786504589.21328,,,,,8553,,1227.17862,,,,,,,,,,,,,,0.12185,,,,,
65,,1786504602.56792,,,,,8615,,1240.53318,,,,,,,,,,,,,0.0,,,,,,
69,,1786504672.58058,,,,,9117,,1310.54593,,,,,,,,,,,,,,0.10143,,,,,
69,,1786504673.87357,,,,,9129,,1311.83884,,,,,,,,,,,,,,0.10073,,,,,
69,,1786504678.70679,,,,,9174,,1316.67204,,,,,,,,,,,,,,,,,,,0.20251
69,,1786504685.12401,,,,,9232,,1323.0893,,,,,,,,,,,,,,0.06883,,,,,
70,,1786504692.68653,,,,,9245,,1330.65182,,,,,,,,,,,,,,0.08951,,,,,
70,,1786504697.33437,,,,,9296,,1335.29976,,,,,,,,,,,,,,0.06014,,,,,
71,,1786504721.88181,,,,,9502,,1359.84707,,,,,,,,,,,,,,,,,,,0.16894
72,,1786504729.5207,,,,,9509,,1367.486,,,,,,,,,,,,,,0.09273,,,,,
72,,1786504736.96427,,,,,9583,,1374.92955,,,,,,,,,,,,,0.0,,,,,,
75,,1786504789.43921,,,,,9938,,1427.40447,,,,,,,,,,,,,,,,,,,0.16329
75,,1786504790.73009,,,,,9952,,1428.69544,,,,,,,,,,,,,,0.05365,,,,,
75,,1786504795.63391,,,,,10008,,1433.59919,,,,,,,,,,,,,,0.05304,,,,,
75,,1786504796.8033,,,,,10022,,1434.76861,,,,,,,,,,,,,,,,,,,0.16643
77,,1786504826.80548,,,,,10187,,1464.77076,,,,,,,,,,,,,0.0,,,,,,
78,,1786504846.37773,,,,,10329,,1484.34322,,,,,,,,,,,,,,0.09575,,,,,
79,,1786504872.55321,,,,,10515,,1510.51852,,,,,,,,,,,,,0.0,,,,,,
80,,1786504888.13693,,,,,10610,,1526.1022,,,,,,,,,,,,,,,,,,,0.17114
81,,1786504904.21664,,,,,10698,,1542.18192,,,,,,,,,,,,,,,,,,,0.20224
81,,1786504910.51306,,,,,10757,,1548.47836,,,,,,,,,,,,,,0.0974,,,,,
84,,1786504974.8658,,,,,11099,,1612.8313,,,,,,,,,,,,,0.0,,,,,,
84,,1786504976.98822,,,,,11122,,1614.95349,,,,,,,,,,,,,,,,,,,0.18313
87,,1786505047.28387,,,,,11519,,1685.24917,,,,,,,,,,,,,0.0,,,,,,
87,,1786505050.81795,,,,,11560,,1688.78323,,,,,,,,,,,,,,0.05307,,,,,
89,,1786505099.44275,,,,,11877,,1737.40801,,,,,,,,,,,,,,0.1053,,,,,
90,,1786505109.55787,,,,,11902,,1747.5232,,,,,,,,,,,,,,,,,,,0.19394
91,,1786505136.45785,,,,,12131,,1774.42313,,,,,,,,,,,,,0.0,,,,,,
92,,1786505148.35251,,,,,12189,,1786.31788,,,,,,,,,,,,,,0.08968,,,,,
92,,1786505155.05723,,,,,12262,,1793.02249,,,,,,,,,,,,,,,,,,,0.17237
93,,1786505171.17747,,,,,12338,,1809.14274,,,,,,,,,,,,,,,,,,,0.20051
93,,1786505177.9448,,,,,12400,,1815.91011,,,,,,,,,,,,,,0.06887,,,,,
94,,1786505185.23926,,,,,12409,,1823.20486,,,,,,,5.96311,,,,,,,,,,,,
94,,1786505197.04217,,,,,12472,,1835.00748,,,,,,,,,,,,,,0.07709,,,,,
95,,1786505214.67323,,,,,12571,,1852.63867,,,,,,,,,,,,,0.0,,,,,,
96,,1786505232.65273,,,,,12708,,1870.61808,,,,,,,,,,,,,,0.0523,,,,,
97,,1786505247.84587,,,,,12806,,1885.81142,,,,,,,,,,,,,,2.71227,,,,,
97,,1786505255.50534,,,,,12888,,1893.47067,,,,,,,,,,,,,,0.05684,,,,,
97,,1786505256.39056,,,,,12898,,1894.35582,,,,,,,,,,,,,,,,,,,0.17944
97,,1786505256.76888,,,,,12902,,1894.73416,,,,,,,,,,,,,,,,,,,0.17965
97,,1786505256.96872,,,,,12903,,1894.93398,,,,,,,,,,,,,0.0,,,,,,
98,,1786505266.69668,,,,,12937,,1904.6622,,,,,,,6.18723,,,,,,,,,,,,
98,,1786505272.07826,,,,,12948,,1910.04364,,,,,,,,,,,,,,0.08156,,,,,
100,,1786505324.27922,,,,,13254,,1962.24451,,,,,,,,,,,,,,,,,,,0.25337
100,,1786505330.76649,,,,,13302,,1968.73175,,,,,,,,,,,,,,,,,,,0.25636
102,,1786505368.82473,,,,,13551,,2006.79016,,,,,,,,,,,,,0.0,,,,,,
102,,1786505371.95636,,,,,13581,,2009.92166,,,,,,,,,,,,,,0.10138,,,,,
103,,1786505388.02387,,,,,13612,,2025.9892,,,,,,,,,,,,,,0.09087,,,,,
103,,1786505392.82825,,,,,13646,,2030.79355,,,,,,,,,,,,,,,,,,,0.27635
104,,1786505423.41418,,,,,13829,,2061.37954,,,,,,,,,,,,,,0.10014,,,,,
105,,1786505438.81826,,,,,13897,,2076.78367,,,,,,,,,,,,,,0.10095,,,,,
109,,1786505526.9333,,,,,14439,,2164.89875,,,,,,,,,,,,,0.0,,,,,,
109,,1786505529.18416,,,,,14460,,2167.1495,,,,,,,,,,,,,,0.06883,,,,,
110,,1786505536.22339,,,,,14520,,2174.18876,,,,,,,,,,,,,,,,0.18527,,,
110,,1786505544.41373,,,,,14550,,2182.379,,,,,,,,,,,,,,,,,,,0.16816
110,,1786505546.09968,,,,,14568,,2184.06501,,,,,,,,,,,,,,0.05669,,,,,
110,,1786505546.40857,,,,,14571,,2184.37401,,,,,,,,,,,,,0.0,,,,,,
110,,1786505552.33084,,,,,14638,,2190.2962,,,,,,,,,,,,,,,,,,,0.16947
112,,1786505586.19493,,,,,14788,,2224.16025,,,,,,,,,,,,,,0.06884,,,,,
112,,1786505586.56351,,,,,14791,,2224.529,,,,,,,,,,,,,0.0,,,,,,
113,,1786505615.28526,,,,,14992,,2253.25062,,,,,,,,,,,,,,0.06462,,,,,
114,,1786505633.48113,,,,,15071,,2271.44641,,,,,,,,,,,,,0.0,,,,,,
114,,1786505640.11373,,,,,15127,,2278.079,,,,,,,,,,,,,0.0,,,,,,
115,,1786505656.70607,,,,,15196,,2294.67137,,,,,,,,,,,,,,0.0687,,,,,
115,,1786505666.19706,,,,,15283,,2304.16235,,,,,,,,,,,,,0.0,,,,,,
116,,1786505685.21233,,,,,15394,,2323.17762,,,,,,,,,,,,,,,,,,,0.19289
116,,1786505688.05145,,,,,15421,,2326.01674,,,,,,,,,,,,,,0.0958,,,,,
118,,1786505726.48939,,,,,15594,,2364.45473,,,,,,,,,,,,,,,,,,,0.1905
121,,1786505788.63339,,,,,15984,,2426.59869,,,,,,,,,,,,,,0.0584,,,,,
121,,1786505789.00815,,,,,15988,,2426.97346,,,,,,,,,,,,,,0.05887,,,,,
121,,1786505793.9463,,,,,16042,,2431.9116,,,,,,,,,,,,,,,,,,,0.17084
122,,1786505813.76902,,,,,16126,,2451.73437,,,,,,,,,,,,,,,,,,,0.25384
123,,1786505836.42546,,,,,16249,,2474.39076,,,,,,,,,,,,,,0.08639,,,,,
123,,1786505843.44754,,,,,16324,,2481.41285,,,,,,,,,,,,,,0.05833,,,,,
124,,1786505858.40289,,,,,16426,,2496.36814,,,,,,,,,,,,,,,,,,,0.16597
125,,1786505878.59054,,,,,16562,,2516.5558,,,,,,,,,,,,,,,,,,,0.19185
125,,1786505880.10259,,,,,16576,,2518.06786,,,,,,,,,,,,,,0.06439,,,,,
125,,1786505885.5219,,,,,16629,,2523.48739,,,,,,,,,,,,,,0.09723,,,,,
126,,1786505899.68189,,,,,16687,,2537.64715,,,,,,,,,,,,,0.0,,,,,,
127,,1786505916.85442,,,,,16779,,2554.81971,,,,,,,,,,,,,0.0,,,,,,
128,,1786505939.50619,,,,,16920,,2577.47148,,,,,,,,,,,,,,0.06842,,,,,
128,,1786505947.45253,,,,,16994,,2585.41785,,,,,,,,,,,,,,,,,,,0.20118
129,,1786505961.40395,,,,,17042,,2599.36928,,,,,,,,,,,,,,,,,,,0.20994
129,,1786505974.52342,,,,,17158,,2612.48878,,,,,,,,,,,,,,,,,,,0.21071
130,,1786505984.87963,,,,,17203,,2622.84489,,,,,,,,,,,,,0.0,,,,,,
130,,1786505987.53815,,,,,17233,,2625.50345,,,,,,,,,,,,,,0.08339,,,,,
133,,1786506049.35576,,,,,17593,,2687.32108,,,,,,,,,,,,,,0.08731,,,,,
133,,1786506055.16087,,,,,17656,,2693.12617,,,,,,,,,,,,,,0.05763,,,,,
134,,1786506078.78732,,,,,17767,,2716.75267,,,,,,,,,,,,,0.0,,,,,,
134,,1786506081.96728,,,,,17792,,2719.93259,,,,,,,,,,,,,,0.07973,,,,,
134,,1786506083.15951,,,,,17802,,2721.12478,,,,,,,,,,,,,,,,,,,0.24509
135,,1786506100.04486,,,,,17885,,2738.01013,,,,,,,,,,,,,,0.09945,,,,,
135,,1786506105.77126,,,,,17939,,2743.73655,,,,,,,,,,,,,0.0,,,,,,
136,,1786506115.99383,,,,,17972,,2753.95911,,,,,,,,,,,,,,0.05951,,,,,
139,,1786506185.65742,,,,,18415,,2823.62271,,,,,,,,,,,,,0.0,,,,,,
140,,1786506217.13538,,,,,18610,,2855.10065,,,,,,,,,,,,,,,,,,,0.2271
141,,1786506233.58492,,,,,18649,,2871.55019,,,,,,,,,,,,,,0.12754,,,,,
141,,1786506241.01567,,,,,18705,,2878.98098,,,,,,,,,,,,,,0.12396,,,,,
142,,1786506255.31435,,,,,18777,,2893.27967,,,,,,,,,,,,,,0.08661,,,,,
142,,1786506256.04713,,,,,18785,,2894.01242,,,,,,,,,,,,,,0.08821,,,,,
142,,1786506259.86314,,,,,18827,,2897.82842,,,,,,,,,,,,,0.0,,,,,,
143,,1786506276.28186,,,,,18897,,2914.24716,,,,,,,,,,,,,,0.11272,,,,,
143,,1786506278.07113,,,,,18912,,2916.0364,,,,,,,,,,,,,,0.07575,,,,,
144,,1786506305.9859,,,,,19052,,2943.9512,,,,,,,,,,,,,,0.08026,,,,,
144,,1786506307.97683,,,,,19067,,2945.94215,,,,,,,,,,,,,0.0,,,,,,
144,,1786506313.22736,,,,,19107,,2951.19265,,,,,,,,,,,,,0.0,,,,,,
145,,1786506327.45612,,,,,19185,,2965.4214,,,,,,,,,,,,,,0.08483,,,,,
145,,1786506330.63341,,,,,19220,,2968.59874,,,,,,,,,,,,,,0.05602,,,,,
145,,1786506332.44884,,,,,19240,,2970.41415,,,,,,,,,,,,,,0.05732,,,,,
146,,1786506348.16501,,,,,19332,,2986.1303,,,,,,,,,,,,,,0.0579,,,,,
147,,1786506370.48709,,,,,19497,,3008.45238,,,,,,,,,,,,,,0.09031,,,,,
148,,1786506381.3918,,,,,19544,,3019.3571,,,,,,,,,,,,,,0.05807,,,,,
148,,1786506385.87485,,,,,19592,,3023.84014,,,,,,,,,,,,,,0.05688,,,,,
150,,1786506429.79145,,,,,19855,,3067.75673,,,,,,,,,,,,,0.0,,,,,,
150,,1786506431.70783,,,,,19874,,3069.67318,,,,,,,,,,,,,,,,,,,0.2012
152,,1786506483.19561,,,,,20165,,3121.161,,,,,,,,,,,,,,0.10618,,,,,
154,,1786506511.26403,,,,,20342,,3149.2293,,,,,,,,,,,,,,,,,,,0.16411
154,,1786506518.51705,,,,,20422,,3156.4823,,,,,,,,,,,,,,,,,,,0.16632
155,,1786506543.39678,,,,,20562,,3181.36218,,,,,,,,,,,,,,,,,,,0.22684
157,,1786506584.31158,,,,,20779,,3222.27686,,,,,,,,,,,,,0.0,,,,,,
159,,1786506618.11696,,,,,20997,,3256.08226,,,,,,,,,,,,,,0.0757,,,,,
159,,1786506624.79853,,,,,21075,,3262.7638,,,,,,,,,,,,,1e-05,,,,,,
159,,1786506628.21502,,,,,21115,,3266.18032,,,,,,,,,,,,,1e-05,,,,,,
162,,1786506677.15871,,,,,21386,,3315.12435,,,,,,,,,,,,,,3.12963,,,,,
163,,1786506706.38994,,,,,21606,,3344.35521,,,,,,,,,,,,,,,,,,,0.17957
163,,1786506709.43899,,,,,21638,,3347.40426,,,,,,,,,,,,,,,,,,,0.17908
164,,1786506724.43327,,,,,21708,,3362.39858,,,,,,,,,,,,,,0.06562,,,,,
165,,1786506742.11468,,,,,21784,,3380.08008,,,,,,,,,,,,,,0.07663,,,,,
167,,1786506790.10968,,,,,22076,,3428.07496,,,,,,,,,,,,,,0.07125,,,,,
167,,1786506795.31081,,,,,22122,,3433.27607,,,,,,,,,,,,,,,,,,,0.2239
167,,1786506801.10583,,,,,22171,,3439.07114,,,,,,,,,,,,,0.0,,,,,,
169,,1786506844.8109,,,,,22364,,3482.77621,,,,,,,,,,,,,,0.07495,,,,,
169,,1786506853.34399,,,,,22436,,3491.30932,,,,,,,,,,,,,,0.0742,,,,,
170,,1786506866.86317,,,,,22470,,3504.82843,,,,,,,,,,,,,,,,,,,0.22656
170,,1786506874.4068,,,,,22534,,3512.37221,,,,,,,,,,,,,,,,,,,0.22229
170,,1786506876.28528,,,,,22549,,3514.25061,,,,,,,,,,,,,,0.11111,,,,,
171,,1786506897.97789,,,,,22652,,3535.94317,,,,,,,,,,,,,,0.07408,,,,,
172,,1786506917.46201,,,,,22713,,3555.42734,,,,,,,,,,,,,,0.13832,,,,,
172,,1786506923.26507,,,,,22754,,3561.23051,,,,,,,,,,,,,,,,,,,0.27411
172,,1786506930.46959,,,,,22803,,3568.43488,,,,,,,,,,,,,0.0,,,,,,
173,,1786506952.40889,,,,,22917,,3590.37417,,,,,,,,,,,,,,0.10265,,,,,
174,,1786506980.83889,,,,,23044,,3618.80416,,,,,,,,,,,,,,0.09076,,,,,
175,,1786506997.65406,,,,,23108,,3635.61947,,,,,,,,,,,,,,0.17945,,,,,
175,,1786507000.66715,,,,,23138,,3638.63241,,,,,,,,,,,,,,,,,,,0.1987
177,,1786507047.44309,,,,,23424,,3685.40838,,,,,,,,,,,,,,0.07122,,,,,
179,,1786507093.68243,,,,,23716,,3731.6479,,,,,,,,,,,,,,0.06311,,,,,
180,,1786507112.3704,,,,,23814,,3750.3357,,,,,,,,,,,,,,,,,,,0.20188
180,,1786507116.86109,,,,,23855,,3754.82644,,,,,,,,,,,,,0.0,,,,,,
182,,1786507153.18165,,,,,24052,,3791.14693,,,,,,,,,,,,,,0.05827,,,,,
182,,1786507154.72367,,,,,24068,,3792.68897,,,,,,,,,,,,,,0.05728,,,,,
182,,1786507156.75743,,,,,24090,,3794.7227,,,,,,,,,,,,,,,,,,,0.18061
182,,1786507160.44703,,,,,24128,,3798.41232,,,,,,,,,,,,,,0.05639,,,,,
183,,1786507181.96193,,,,,24214,,3819.92722,,,,,,,,,,,,,,,,,,,0.24998
183,,1786507185.98436,,,,,24243,,3823.94966,,,,,,,,,,,,,0.0,,,,,,
186,,1786507257.09409,,,,,24659,,3895.05937,,,,,,,,,,,,,0.0,,,,,,
187,,1786507271.32789,,,,,24716,,3909.29317,,,,,,,,,,,,,,0.06523,,,,,
187,,1786507274.81502,,,,,24750,,3912.78036,,,,,,,,,,,,,,,,,,,0.20038
187,,1786507279.79702,,,,,24797,,3917.76229,,,,,,,,,,,,,,0.10059,,,,,
189,,1786507332.06918,,,,,25073,,3970.03446,,,,,,,,,,,,,,0.11115,,,,,
190,,1786507341.73568,,,,,25087,,3979.70098,,,,,,,,,,,,,0.0,,,,,,
190,,1786507346.6214,,,,,25133,,3984.5867,,,,,,,,,,,,,,0.09956,,,,,
190,,1786507348.66267,,,,,25152,,3986.62796,,,,,,,,,,,,,,0.06628,,,,,
190,,1786507349.44471,,,,,25159,,3987.40999,,,,,,,,,,,,,0.0,,,,,,
191,,1786507369.69843,,,,,25292,,4007.66372,,,,,,,,,,,,,,0.05726,,,,,
192,,1786507401.86758,,,,,25457,,4039.83285,,,,,,,,,,,,,,0.12914,,,,,
192,,1786507402.98228,,,,,25465,,4040.94758,,,,,,,,,,,,,,0.13139,,,,,
194,,1786507464.98378,,,,,25727,,4102.94911,,,,,,,,,,,,,0.0,,,,,,
194,,1786507465.56127,,,,,25731,,4103.52666,,,,,,,,,,,,,0.0,,,,,,
195,,1786507477.87018,,,,,25745,,4115.83559,,,,,,,,,,,,,,0.12061,,,,,
196,,1786507503.78594,,,,,25886,,4141.7512,,,,,,,,,,,,,,,,,,,0.20585
198,,1786507552.53088,,,,,26152,,4190.49616,,,,,,,,,,,,,,0.0686,,,,,
200,,1786507600.55067,,,,,26471,,4238.51592,,,,,,,,,,,,,0.0,,,,,,
201,,1786507614.02414,,,,,26533,,4251.98995,,,,,,,6.83559,,,,,,,,,,,,
203,,1786507669.03919,,,,,26828,,4307.00453,,,,,,,,,,,,,,0.08369,,,,,
203,,1786507674.92275,,,,,26872,,4312.88803,,,,,,,,,,,,,,0.08298,,,,,
204,,1786507696.79957,,,,,26967,,4334.76486,,,,,,,,,,,,,0.0,,,,,,
206,,1786507742.13492,,,,,27225,,4380.10026,,,,,,,,,,,,,,0.10754,,,,,
207,,1786507763.54582,,,,,27351,,4401.5111,,,,,,,,,,,,,0.0,,,,,,
208,,1786507787.95395,,,,,27494,,4425.91923,,,,,,,,,,,,,,,,,,,0.22444
208,,1786507796.00092,,,,,27561,,4433.96619,,,,,,,,,,,,,,0.11239,,,,,
209,,1786507808.57431,,,,,27595,,4446.53969,,,,,,,,,,,,,1e-05,,,,,,
209,,1786507813.15332,,,,,27637,,4451.11862,,,,,,,,,,,,,,0.10301,,,,,
210,,1786507841.93696,,,,,27789,,4479.90224,,,,,,,,,,,,,,0.1217,,,,,
211,,1786507859.56648,,,,,27859,,4497.53176,,,,,,,,,,,,,0.0,,,,,,
211,,1786507862.27664,,,,,27884,,4500.24194,,,,,,,,,,,,,,0.06878,,,,,
211,,1786507869.93749,,,,,27954,,4507.90277,,,,,,,,,,,,,,,,,,,0.20687
211,,1786507871.99671,,,,,27972,,4509.962,,,,,,,,,,,,,,0.06992,,,,,
213,,1786507911.79719,,,,,28151,,4549.76247,,,,,,,,,,,,,0.0,,,,,,
216,,1786507987.98797,,,,,28579,,4625.95345,,,,,,,,,,,,,0.0,,,,,,
216,,1786507990.50151,,,,,28600,,4628.46687,,,,,,,,,,,,,,0.07634,,,,,
218,,1786508043.14713,,,,,28894,,4681.11239,,,,,,,,,,,,,,,,,,,0.23475
220,,1786508077.39842,,,,,29046,,4715.36376,,,,,,,,,,,,,,,,,,,0.19438
221,,1786508100.42214,,,,,29179,,4738.3875,,,,,,,,,,,,,0.0,,,,,,
221,,1786508107.27061,,,,,29237,,4745.2359,,,,,,,,,,,,,,0.11264,,,,,
222,0.06026,1786508115.206,0.0,170.96875,0.3771,170.96875,29303,5250381.0,4753.17138,0.49532,0.0,0.01822,1.39592,52.0,676.0,,676.0,0.68585,1.00076,0.0,0.0519,,,52.0,,1.80488,0.1192,
222,,1786508133.75795,,,,,29387,,4771.72321,,,,,,,,,,,,,0.0,,,,,,
223,,1786508151.08438,,,,,29478,,4789.04965,,,,,,,,,,,,,,,,,,,0.1917
224,,1786508170.05578,,,,,29580,,4808.02111,,,,,,,,,,,,,,0.06807,,,,,
224,,1786508177.56861,,,,,29650,,4815.53388,,,,,,,,,,,,,,,,,,,0.20484
225,,1786508200.88391,,,,,29789,,4838.8492,,,,,,,,,,,,,,0.10117,,,,,
228,,1786508263.64412,,,,,30108,,4901.60943,,,,,,,,,,,,,,0.0761,,,,,
230,,1786508321.02842,,,,,30463,,4958.99372,,,,,,,,,,,,,0.0,,,,,,
231,,1786508336.63858,,,,,30532,,4974.60385,,,,,,,,,,,,,,0.06889,,,,,
232,,1786508373.42711,,,,,30737,,5011.39237,,,,,,,,,,,,,,0.13305,,,,,
233,,1786508387.40914,,,,,30795,,5025.37445,,,,,,,,,,,,,0.0,,,,,,
233,,1786508389.52424,,,,,30816,,5027.48954,,,,,,,,,,,,,,0.06406,,,,,
233,,1786508389.65036,,,,,30818,,5027.61565,,,,,,,,,,,,,,,,,,,0.19035
234,,1786508410.1998,,,,,30916,,5048.16509,,,,,,,,,,,,,,0.07313,,,,,
235,,1786508438.39401,,,,,31075,,5076.35928,,,,,,,,,,,,,0.0,,,,,,
236,,1786508467.00491,,,,,31209,,5104.9702,,,,,,,,,,,,,,0.1326,,,,,
236,,1786508470.66096,,,,,31236,,5108.62631,,,,,,,,,,,,,,0.08163,,,,,
237,,1786508494.66868,,,,,31329,,5132.63401,,,,,,,,,,,,,,0.12725,,,,,
237,,1786508497.728,,,,,31351,,5135.69328,,,,,,,,,,,,,0.0,,,,,,
241,,1786508614.0734,,,,,31890,,5252.03868,,,,,,,,,,,,,,,,,,,0.24579
242,,1786508631.39419,,,,,31965,,5269.35947,,,,,,,,,,,,,,0.09036,,,,,
242,,1786508635.63246,,,,,32006,,5273.59773,,,,,,,,,,,,,,,,,,,0.19979
245,,1786508712.11213,,,,,32425,,5350.07747,,,,,,,,,,,,,,0.10696,,,,,
