train/sampling/importance_sampling_ratio/max,train/entropy,profiling/Time taken: DistilTrainer.vLLM.generate,train/grad_norm,train/completions/max_length,_timestamp,train/sampling/sampling_logp_difference/mean,train/rewards,train/completions/max_terminated_length,train/completions/mean_length,train/completions/min_terminated_length,train/sampling/importance_sampling_ratio/min,train/sampling/importance_sampling_ratio/mean,train/kl_approx,profiling/Time taken: DistilTrainer._prepare_inputs,train/completions/min_length,train/completions/clipped_ratio,_runtime,train/global_step,profiling/Time taken: DistilTrainer._move_model_to_vllm,_step,profiling/Time taken: DistilTrainer.compute_loss,profiling/Time taken: DistilTrainer._get_per_token_logps_and_entropies,train/completions/mean_terminated_length,train/num_tokens,train/sampling/sampling_logp_difference/max,train/loss,train/learning_rate,train/epoch
,,,,,1786508806.46226,,,,,,,,,,,,30.99779,1,,158,0.1459,,,,,,,
,,,,,1786508830.64505,,,,,,,,,,,,55.18061,2,,288,,0.09177,,,,,,
,,,,,1786508832.93883,,,,,,,,,,,,57.47439,2,,304,,0.09095,,,,,,
,,,,,1786508837.45939,,,,,,,,,0.0,,,61.99494,2,,335,,,,,,,,
,,,,,1786508861.29291,,,,,,,,,,,,85.82851,3,,489,,0.088,,,,,,
,,,,,1786508863.75798,,,,,,,,,0.0,,,88.29358,3,,515,,,,,,,,
,,,,,1786508886.80623,,,,,,,,,,,,111.34182,5,,696,,0.04809,,,,,,
,,,,,1786508892.43891,,,,,,,,,,,,116.97449,5,,768,,0.04796,,,,,,
,,,,,1786508899.55857,,,,,,,,,,,,124.09418,6,,802,0.14708,,,,,,,
,,,,,1786508918.71407,,,,,,,,,,,,143.24975,7,,989,,0.07486,,,,,,
,,,,,1786508923.31092,,,,,,,,,0.0,,,147.84656,7,,1047,,,,,,,,
,,,,,1786508931.21593,,,,,,,,,,,,155.75152,8,,1082,0.1593,,,,,,,
,,,,,1786508936.95978,,,,,,,,,,,,161.49531,8,,1150,0.15814,,,,,,,
,,,,,1786508940.71987,,,,,,,,,,,,165.25567,9,0.18907,1188,,,,,,,,
,,,,,1786508947.64094,,,,,,,,,,,,172.17652,9,,1220,,0.05086,,,,,,
,,,,,1786508955.14224,,,,,,,,,,,,179.67779,9,,1312,,0.05098,,,,,,
,,,,,1786508956.28529,,,,,,,,,,,,180.82093,10,0.18273,1320,,,,,,,,
,,,,,1786508983.83873,,,,,,,,,,,,208.3743,11,,1481,,0.10081,,,,,,
,,,,,1786508991.50827,,,,,,,,,,,,216.04382,11,,1554,0.20043,,,,,,,
,,,,,1786509019.67812,,,,,,,,,0.0,,,244.21368,12,,1671,,,,,,,,
,,,,,1786509043.15536,,,,,,,,,0.0,,,267.69091,13,,1827,,,,,,,,
,,,,,1786509061.73415,,,,,,,,,,,,286.26971,14,,1924,,0.06816,,,,,,
,,,,,1786509067.46252,,,,,,,,,,,,291.99808,14,,1977,,0.10237,,,,,,
,,,,,1786509095.10847,,,,,,,,,,,,319.64406,15,,2088,,0.08974,,,,,,
,,,,,1786509113.63605,,,,,,,,,,,,338.17158,16,,2214,0.16241,,,,,,,
,,,,,1786509145.24651,,,,,,,,,,,,369.78207,18,,2394,0.21099,,,,,,,
,,,,,1786509148.81605,,,,,,,,,,,,373.35163,18,,2425,,0.10521,,,,,,
,,,,,1786509150.65097,,,,,,,,,,,,375.1866,18,,2442,0.20973,,,,,,,
,,,,,1786509207.29981,,,,,,,,,0.0,,,431.83537,21,,2779,,,,,,,,
,,,,,1786509209.10086,,,,,,,,,,,,433.63638,21,,2802,0.15351,,,,,,,
,,,,,1786509209.74649,,,,,,,,,,,,434.28204,21,,2809,,0.07551,,,,,,
,,,,,1786509214.96804,,,,,,,,,,,,439.50358,21,,2872,,0.05189,,,,,,
,,,,,1786509227.38087,,,,,,,,,,,,451.91649,22,,2940,,0.05862,,,,,,
,,,,,1786509234.563,,,,,,,,,,,,459.09852,22,,3018,0.17363,,,,,,,
,,,,,1786509266.70283,,,,,,,,,,,,491.23841,24,,3180,,0.0757,,,,,,
,,,,,1786509290.45392,,,,,,,,,0.0,,,514.98946,25,,3307,,,,,,,,
,,,,,1786509313.96142,,,,,,,,,,,,538.49706,26,,3476,,0.05771,,,,,,
,,,,,1786509320.39229,,,,,,,,,0.0,,,544.92787,26,,3547,,,,,,,,
,,,,,1786509333.2372,,,,,,,,,0.0,,,557.77273,27,,3587,,,,,,,,
,,,,,1786509334.26656,,,,,,,,,,,,558.8021,27,,3597,,0.1062,,,,,,
,,,,,1786509335.16645,,,,,,,,,,,,559.70198,27,,3606,0.20855,,,,,,,
,,,,,1786509392.00461,,,,,,,,,,,,616.54021,29,,3908,,0.06616,,,,,,
,,,,,1786509410.07246,,,,,,,,,,,,634.6081,30,,3966,0.26413,,,,,,,
,,,,,1786509423.80928,,,,,,,,,,,,648.34487,30,,4064,,0.08778,,,,,,
,,,,,1786509439.87995,,,,,,,,,,,,664.41555,31,,4156,,0.05963,,,,,,
,,,,,1786509440.72243,,,,,,,,,,,,665.258,31,,4166,0.17153,,,,,,,
,,3.8409,,,1786509450.51943,,,,,,,,,,,,675.05527,32,,4225,,,,,,,,
,,,,,1786509487.50019,,,,,,,,,,,,712.03573,33,,4486,0.18875,,,,,,,
,,,,,1786509510.43639,,,,,,,,,,,,734.97197,34,,4580,,0.07837,,,,,,
,,,,,1786509510.56459,,,,,,,,,,,,735.10018,34,,4581,,0.12786,,,,,,
,,,,,1786509529.91556,,,,,,,,,0.0,,,754.45112,35,,4695,,,,,,,,
,,,,,1786509530.30357,,,,,,,,,0.0,,,754.83914,35,,4699,,,,,,,,
,,,,,1786509533.08383,,,,,,,,,,,,757.61946,35,,4728,,0.06011,,,,,,
,,,,,1786509542.73565,,,,,,,,,,,,767.27119,36,,4780,,0.05241,,,,,,
,,,,,1786509551.2129,,,,,,,,,,,,775.74842,36,,4882,0.15226,,,,,,,
,,,,,1786509562.98432,,,,,,,,,,,,787.51993,37,,4944,,0.05743,,,,,,
,,,,,1786509593.34672,,,,,,,,,,,,817.8823,39,,5166,0.16228,,,,,,,
,,,,,1786509602.8661,,,,,,,,,0.0,,,827.40165,39,,5275,,,,,,,,
,,,,,1786509627.16016,,,,,,,,,,,,851.69573,41,,5434,0.15368,,,,,,,
,,,,,1786509631.88733,,,,,,,,,,,,856.42288,41,,5490,0.1556,,,,,,,
,,,,,1786509698.19456,,,,,,,,,,,,922.73011,44,,5910,0.2428,,,,,,,
,,,,,1786509735.83057,,,,,,,,,,,,960.36618,46,,6165,,0.09628,,,,,,
,,,,,1786509771.42824,,,,,,,,,,,,995.96387,48,,6389,,0.08345,,,,,,
,,,,,1786509787.10385,,,,,,,,,0.0,,,1011.63942,49,,6515,,,,,,,,
,,,,,1786509809.22917,,,,,,,,,0.0,,,1033.7647,50,,6675,,,,,,,,
,,,,,1786509866.54718,,,,,,,,,6.66349,,,1091.08295,53,,6999,,,,,,,,
,,,,,1786509889.01766,,,,,,,,,0.0,,,1113.5533,54,,7139,,,,,,,,
,,,,,1786509891.88197,,,,,,,,,,,,1116.41755,54,,7164,,0.07212,,,,,,
1.4333,0.465,,0.18601,676.0,1786509902.99434,0.01641,0.0,676.0,118.03125,46.0,0.78028,1.00037,0.15263,,46.0,0.0,1127.53,55,,7259,,,118.03125,1257222.0,0.35998,0.1133,0.0001,0.44715
,,,,,1786509913.95568,,,,,,,,,,,,1138.49126,55,,7296,,0.06397,,,,,,
,,,,,1786509914.89109,,,,,,,,,,,,1139.42668,55,,7306,0.18915,,,,,,,
,,,,,1786509921.33233,,,,,,,,,,,,1145.86792,55,,7369,,0.09352,,,,,,
,,,,,1786509942.31235,,,,,,,,,0.0,,,1166.84791,56,,7483,,,,,,,,
,,,,,1786509977.25939,,,,,,,,,,,,1201.79496,58,,7670,0.22753,,,,,,,
,,,,,1786510018.83697,,,,,,,,,,,,1243.3725,60,,7946,0.18649,,,,,,,
,,,,,1786510019.22413,,,,,,,,,,,,1243.75965,60,,7950,0.18242,,,,,,,
,,,,,1786510038.20669,,,,,,,,,,,,1262.74226,61,,8077,,0.0896,,,,,,
,,,,,1786510062.8299,,,,,,,,,,,,1287.36542,62,,8290,0.14395,,,,,,,
,,,,,1786510071.96711,,,,,,,,,,,,1296.50286,63,,8325,,0.08466,,,,,,
,,,,,1786510073.11499,,,,,,,,,,,,1297.65053,63,,8338,0.1703,,,,,,,
,,,,,1786510073.48054,,,,,,,,,,,,1298.01623,63,,8342,0.16844,,,,,,,
,,,,,1786510095.25174,,,,,,,,,,,,1319.78739,64,,8453,,0.1243,,,,,,
,,,,,1786510105.99424,,,,,,,,,,,,1330.52981,64,,8533,,0.12788,,,,,,
,,,,,1786510108.69536,,,,,,,,,,,,1333.231,64,,8553,,0.12636,,,,,,
,,,,,1786510126.04025,,,,,,,,,0.0,,,1350.57581,65,,8615,,,,,,,,
,,,,,1786510203.0836,,,,,,,,,,,,1427.61916,69,,9117,,0.08591,,,,,,
,,,,,1786510204.1854,,,,,,,,,,,,1428.7212,69,,9129,,0.08471,,,,,,
,,,,,1786510208.31198,,,,,,,,,,,,1432.84752,69,,9174,0.17171,,,,,,,
,,,,,1786510213.80145,,,,,,,,,,,,1438.33709,69,,9232,,0.06035,,,,,,
,,,,,1786510222.32295,,,,,,,,,,,,1446.85854,70,,9245,,0.10092,,,,,,
,,,,,1786510227.4204,,,,,,,,,,,,1451.95598,70,,9296,,0.05996,,,,,,
,,,,,1786510257.89162,,,,,,,,,,,,1482.42716,71,,9502,0.20901,,,,,,,
,,,,,1786510268.66164,,,,,,,,,,,,1493.19728,72,,9509,,0.21542,,,,,,
,,,,,1786510277.50723,,,,,,,,,0.0,,,1502.04279,72,,9583,,,,,,,,
,,,,,1786510329.92752,,,,,,,,,,,,1554.46316,75,,9938,0.15344,,,,,,,
,,,,,1786510331.15416,,,,,,,,,,,,1555.6897,75,,9952,,0.05167,,,,,,
,,,,,1786510335.81678,,,,,,,,,,,,1560.35247,75,,10008,,0.05117,,,,,,
,,,,,1786510336.92574,,,,,,,,,,,,1561.46132,75,,10022,0.15681,,,,,,,
,,,,,1786510363.1028,,,,,,,,,0.0,,,1587.63836,77,,10187,,,,,,,,
,,,,,1786510382.35651,,,,,,,,,,,,1606.89205,78,,10329,,0.08646,,,,,,
,,,,,1786510406.17966,,,,,,,,,0.0,,,1630.71527,79,,10515,,,,,,,,
,,,,,1786510429.81837,,,,,,,,,,,,1654.35396,80,,10610,0.27523,,,,,,,
,,,,,1786510452.18486,,,,,,,,,,,,1676.72042,81,,10698,0.22856,,,,,,,
,,,,,1786510459.30537,,,,,,,,,,,,1683.84099,81,,10757,,0.11098,,,,,,
,,,,,1786510518.77948,,,,,,,,,0.0,,,1743.31506,84,,11099,,,,,,,,
,,,,,1786510521.39696,,,,,,,,,,,,1745.93258,84,,11122,0.22726,,,,,,,
,,,,,1786510589.22671,,,,,,,,,0.0,,,1813.76225,87,,11519,,,,,,,,
,,,,,1786510592.92451,,,,,,,,,,,,1817.46005,87,,11560,,0.05732,,,,,,
,,,,,1786510632.57446,,,,,,,,,,,,1857.11001,89,,11877,,0.07308,,,,,,
,,,,,1786510641.49988,,,,,,,,,,,,1866.03541,90,,11902,0.17631,,,,,,,
,,,,,1786510666.0085,,,,,,,,,0.0,,,1890.54408,91,,12131,,,,,,,,
,,,,,1786510680.19376,,,,,,,,,,,,1904.72931,92,,12189,,0.10401,,,,,,
,,,,,1786510687.94424,,,,,,,,,,,,1912.47977,92,,12262,0.20082,,,,,,,
,,,,,1786510705.4477,,,,,,,,,,,,1929.98324,93,,12338,0.21397,,,,,,,
,,,,,1786510712.68582,,,,,,,,,,,,1937.22139,93,,12400,,0.07362,,,,,,
,,2.1362,,,1786510716.2873,,,,,,,,,,,,1940.82334,94,,12409,,,,,,,,
,,,,,1786510724.49895,,,,,,,,,,,,1949.03449,94,,12472,,0.05354,,,,,,
,,,,,1786510739.05534,,,,,,,,,0.0,,,1963.59092,95,,12571,,,,,,,,
,,,,,1786510755.72448,,,,,,,,,,,,1980.2601,96,,12708,,0.04871,,,,,,
,,,,,1786510772.73643,,,,,,,,,,,,1997.27219,97,,12806,,3.25561,,,,,,
,,,,,1786510781.86845,,,,,,,,,,,,2006.40409,97,,12888,,0.06874,,,,,,
,,,,,1786510782.92528,,,,,,,,,,,,2007.46092,97,,12898,0.21877,,,,,,,
,,,,,1786510783.37893,,,,,,,,,,,,2007.91445,97,,12902,0.21897,,,,,,,
,,,,,1786510783.61356,,,,,,,,,0.0,,,2008.14912,97,,12903,,,,,,,,
,,4.78029,,,1786510792.53677,,,,,,,,,,,,2017.0727,98,,12937,,,,,,,,
,,,,,1786510797.1929,,,,,,,,,,,,2021.72847,98,,12948,,0.06913,,,,,,
,,,,,1786510846.32295,,,,,,,,,,,,2070.8585,100,,13254,0.17449,,,,,,,
,,,,,1786510850.84131,,,,,,,,,,,,2075.37694,100,,13302,0.17758,,,,,,,
,,,,,1786510893.04299,,,,,,,,,0.0,,,2117.57854,102,,13551,,,,,,,,
,,,,,1786510896.5636,,,,,,,,,,,,2121.09943,102,,13581,,0.11305,,,,,,
,,,,,1786510911.28956,,,,,,,,,,,,2135.82518,103,,13612,,0.082,,,,,,
,,,,,1786510915.6342,,,,,,,,,,,,2140.16974,103,,13646,0.24999,,,,,,,
,,,,,1786510942.97018,,,,,,,,,,,,2167.50584,104,,13829,,0.08859,,,,,,
,,,,,1786510959.85695,,,,,,,,,,,,2184.39252,105,,13897,,0.11346,,,,,,
,,,,,1786511060.04321,,,,,,,,,0.0,,,2284.57878,109,,14439,,,,,,,,
,,,,,1786511062.22251,,,,,,,,,,,,2286.75808,109,,14460,,0.06656,,,,,,
,,,,,1786511069.06506,,,,,,,,,,,,2293.60077,110,0.18621,14520,,,,,,,,
,,,,,1786511077.7292,,,,,,,,,,,,2302.26481,110,,14550,0.17217,,,,,,,
,,,,,1786511079.46242,,,,,,,,,,,,2303.99798,110,,14568,,0.05791,,,,,,
,,,,,1786511079.7778,,,,,,,,,0.0,,,2304.31334,110,,14571,,,,,,,,
,,,,,1786511085.83779,,,,,,,,,,,,2310.37336,110,,14638,0.17518,,,,,,,
,,,,,1786511118.45259,,,,,,,,,,,,2342.98849,112,,14788,,0.07646,,,,,,
,,,,,1786511118.85321,,,,,,,,,0.0,,,2343.38893,112,,14791,,,,,,,,
,,,,,1786511146.74759,,,,,,,,,,,,2371.28315,113,,14992,,0.05673,,,,,,
,,,,,1786511162.93909,,,,,,,,,0.0,,,2387.47468,114,,15071,,,,,,,,
,,,,,1786511169.0773,,,,,,,,,0.0,,,2393.61295,114,,15127,,,,,,,,
,,,,,1786511184.41831,,,,,,,,,,,,2408.95397,115,,15196,,0.06647,,,,,,
,,,,,1786511193.77641,,,,,,,,,1e-05,,,2418.31199,115,,15283,,,,,,,,
,,,,,1786511212.99175,,,,,,,,,,,,2437.52732,116,,15394,0.19763,,,,,,,
,,,,,1786511215.9127,,,,,,,,,,,,2440.44827,116,,15421,,0.09837,,,,,,
,,,,,1786511262.46955,,,,,,,,,,,,2487.00515,118,,15594,0.2356,,,,,,,
,,,,,1786511335.42692,,,,,,,,,,,,2559.96253,121,,15984,,0.09077,,,,,,
,,,,,1786511336.00649,,,,,,,,,,,,2560.54222,121,,15988,,0.0906,,,,,,
,,,,,1786511343.71088,,,,,,,,,,,,2568.24648,121,,16042,0.27442,,,,,,,
,,,,,1786511363.47158,,,,,,,,,,,,2588.00719,122,,16126,0.20662,,,,,,,
,,,,,1786511387.28097,,,,,,,,,,,,2611.81653,123,,16249,,0.11677,,,,,,
,,,,,1786511396.32601,,,,,,,,,,,,2620.86157,123,,16324,,0.07434,,,,,,
,,,,,1786511413.96654,,,,,,,,,,,,2638.50206,124,,16426,0.18016,,,,,,,
,,,,,1786511436.3016,,,,,,,,,,,,2660.83723,125,,16562,0.20533,,,,,,,
,,,,,1786511437.92062,,,,,,,,,,,,2662.45618,125,,16576,,0.06871,,,,,,
,,,,,1786511443.73134,,,,,,,,,,,,2668.26692,125,,16629,,0.1039,,,,,,
,,,,,1786511455.32518,,,,,,,,,0.0,,,2679.86073,126,,16687,,,,,,,,
,,,,,1786511471.34304,,,,,,,,,0.0,,,2695.87861,127,,16779,,,,,,,,
,,,,,1786511492.91116,,,,,,,,,,,,2717.44673,128,,16920,,0.0649,,,,,,
,,,,,1786511500.42275,,,,,,,,,,,,2724.95829,128,,16994,0.18981,,,,,,,
,,,,,1786511516.31604,,,,,,,,,,,,2740.85159,129,,17042,0.24328,,,,,,,
,,,,,1786511531.52025,,,,,,,,,,,,2756.0558,129,,17158,0.24402,,,,,,,
,,,,,1786511549.94895,,,,,,,,,0.0,,,2774.48465,130,,17203,,,,,,,,
,,,,,1786511554.14158,,,,,,,,,,,,2778.67719,130,,17233,,0.13575,,,,,,
,,,,,1786511614.72247,,,,,,,,,,,,2839.25803,133,,17593,,0.08335,,,,,,
,,,,,1786511620.2156,,,,,,,,,,,,2844.7512,133,,17656,,0.05465,,,,,,
,,,,,1786511639.13685,,,,,,,,,0.0,,,2863.67241,134,,17767,,,,,,,,
,,,,,1786511641.73696,,,,,,,,,,,,2866.27252,134,,17792,,0.06602,,,,,,
,,,,,1786511642.71087,,,,,,,,,,,,2867.2464,134,,17802,0.19814,,,,,,,
,,,,,1786511658.68551,,,,,,,,,,,,2883.22111,135,,17885,,0.09653,,,,,,
,,,,,1786511664.2613,,,,,,,,,0.0,,,2888.79689,135,,17939,,,,,,,,
,,,,,1786511676.67931,,,,,,,,,,,,2901.21495,136,,17972,,0.06984,,,,,,
,,,,,1786511748.17249,,,,,,,,,0.0,,,2972.70804,139,,18415,,,,,,,,
,,,,,1786511785.78391,,,,,,,,,,,,3010.31946,140,,18610,0.2671,,,,,,,
,,,,,1786511799.42132,,,,,,,,,,,,3023.9569,141,,18649,,0.11067,,,,,,
,,,,,1786511805.77702,,,,,,,,,,,,3030.31258,141,,18705,,0.11024,,,,,,
,,,,,1786511821.73712,,,,,,,,,,,,3046.2727,142,,18777,,0.10101,,,,,,
,,,,,1786511822.59478,,,,,,,,,,,,3047.13036,142,,18785,,0.1018,,,,,,
,,,,,1786511827.08303,,,,,,,,,0.0,,,3051.61867,142,,18827,,,,,,,,
,,,,,1786511840.59315,,,,,,,,,,,,3065.12873,143,,18897,,0.08517,,,,,,
,,,,,1786511841.9633,,,,,,,,,,,,3066.49892,143,,18912,,0.05747,,,,,,
,,,,,1786511866.83501,,,,,,,,,,,,3091.3706,144,,19052,,0.07782,,,,,,
,,,,,1786511868.75771,,,,,,,,,1e-05,,,3093.29346,144,,19067,,,,,,,,
,,,,,1786511873.79891,,,,,,,,,0.0,,,3098.33451,144,,19107,,,,,,,,
,,,,,1786511891.19872,,,,,,,,,,,,3115.73427,145,,19185,,0.10263,,,,,,
,,,,,1786511895.03801,,,,,,,,,,,,3119.57358,145,,19220,,0.06878,,,,,,
,,,,,1786511897.21548,,,,,,,,,,,,3121.75105,145,,19240,,0.06881,,,,,,
,,,,,1786511912.82534,,,,,,,,,,,,3137.36098,146,,19332,,0.05604,,,,,,
,,,,,1786511936.65003,,,,,,,,,,,,3161.18565,147,,19497,,0.0973,,,,,,
,,,,,1786511949.32605,,,,,,,,,,,,3173.86166,148,,19544,,0.06617,,,,,,
,,,,,1786511954.42248,,,,,,,,,,,,3178.95813,148,,19592,,0.06571,,,,,,
,,,,,1786512002.30304,,,,,,,,,0.0,,,3226.83859,150,,19855,,,,,,,,
,,,,,1786512004.45014,,,,,,,,,,,,3228.9857,150,,19874,0.22586,,,,,,,
,,,,,1786512051.89926,,,,,,,,,,,,3276.43493,152,,20165,,0.09625,,,,,,
,,,,,1786512079.71787,,,,,,,,,,,,3304.25337,154,,20342,0.16206,,,,,,,
,,,,,1786512086.85505,,,,,,,,,,,,3311.39059,154,,20422,0.16555,,,,,,,
,,,,,1786512107.10593,,,,,,,,,,,,3331.64156,155,,20562,0.18169,,,,,,,
,,,,,1786512152.63359,,,,,,,,,0.0,,,3377.16912,157,,20779,,,,,,,,
,,,,,1786512191.71092,,,,,,,,,,,,3416.24649,159,,20997,,0.09402,,,,,,
,,,,,1786512199.61222,,,,,,,,,0.0,,,3424.14776,159,,21075,,,,,,,,
,,,,,1786512203.64111,,,,,,,,,0.0,,,3428.17669,159,,21115,,,,,,,,
,,,,,1786512255.46602,,,,,,,,,,,,3480.00192,162,,21386,,3.11389,,,,,,
,,,,,1786512286.05423,,,,,,,,,,,,3510.58978,163,,21606,0.19335,,,,,,,
,,,,,1786512289.33959,,,,,,,,,,,,3513.87513,163,,21638,0.19338,,,,,,,
,,,,,1786512309.73174,,,,,,,,,,,,3534.2673,164,,21708,,0.08324,,,,,,
,,,,,1786512329.33625,,,,,,,,,,,,3553.87194,165,,21784,,0.07616,,,,,,
,,,,,1786512376.06689,,,,,,,,,,,,3600.6025,167,,22076,,0.06683,,,,,,
,,,,,1786512380.84112,,,,,,,,,,,,3605.37665,167,,22122,0.20318,,,,,,,
,,,,,1786512386.17999,,,,,,,,,1e-05,,,3610.71582,167,,22171,,,,,,,,
,,,,,1786512419.53556,,,,,,,,,,,,3644.07114,169,,22364,,0.07613,,,,,,
,,,,,1786512428.20994,,,,,,,,,,,,3652.74549,169,,22436,,0.07628,,,,,,
,,,,,1786512441.72344,,,,,,,,,,,,3666.25897,170,,22470,0.22708,,,,,,,
,,,,,1786512449.30093,,,,,,,,,,,,3673.83654,170,,22534,0.22406,,,,,,,
,,,,,1786512451.1673,,,,,,,,,,,,3675.70292,170,,22549,,0.11044,,,,,,
,,,,,1786512473.2236,,,,,,,,,,,,3697.7593,171,,22652,,0.07504,,,,,,
,,,,,1786512488.93642,,,,,,,,,,,,3713.47205,172,,22713,,0.10272,,,,,,
,,,,,1786512493.35517,,,,,,,,,,,,3717.89072,172,,22754,0.20413,,,,,,,
,,,,,1786512498.84663,,,,,,,,,1e-05,,,3723.38221,172,,22803,,,,,,,,
,,,,,1786512519.64812,,,,,,,,,,,,3744.18371,173,,22917,,0.10268,,,,,,
,,,,,1786512543.80866,,,,,,,,,,,,3768.34422,174,,23044,,0.07474,,,,,,
,,,,,1786512560.84794,,,,,,,,,,,,3785.38354,175,,23108,,0.07683,,,,,,
,,,,,1786512564.36654,,,,,,,,,,,,3788.90209,175,,23138,0.22884,,,,,,,
,,,,,1786512617.92137,,,,,,,,,,,,3842.45693,177,,23424,,0.08328,,,,,,
,,,,,1786512664.42153,,,,,,,,,,,,3888.95712,179,,23716,,0.06607,,,,,,
,,,,,1786512680.28056,,,,,,,,,,,,3904.8161,180,,23814,0.16595,,,,,,,
,,,,,1786512684.00901,,,,,,,,,0.0,,,3908.54457,180,,23855,,,,,,,,
,,,,,1786512722.40498,,,,,,,,,,,,3946.9407,182,,24052,,0.0598,,,,,,
,,,,,1786512723.97677,,,,,,,,,,,,3948.51241,182,,24068,,0.06062,,,,,,
,,,,,1786512726.04845,,,,,,,,,,,,3950.58398,182,,24090,0.18462,,,,,,,
,,,,,1786512729.81539,,,,,,,,,,,,3954.35095,182,,24128,,0.05915,,,,,,
,,,,,1786512749.74109,,,,,,,,,,,,3974.27668,183,,24214,0.23249,,,,,,,
,,,,,1786512753.50764,,,,,,,,,1e-05,,,3978.04323,183,,24243,,,,,,,,
,,,,,1786512825.45132,,,,,,,,,0.0,,,4049.98694,186,,24659,,,,,,,,
,,,,,1786512840.82974,,,,,,,,,,,,4065.3653,187,,24716,,0.0691,,,,,,
,,,,,1786512844.56259,,,,,,,,,,,,4069.09814,187,,24750,0.21388,,,,,,,
,,,,,1786512849.89882,,,,,,,,,,,,4074.43438,187,,24797,,0.10839,,,,,,
,,,,,1786512893.05273,,,,,,,,,,,,4117.58827,189,,25073,,0.08833,,,,,,
,,,,,1786512904.33089,,,,,,,,,0.0,,,4128.86644,190,,25087,,,,,,,,
,,,,,1786512909.73511,,,,,,,,,,,,4134.27065,190,,25133,,0.1102,,,,,,
,,,,,1786512912.00756,,,,,,,,,,,,4136.54318,190,,25152,,0.07438,,,,,,
,,,,,1786512912.87613,,,,,,,,,0.0,,,4137.41168,190,,25159,,,,,,,,
,,,,,1786512939.41587,,,,,,,,,,,,4163.95148,191,,25292,,0.07398,,,,,,
,,,,,1786512967.99726,,,,,,,,,,,,4192.53282,192,,25457,,0.10912,,,,,,
,,,,,1786512968.94077,,,,,,,,,,,,4193.47633,192,,25465,,0.1133,,,,,,
,,,,,1786513022.0809,,,,,,,,,0.0,,,4246.61644,194,,25727,,,,,,,,
,,,,,1786513022.61347,,,,,,,,,0.0,,,4247.14903,194,,25731,,,,,,,,
,,,,,1786513035.62504,,,,,,,,,,,,4260.16066,195,,25745,,0.12684,,,,,,
,,,,,1786513067.03564,,,,,,,,,,,,4291.57127,196,,25886,0.27607,,,,,,,
,,,,,1786513122.78989,,,,,,,,,,,,4347.32547,198,,26152,,0.08255,,,,,,
,,,,,1786513185.94113,,,,,,,,,1e-05,,,4410.47687,200,,26471,,,,,,,,
,,5.31665,,,1786513199.03606,,,,,,,,,,,,4423.57264,201,,26533,,,,,,,,
,,,,,1786513252.18669,,,,,,,,,,,,4476.7223,203,,26828,,0.07262,,,,,,
,,,,,1786513257.21391,,,,,,,,,,,,4481.74956,203,,26872,,0.07247,,,,,,
,,,,,1786513276.10732,,,,,,,,,0.0,,,4500.64293,204,,26967,,,,,,,,
,,,,,1786513315.85277,,,,,,,,,,,,4540.38868,206,,27225,,0.0969,,,,,,
,,,,,1786513337.42415,,,,,,,,,0.0,,,4561.95968,207,,27351,,,,,,,,
,,,,,1786513364.74997,,,,,,,,,,,,4589.28577,208,,27494,0.2502,,,,,,,
,,,,,1786513373.69903,,,,,,,,,,,,4598.23462,208,,27561,,0.1244,,,,,,
,,,,,1786513384.04068,,,,,,,,,0.0,,,4608.57631,209,,27595,,,,,,,,
,,,,,1786513387.85066,,,,,,,,,,,,4612.38638,209,,27637,,0.08571,,,,,,
,,,,,1786513414.97031,,,,,,,,,,,,4639.50606,210,,27789,,0.12215,,,,,,
,,,,,1786513434.90926,,,,,,,,,0.0,,,4659.44484,211,,27859,,,,,,,,
,,,,,1786513438.15424,,,,,,,,,,,,4662.68981,211,,27884,,0.08183,,,,,,
,,,,,1786513447.28848,,,,,,,,,,,,4671.82405,211,,27954,0.24506,,,,,,,
,,,,,1786513449.74575,,,,,,,,,,,,4674.28163,211,,27972,,0.08223,,,,,,
,,,,,1786513489.00559,,,,,,,,,1e-05,,,4713.54124,213,,28151,,,,,,,,
,,,,,1786513566.787,,,,,,,,,1e-05,,,4791.32296,216,,28579,,,,,,,,
,,,,,1786513569.12996,,,,,,,,,,,,4793.66564,216,,28600,,0.06891,,,,,,
,,,,,1786513621.18913,,,,,,,,,,,,4845.72466,218,,28894,0.20283,,,,,,,
,,,,,1786513655.88405,,,,,,,,,,,,4880.41962,220,,29046,0.2772,,,,,,,
,,,,,1786513682.63395,,,,,,,,,0.0,,,4907.16968,221,,29179,,,,,,,,
,,,,,1786513688.70981,,,,,,,,,,,,4913.24546,221,,29237,,0.09933,,,,,,
1.37415,0.48711,,0.14082,513.0,1786513695.79418,0.01785,0.0,513.0,139.625,64.0,0.72021,1.00007,0.0619,,64.0,0.0,4920.33008,222,,29303,,,139.625,5266876.0,0.32821,0.0571,0.0,1.80488
,,,,,1786513713.15301,,,,,,,,,0.0,,,4937.6888,222,,29387,,,,,,,,
,,,,,1786513734.60678,,,,,,,,,,,,4959.14238,223,,29478,0.23698,,,,,,,
,,,,,1786513755.83035,,,,,,,,,,,,4980.36603,224,,29580,,0.06739,,,,,,
,,,,,1786513763.32878,,,,,,,,,,,,4987.86449,224,,29650,0.20355,,,,,,,
,,,,,1786513786.26274,,,,,,,,,,,,5010.79837,225,,29789,,0.10068,,,,,,
,,,,,1786513854.6504,,,,,,,,,,,,5079.18601,228,,30108,,0.07495,,,,,,
,,,,,1786513908.25833,,,,,,,,,0.0,,,5132.79393,230,,30463,,,,,,,,
,,,,,1786513925.02241,,,,,,,,,,,,5149.55799,231,,30532,,0.07253,,,,,,
,,,,,1786513959.98525,,,,,,,,,,,,5184.52087,232,,30737,,0.12136,,,,,,
,,,,,1786513971.95081,,,,,,,,,0.0,,,5196.48637,233,,30795,,,,,,,,
,,,,,1786513973.83172,,,,,,,,,,,,5198.36728,233,,30816,,0.05671,,,,,,
,,,,,1786513973.94224,,,,,,,,,,,,5198.47777,233,,30818,0.16739,,,,,,,
,,,,,1786513996.40936,,,,,,,,,,,,5220.94503,234,,30916,,0.08328,,,,,,
,,,,,1786514026.58653,,,,,,,,,1e-05,,,5251.12221,235,,31075,,,,,,,,
,,,,,1786514053.28757,,,,,,,,,,,,5277.82313,236,,31209,,0.12182,,,,,,
,,,,,1786514056.6156,,,,,,,,,,,,5281.15117,236,,31236,,0.07465,,,,,,
,,,,,1786514072.74239,,,,,,,,,,,,5297.27814,237,,31329,,0.08375,,,,,,
,,,,,1786514074.7966,,,,,,,,,0.0,,,5299.33225,237,,31351,,,,,,,,
,,,,,1786514170.3597,,,,,,,,,,,,5394.89524,241,,31890,0.22691,,,,,,,
,,,,,1786514187.53726,,,,,,,,,,,,5412.07289,242,,31965,,0.10391,,,,,,
,,,,,1786514191.87116,,,,,,,,,,,,5416.40669,242,,32006,0.20252,,,,,,,
,,,,,1786514260.19703,,,,,,,,,,,,5484.73256,245,,32425,,0.09823,,,,,,
