profiling/Time taken: DistilTrainer._move_model_to_vllm,train/kl_approx,train/sampling/importance_sampling_ratio/mean,train/grad_norm,train/completions/clipped_ratio,_step,train/completions/min_length,train/completions/mean_length,train/sampling/importance_sampling_ratio/max,train/num_tokens,_timestamp,train/global_step,train/completions/min_terminated_length,train/sampling/sampling_logp_difference/max,profiling/Time taken: DistilTrainer._get_per_token_logps_and_entropies,_runtime,train/completions/max_terminated_length,train/sampling/sampling_logp_difference/mean,train/epoch,profiling/Time taken: DistilTrainer.compute_loss,train/completions/max_length,train/loss,train/entropy,train/rewards,train/learning_rate,train/sampling/importance_sampling_ratio/min,train/completions/mean_terminated_length,profiling/Time taken: DistilTrainer.vLLM.generate,profiling/Time taken: DistilTrainer._prepare_inputs
,,,,,158,,,,,1786785556.25991,1,,,,30.78149,,,,0.14913,,,,,,,,,
,,,,,288,,,,,1786785571.33728,2,,,0.04792,45.85886,,,,,,,,,,,,,
,,,,,304,,,,,1786785572.58909,2,,,0.0477,47.11059,,,,,,,,,,,,,
,,,,,335,,,,,1786785575.05667,2,,,,49.57818,,,,,,,,,,,,,0.0
,,,,,489,,,,,1786785592.41704,3,,,0.07496,66.93853,,,,,,,,,,,,,
,,,,,515,,,,,1786785594.54789,3,,,,69.06948,,,,,,,,,,,,,0.0
,,,,,696,,,,,1786785617.33534,5,,,0.04865,91.85691,,,,,,,,,,,,,
,,,,,768,,,,,1786785622.94715,5,,,0.05074,97.46886,,,,,,,,,,,,,
,,,,,802,,,,,1786785629.89586,6,,,,104.41735,,,,0.1382,,,,,,,,,
,,,,,989,,,,,1786785649.68133,7,,,0.06752,124.20283,,,,,,,,,,,,,
,,,,,1047,,,,,1786785654.56125,7,,,,129.0829,,,,,,,,,,,,,1e-05
,,,,,1082,,,,,1786785662.19149,8,,,,136.713,,,,0.14876,,,,,,,,,
,,,,,1150,,,,,1786785667.76963,8,,,,142.29113,,,,0.15031,,,,,,,,,
0.19069,,,,,1188,,,,,1786785671.44027,9,,,,145.96194,,,,,,,,,,,,,
,,,,,1220,,,,,1786785677.79216,9,,,0.04975,152.31365,,,,,,,,,,,,,
,,,,,1312,,,,,1786785684.96724,9,,,0.05017,159.48891,,,,,,,,,,,,,
0.18843,,,,,1320,,,,,1786785686.0798,10,,,,160.60149,,,,,,,,,,,,,
,,,,,1481,,,,,1786785707.55332,11,,,0.07761,182.07484,,,,,,,,,,,,,
,,,,,1554,,,,,1786785713.37958,11,,,,187.90128,,,,0.14876,,,,,,,,,
,,,,,1671,,,,,1786785729.38731,12,,,,203.90881,,,,,,,,,,,,,0.0
,,,,,1827,,,,,1786785753.84677,13,,,,228.36826,,,,,,,,,,,,,0.0
,,,,,1924,,,,,1786785778.13181,14,,,0.08479,252.6534,,,,,,,,,,,,,
,,,,,1977,,,,,1786785785.40686,14,,,0.13023,259.92838,,,,,,,,,,,,,
,,,,,2088,,,,,1786785802.46112,15,,,0.06314,276.98275,,,,,,,,,,,,,
,,,,,2214,,,,,1786785818.44441,16,,,,292.966,,,,0.15472,,,,,,,,,
,,,,,2394,,,,,1786785846.01373,18,,,,320.53524,,,,0.14941,,,,,,,,,
,,,,,2425,,,,,1786785848.56361,18,,,0.07697,323.08513,,,,,,,,,,,,,
,,,,,2442,,,,,1786785849.88147,18,,,,324.40301,,,,0.152,,,,,,,,,
,,,,,2779,,,,,1786785903.7233,21,,,,378.24482,,,,,,,,,,,,,0.0
,,,,,2802,,,,,1786785905.46614,21,,,,379.98765,,,,0.1478,,,,,,,,,
,,,,,2809,,,,,1786785906.08015,21,,,0.07449,380.60164,,,,,,,,,,,,,
,,,,,2872,,,,,1786785911.13847,21,,,0.0488,385.66003,,,,,,,,,,,,,
,,,,,2940,,,,,1786785922.31574,22,,,0.05455,396.83726,,,,,,,,,,,,,
,,,,,3018,,,,,1786785928.96926,22,,,,403.49074,,,,0.15722,,,,,,,,,
,,,,,3180,,,,,1786785952.67371,24,,,0.04864,427.19527,,,,,,,,,,,,,
,,,,,3307,,,,,1786785971.37081,25,,,,445.89238,,,,,,,,,,,,,0.0
,,,,,3476,,,,,1786785995.94202,26,,,0.0612,470.46365,,,,,,,,,,,,,
,,,,,3547,,,,,1786786002.92184,26,,,,477.44333,,,,,,,,,,,,,0.0
,,,,,3587,,,,,1786786012.8881,27,,,,487.40982,,,,,,,,,,,,,0.0
,,,,,3597,,,,,1786786013.77159,27,,,0.08452,488.29312,,,,,,,,,,,,,
,,,,,3606,,,,,1786786014.54469,27,,,,489.06623,,,,0.1729,,,,,,,,,
,,,,,3908,,,,,1786786054.63712,29,,,0.05822,529.15863,,,,,,,,,,,,,
,,,,,3966,,,,,1786786065.46497,30,,,,539.98649,,,,0.16003,,,,,,,,,
,,,,,4064,,,,,1786786074.02028,30,,,0.05348,548.5418,,,,,,,,,,,,,
,,,,,4156,,,,,1786786092.27962,31,,,0.07051,566.80121,,,,,,,,,,,,,
,,,,,4166,,,,,1786786093.31556,31,,,,567.83714,,,,0.20984,,,,,,,,,
,,,,,4225,,,,,1786786105.10079,32,,,,579.62268,,,,,,,,,,,,4.67184,
,,,,,4486,,,,,1786786145.10236,33,,,,619.62386,,,,0.20412,,,,,,,,,
,,,,,4580,,,,,1786786160.0196,34,,,0.0574,634.54114,,,,,,,,,,,,,
,,,,,4581,,,,,1786786160.10437,34,,,0.08445,634.62594,,,,,,,,,,,,,
,,,,,4695,,,,,1786786183.64777,35,,,,658.16929,,,,,,,,,,,,,0.0
,,,,,4699,,,,,1786786184.15415,35,,,,658.67574,,,,,,,,,,,,,0.0
,,,,,4728,,,,,1786786187.77367,35,,,0.07867,662.29546,,,,,,,,,,,,,
,,,,,4780,,,,,1786786203.70894,36,,,0.07734,678.23068,,,,,,,,,,,,,
,,,,,4882,,,,,1786786215.99609,36,,,,690.51767,,,,0.23124,,,,,,,,,
,,,,,4944,,,,,1786786230.87855,37,,,0.06865,705.40008,,,,,,,,,,,,,
,,,,,5166,,,,,1786786271.24389,39,,,,745.76559,,,,0.19758,,,,,,,,,
,,,,,5275,,,,,1786786282.89242,39,,,,757.41394,,,,,,,,,,,,,1e-05
,,,,,5434,,,,,1786786307.8749,41,,,,782.39658,,,,0.16815,,,,,,,,,
,,,,,5490,,,,,1786786312.97151,41,,,,787.49307,,,,0.16887,,,,,,,,,
,,,,,5910,,,,,1786786369.50816,44,,,,844.02965,,,,0.15551,,,,,,,,,
,,,,,6165,,,,,1786786403.36911,46,,,0.08202,877.89062,,,,,,,,,,,,,
,,,,,6389,,,,,1786786442.90397,48,,,0.12716,917.42552,,,,,,,,,,,,,
,,,,,6515,,,,,1786786462.91377,49,,,,937.43536,,,,,,,,,,,,,0.0
,,,,,6675,,,,,1786786485.40587,50,,,,959.9276,,,,,,,,,,,,,1e-05
,,,,,6999,,,,,1786786542.9283,53,,,,1017.45003,,,,,,,,,,,,,6.24123
,,,,,7139,,,,,1786786561.57816,54,,,,1036.09977,,,,,,,,,,,,,0.0
,,,,,7164,,,,,1786786563.80943,54,,,0.05837,1038.33096,,,,,,,,,,,,,
,0.16626,1.00007,0.1552,0.0,7259,45.0,107.53125,1.35203,1247379.0,1786786572.53744,55,45.0,0.37249,,1047.05905,309.0,0.0168,0.44715,,309.0,0.0844,0.44581,0.0,0.0001,0.68902,107.53125,,
,,,,,7296,,,,,1786786586.80141,55,,,0.07485,1061.32297,,,,,,,,,,,,,
,,,,,7306,,,,,1786786587.93019,55,,,,1062.45169,,,,0.23339,,,,,,,,,
,,,,,7369,,,,,1786786595.68876,55,,,0.11867,1070.21031,,,,,,,,,,,,,
,,,,,7483,,,,,1786786617.07133,56,,,,1091.59288,,,,,,,,,,,,,0.0
,,,,,7670,,,,,1786786652.14219,58,,,,1126.66368,,,,0.18237,,,,,,,,,
,,,,,7946,,,,,1786786691.46555,60,,,,1165.98712,,,,0.16554,,,,,,,,,
,,,,,7950,,,,,1786786691.82242,60,,,,1166.34393,,,,0.16534,,,,,,,,,
,,,,,8077,,,,,1786786715.43712,61,,,0.12147,1189.95864,,,,,,,,,,,,,
,,,,,8290,,,,,1786786747.04556,62,,,,1221.56705,,,,0.18883,,,,,,,,,
,,,,,8325,,,,,1786786756.10015,63,,,0.07939,1230.62167,,,,,,,,,,,,,
,,,,,8338,,,,,1786786757.15797,63,,,,1231.67952,,,,0.1585,,,,,,,,,
,,,,,8342,,,,,1786786757.49462,63,,,,1232.01654,,,,0.15874,,,,,,,,,
,,,,,8453,,,,,1786786772.35065,64,,,0.08251,1246.87221,,,,,,,,,,,,,
,,,,,8533,,,,,1786786778.86784,64,,,0.06714,1253.38934,,,,,,,,,,,,,
,,,,,8553,,,,,1786786780.44089,64,,,0.06782,1254.9624,,,,,,,,,,,,,
,,,,,8615,,,,,1786786790.83285,65,,,,1265.35443,,,,,,,,,,,,,0.0
,,,,,9117,,,,,1786786863.39509,69,,,0.05892,1337.91687,,,,,,,,,,,,,
,,,,,9129,,,,,1786786864.47309,69,,,0.08284,1338.99464,,,,,,,,,,,,,
,,,,,9174,,,,,1786786868.50995,69,,,,1343.03143,,,,0.16377,,,,,,,,,
,,,,,9232,,,,,1786786873.81252,69,,,0.05588,1348.334,,,,,,,,,,,,,
,,,,,9245,,,,,1786786882.02144,70,,,0.09337,1356.54302,,,,,,,,,,,,,
,,,,,9296,,,,,1786786887.16867,70,,,0.06355,1361.69034,,,,,,,,,,,,,
,,,,,9502,,,,,1786786915.29849,71,,,,1389.82003,,,,0.18792,,,,,,,,,
,,,,,9509,,,,,1786786925.45108,72,,,0.10847,1399.97264,,,,,,,,,,,,,
,,,,,9583,,,,,1786786934.41805,72,,,,1408.93954,,,,,,,,,,,,,0.0
,,,,,9938,,,,,1786786995.58665,75,,,,1470.10813,,,,0.18077,,,,,,,,,
,,,,,9952,,,,,1786786996.98157,75,,,0.0572,1471.50307,,,,,,,,,,,,,
,,,,,10008,,,,,1786787002.30209,75,,,0.05762,1476.82359,,,,,,,,,,,,,
,,,,,10022,,,,,1786787003.57296,75,,,,1478.09443,,,,0.18213,,,,,,,,,
,,,,,10187,,,,,1786787038.92777,77,,,,1513.44926,,,,,,,,,,,,,0.0
,,,,,10329,,,,,1786787060.82606,78,,,0.10058,1535.34759,,,,,,,,,,,,,
,,,,,10515,,,,,1786787088.51347,79,,,,1563.03503,,,,,,,,,,,,,0.0
,,,,,10610,,,,,1786787108.04934,80,,,,1582.57088,,,,0.21679,,,,,,,,,
,,,,,10698,,,,,1786787124.11198,81,,,,1598.63349,,,,0.16957,,,,,,,,,
,,,,,10757,,,,,1786787129.39621,81,,,0.08312,1603.9177,,,,,,,,,,,,,
,,,,,11099,,,,,1786787185.89382,84,,,,1660.41538,,,,,,,,,,,,,0.0
,,,,,11122,,,,,1786787188.49895,84,,,,1663.02043,,,,0.22866,,,,,,,,,
,,,,,11519,,,,,1786787264.65443,87,,,,1739.1761,,,,,,,,,,,,,0.0
,,,,,11560,,,,,1786787268.4748,87,,,0.0579,1742.99633,,,,,,,,,,,,,
,,,,,11877,,,,,1786787315.81759,89,,,0.10286,1790.33918,,,,,,,,,,,,,
,,,,,11902,,,,,1786787324.85962,90,,,,1799.38114,,,,0.17612,,,,,,,,,
,,,,,12131,,,,,1786787352.02232,91,,,,1826.54383,,,,,,,,,,,,,0.0
,,,,,12189,,,,,1786787367.8429,92,,,0.11318,1842.36444,,,,,,,,,,,,,
,,,,,12262,,,,,1786787376.51378,92,,,,1851.0353,,,,0.22711,,,,,,,,,
,,,,,12338,,,,,1786787390.34064,93,,,,1864.86223,,,,0.17172,,,,,,,,,
,,,,,12400,,,,,1786787396.05281,93,,,0.05663,1870.57429,,,,,,,,,,,,,
,,,,,12409,,,,,1786787401.50045,94,,,,1876.02222,,,,,,,,,,,,4.25244,
,,,,,12472,,,,,1786787411.48337,94,,,0.06602,1886.00494,,,,,,,,,,,,,
,,,,,12571,,,,,1786787431.83507,95,,,,1906.35657,,,,,,,,,,,,,0.0
,,,,,12708,,,,,1786787457.52836,96,,,0.07606,1932.04991,,,,,,,,,,,,,
,,,,,12806,,,,,1786787477.00674,97,,,3.06533,1951.52854,,,,,,,,,,,,,
,,,,,12888,,,,,1786787485.4359,97,,,0.0653,1959.95745,,,,,,,,,,,,,
,,,,,12898,,,,,1786787486.39571,97,,,,1960.91721,,,,0.19641,,,,,,,,,
,,,,,12902,,,,,1786787486.81594,97,,,,1961.33741,,,,0.19637,,,,,,,,,
,,,,,12903,,,,,1786787487.04086,97,,,,1961.56236,,,,,,,,,,,,,0.0
,,,,,12937,,,,,1786787495.15101,98,,,,1969.67291,,,,,,,,,,,,4.2444,
,,,,,12948,,,,,1786787499.90741,98,,,0.06665,1974.42902,,,,,,,,,,,,,
,,,,,13254,,,,,1786787547.87675,100,,,,2022.39824,,,,0.17406,,,,,,,,,
,,,,,13302,,,,,1786787552.29712,100,,,,2026.8186,,,,0.16997,,,,,,,,,
,,,,,13551,,,,,1786787591.1193,102,,,,2065.64081,,,,,,,,,,,,,0.0
,,,,,13581,,,,,1786787593.81484,102,,,0.08463,2068.33635,,,,,,,,,,,,,
,,,,,13612,,,,,1786787609.34148,103,,,0.0873,2083.86299,,,,,,,,,,,,,
,,,,,13646,,,,,1786787614.03295,103,,,,2088.55449,,,,0.26894,,,,,,,,,
,,,,,13829,,,,,1786787642.21486,104,,,0.09126,2116.73639,,,,,,,,,,,,,
,,,,,13897,,,,,1786787654.8351,105,,,0.08648,2129.3567,,,,,,,,,,,,,
,,,,,14439,,,,,1786787736.95686,109,,,,2211.47846,,,,,,,,,,,,,0.0
,,,,,14460,,,,,1786787739.42251,109,,,0.07564,2213.94409,,,,,,,,,,,,,
0.18759,,,,,14520,,,,,1786787747.04423,110,,,,2221.56581,,,,,,,,,,,,,
,,,,,14550,,,,,1786787760.44856,110,,,,2234.9701,,,,0.23516,,,,,,,,,
,,,,,14568,,,,,1786787762.80566,110,,,0.07804,2237.32719,,,,,,,,,,,,,
,,,,,14571,,,,,1786787763.22882,110,,,,2237.75052,,,,,,,,,,,,,0.0
,,,,,14638,,,,,1786787771.5771,110,,,,2246.09859,,,,0.23503,,,,,,,,,
,,,,,14788,,,,,1786787798.19986,112,,,0.05866,2272.72147,,,,,,,,,,,,,
,,,,,14791,,,,,1786787798.50982,112,,,,2273.03165,,,,,,,,,,,,,1e-05
,,,,,14992,,,,,1786787831.91719,113,,,0.08383,2306.43874,,,,,,,,,,,,,
,,,,,15071,,,,,1786787848.4619,114,,,,2322.98339,,,,,,,,,,,,,0.0
,,,,,15127,,,,,1786787853.85117,114,,,,2328.37265,,,,,,,,,,,,,0.0
,,,,,15196,,,,,1786787867.33185,115,,,0.06036,2341.85336,,,,,,,,,,,,,
,,,,,15283,,,,,1786787875.85418,115,,,,2350.37583,,,,,,,,,,,,,0.0
,,,,,15394,,,,,1786787890.25624,116,,,,2364.77774,,,,0.15442,,,,,,,,,
,,,,,15421,,,,,1786787892.55403,116,,,0.07715,2367.07551,,,,,,,,,,,,,
,,,,,15594,,,,,1786787922.24301,118,,,,2396.7645,,,,0.18734,,,,,,,,,
,,,,,15984,,,,,1786787990.54153,121,,,0.08716,2465.06304,,,,,,,,,,,,,
,,,,,15988,,,,,1786787991.10854,121,,,0.08703,2465.63008,,,,,,,,,,,,,
,,,,,16042,,,,,1786787998.47948,121,,,,2473.00109,,,,0.25911,,,,,,,,,
,,,,,16126,,,,,1786788016.51611,122,,,,2491.03758,,,,0.18263,,,,,,,,,
,,,,,16249,,,,,1786788036.09414,123,,,0.09643,2510.61565,,,,,,,,,,,,,
,,,,,16324,,,,,1786788043.58293,123,,,0.0601,2518.10446,,,,,,,,,,,,,
,,,,,16426,,,,,1786788060.23273,124,,,,2534.75424,,,,0.18268,,,,,,,,,
,,,,,16562,,,,,1786788081.24938,125,,,,2555.77087,,,,0.19051,,,,,,,,,
,,,,,16576,,,,,1786788082.74275,125,,,0.06235,2557.2643,,,,,,,,,,,,,
,,,,,16629,,,,,1786788088.13576,125,,,0.09895,2562.65743,,,,,,,,,,,,,
,,,,,16687,,,,,1786788107.87208,126,,,,2582.39365,,,,,,,,,,,,,0.0
,,,,,16779,,,,,1786788126.34736,127,,,,2600.86887,,,,,,,,,,,,,0.0
,,,,,16920,,,,,1786788148.05197,128,,,0.06654,2622.57349,,,,,,,,,,,,,
,,,,,16994,,,,,1786788155.85459,128,,,,2630.37612,,,,0.20062,,,,,,,,,
,,,,,17042,,,,,1786788167.70069,129,,,,2642.22224,,,,0.17956,,,,,,,,,
,,,,,17158,,,,,1786788178.84492,129,,,,2653.36645,,,,0.18204,,,,,,,,,
,,,,,17203,,,,,1786788193.52452,130,,,,2668.04602,,,,,,,,,,,,,0.0
,,,,,17233,,,,,1786788197.05664,130,,,0.11294,2671.57817,,,,,,,,,,,,,
,,,,,17593,,,,,1786788262.31717,133,,,0.0997,2736.83866,,,,,,,,,,,,,
,,,,,17656,,,,,1786788269.04689,133,,,0.06563,2743.56845,,,,,,,,,,,,,
,,,,,17767,,,,,1786788291.85952,134,,,,2766.38103,,,,,,,,,,,,,0.0
,,,,,17792,,,,,1786788294.74908,134,,,0.07349,2769.2706,,,,,,,,,,,,,
,,,,,17802,,,,,1786788295.85317,134,,,,2770.37464,,,,0.22724,,,,,,,,,
,,,,,17885,,,,,1786788311.81055,135,,,0.0939,2786.33204,,,,,,,,,,,,,
,,,,,17939,,,,,1786788317.29976,135,,,,2791.82126,,,,,,,,,,,,,0.0
,,,,,17972,,,,,1786788327.85619,136,,,0.06504,2802.37771,,,,,,,,,,,,,
,,,,,18415,,,,,1786788398.13772,139,,,,2872.65931,,,,,,,,,,,,,0.0
,,,,,18610,,,,,1786788426.70129,140,,,,2901.22286,,,,0.19933,,,,,,,,,
,,,,,18649,,,,,1786788439.48198,141,,,0.10262,2914.00348,,,,,,,,,,,,,
,,,,,18705,,,,,1786788445.5211,141,,,0.10041,2920.04261,,,,,,,,,,,,,
,,,,,18777,,,,,1786788461.98188,142,,,0.10259,2936.50345,,,,,,,,,,,,,
,,,,,18785,,,,,1786788462.86464,142,,,0.10411,2937.3862,,,,,,,,,,,,,
,,,,,18827,,,,,1786788467.5366,142,,,,2942.05814,,,,,,,,,,,,,0.0
,,,,,18897,,,,,1786788480.72157,143,,,0.08029,2955.24305,,,,,,,,,,,,,
,,,,,18912,,,,,1786788482.0357,143,,,0.05439,2956.5572,,,,,,,,,,,,,
,,,,,19052,,,,,1786788506.06748,144,,,0.07489,2980.58902,,,,,,,,,,,,,
,,,,,19067,,,,,1786788507.96187,144,,,,2982.48338,,,,,,,,,,,,,0.0
,,,,,19107,,,,,1786788512.7967,144,,,,2987.31849,,,,,,,,,,,,,1e-05
,,,,,19185,,,,,1786788527.823,145,,,0.08537,3002.34453,,,,,,,,,,,,,
,,,,,19220,,,,,1786788531.11001,145,,,0.05962,3005.63153,,,,,,,,,,,,,
,,,,,19240,,,,,1786788533.00642,145,,,0.05962,3007.528,,,,,,,,,,,,,
,,,,,19332,,,,,1786788550.67589,146,,,0.0666,3025.19741,,,,,,,,,,,,,
,,,,,19497,,,,,1786788579.32599,147,,,0.1144,3053.84751,,,,,,,,,,,,,
,,,,,19544,,,,,1786788595.56716,148,,,0.07853,3070.08884,,,,,,,,,,,,,
,,,,,19592,,,,,1786788601.63869,148,,,0.07787,3076.16029,,,,,,,,,,,,,
,,,,,19855,,,,,1786788646.57914,150,,,,3121.10068,,,,,,,,,,,,,0.0
,,,,,19874,,,,,1786788648.55106,150,,,,3123.07272,,,,0.20386,,,,,,,,,
,,,,,20165,,,,,1786788695.65596,152,,,0.10404,3170.17749,,,,,,,,,,,,,
,,,,,20342,,,,,1786788731.67196,154,,,,3206.19344,,,,0.18698,,,,,,,,,
,,,,,20422,,,,,1786788739.76833,154,,,,3214.28985,,,,0.18829,,,,,,,,,
,,,,,20562,,,,,1786788765.34081,155,,,,3239.86228,,,,0.22845,,,,,,,,,
,,,,,20779,,,,,1786788805.96464,157,,,,3280.4862,,,,,,,,,,,,,0.0
,,,,,20997,,,,,1786788848.13564,159,,,0.11407,3322.65715,,,,,,,,,,,,,
,,,,,21075,,,,,1786788857.5194,159,,,,3332.04125,,,,,,,,,,,,,1e-05
,,,,,21115,,,,,1786788862.31208,159,,,,3336.8336,,,,,,,,,,,,,0.0
,,,,,21386,,,,,1786788913.54552,162,,,3.18043,3388.06739,,,,,,,,,,,,,
,,,,,21606,,,,,1786788945.38966,163,,,,3419.91116,,,,0.19819,,,,,,,,,
,,,,,21638,,,,,1786788948.76869,163,,,,3423.29022,,,,0.19771,,,,,,,,,
,,,,,21708,,,,,1786788970.922,164,,,0.0914,3445.44349,,,,,,,,,,,,,
,,,,,21784,,,,,1786788988.02791,165,,,0.05713,3462.54951,,,,,,,,,,,,,
,,,,,22076,,,,,1786789032.04189,167,,,0.07487,3506.56346,,,,,,,,,,,,,
,,,,,22122,,,,,1786789037.5122,167,,,,3512.03369,,,,0.22886,,,,,,,,,
,,,,,22171,,,,,1786789043.5265,167,,,,3518.04803,,,,,,,,,,,,,0.0
,,,,,22364,,,,,1786789088.19459,169,,,0.08197,3562.71613,,,,,,,,,,,,,
,,,,,22436,,,,,1786789097.72787,169,,,0.08278,3572.24951,,,,,,,,,,,,,
,,,,,22470,,,,,1786789108.54184,170,,,,3583.06334,,,,0.18924,,,,,,,,,
,,,,,22534,,,,,1786789114.91375,170,,,,3589.43522,,,,0.18955,,,,,,,,,
,,,,,22549,,,,,1786789116.47826,170,,,0.09632,3590.99997,,,,,,,,,,,,,
,,,,,22652,,,,,1786789140.49498,171,,,0.07956,3615.01649,,,,,,,,,,,,,
,,,,,22713,,,,,1786789158.28243,172,,,0.11658,3632.80401,,,,,,,,,,,,,
,,,,,22754,,,,,1786789163.13908,172,,,,3637.66068,,,,0.22752,,,,,,,,,
,,,,,22803,,,,,1786789169.13671,172,,,,3643.65831,,,,,,,,,,,,,0.0
,,,,,22917,,,,,1786789190.02704,173,,,0.09795,3664.54855,,,,,,,,,,,,,
,,,,,23044,,,,,1786789212.58745,174,,,0.06951,3687.109,,,,,,,,,,,,,
,,,,,23108,,,,,1786789228.02283,175,,,0.06904,3702.54439,,,,,,,,,,,,,
,,,,,23138,,,,,1786789231.21375,175,,,,3705.73527,,,,0.20842,,,,,,,,,
,,,,,23424,,,,,1786789275.88374,177,,,0.06666,3750.40539,,,,,,,,,,,,,
,,,,,23716,,,,,1786789332.32496,179,,,0.08594,3806.84651,,,,,,,,,,,,,
,,,,,23814,,,,,1786789352.18645,180,,,,3826.70793,,,,0.19872,,,,,,,,,
,,,,,23855,,,,,1786789356.65764,180,,,,3831.17926,,,,,,,,,,,,,1e-05
,,,,,24052,,,,,1786789398.61728,182,,,0.07465,3873.13912,,,,,,,,,,,,,
,,,,,24068,,,,,1786789400.52503,182,,,0.07448,3875.04656,,,,,,,,,,,,,
,,,,,24090,,,,,1786789403.05228,182,,,,3877.5738,,,,0.22564,,,,,,,,,
,,,,,24128,,,,,1786789407.66859,182,,,0.07334,3882.19009,,,,,,,,,,,,,
,,,,,24214,,,,,1786789426.8941,183,,,,3901.41559,,,,0.21953,,,,,,,,,
,,,,,24243,,,,,1786789430.40456,183,,,,3904.92611,,,,,,,,,,,,,0.0
,,,,,24659,,,,,1786789511.62623,186,,,,3986.14776,,,,,,,,,,,,,0.0
,,,,,24716,,,,,1786789525.0338,187,,,0.05991,3999.55534,,,,,,,,,,,,,
,,,,,24750,,,,,1786789528.25123,187,,,,4002.77272,,,,0.18139,,,,,,,,,
,,,,,24797,,,,,1786789532.8755,187,,,0.09042,4007.39703,,,,,,,,,,,,,
,,,,,25073,,,,,1786789586.50548,189,,,0.11096,4061.027,,,,,,,,,,,,,
,,,,,25087,,,,,1786789594.9926,190,,,,4069.51411,,,,,,,,,,,,,0.0
,,,,,25133,,,,,1786789599.50673,190,,,0.09322,4074.02822,,,,,,,,,,,,,
,,,,,25152,,,,,1786789601.37677,190,,,0.06089,4075.89825,,,,,,,,,,,,,
,,,,,25159,,,,,1786789602.11164,190,,,,4076.63315,,,,,,,,,,,,,0.0
,,,,,25292,,,,,1786789626.99817,191,,,0.07641,4101.51972,,,,,,,,,,,,,
,,,,,25457,,,,,1786789653.37744,192,,,0.09964,4127.89895,,,,,,,,,,,,,
,,,,,25465,,,,,1786789654.23498,192,,,0.09902,4128.75653,,,,,,,,,,,,,
,,,,,25727,,,,,1786789698.77235,194,,,,4173.29409,,,,,,,,,,,,,0.0
,,,,,25731,,,,,1786789699.18279,194,,,,4173.7043,,,,,,,,,,,,,0.0
,,,,,25745,,,,,1786789712.67487,195,,,0.13383,4187.19644,,,,,,,,,,,,,
,,,,,25886,,,,,1786789740.4828,196,,,,4215.0043,,,,0.20509,,,,,,,,,
,,,,,26152,,,,,1786789790.71898,198,,,0.0922,4265.24061,,,,,,,,,,,,,
,,,,,26471,,,,,1786789848.37669,200,,,,4322.89826,,,,,,,,,,,,,0.0
,,,,,26533,,,,,1786789863.77731,201,,,,4338.29958,,,,,,,,,,,,7.00201,
,,,,,26828,,,,,1786789919.60777,203,,,0.07559,4394.12927,,,,,,,,,,,,,
,,,,,26872,,,,,1786789924.8581,203,,,0.07551,4399.37958,,,,,,,,,,,,,
,,,,,26967,,,,,1786789947.43443,204,,,,4421.9561,,,,,,,,,,,,,0.0
,,,,,27225,,,,,1786789996.17706,206,,,0.12138,4470.69856,,,,,,,,,,,,,
,,,,,27351,,,,,1786790019.83807,207,,,,4494.35962,,,,,,,,,,,,,0.0
,,,,,27494,,,,,1786790044.83511,208,,,,4519.35658,,,,0.22938,,,,,,,,,
,,,,,27561,,,,,1786790052.9448,208,,,0.1124,4527.46633,,,,,,,,,,,,,
,,,,,27595,,,,,1786790063.05972,209,,,,4537.58132,,,,,,,,,,,,,1e-05
,,,,,27637,,,,,1786790066.89384,209,,,0.08537,4541.41534,,,,,,,,,,,,,
,,,,,27789,,,,,1786790090.93348,210,,,0.10461,4565.45508,,,,,,,,,,,,,
,,,,,27859,,,,,1786790111.24267,211,,,,4585.76425,,,,,,,,,,,,,0.0
,,,,,27884,,,,,1786790114.82705,211,,,0.0917,4589.34907,,,,,,,,,,,,,
,,,,,27954,,,,,1786790124.87126,211,,,,4599.39277,,,,0.276,,,,,,,,,
,,,,,27972,,,,,1786790127.58098,211,,,0.09188,4602.10252,,,,,,,,,,,,,
,,,,,28151,,,,,1786790175.91682,213,,,,4650.43837,,,,,,,,,,,,,1e-05
,,,,,28579,,,,,1786790260.5788,216,,,,4735.1003,,,,,,,,,,,,,0.0
,,,,,28600,,,,,1786790262.71773,216,,,0.06557,4737.23933,,,,,,,,,,,,,
,,,,,28894,,,,,1786790313.65587,218,,,,4788.17745,,,,0.2241,,,,,,,,,
,,,,,29046,,,,,1786790343.33191,220,,,,4817.85349,,,,0.30038,,,,,,,,,
,,,,,29179,,,,,1786790366.47616,221,,,,4840.99767,,,,,,,,,,,,,0.0
,,,,,29237,,,,,1786790373.11888,221,,,0.11218,4847.64038,,,,,,,,,,,,,
,0.05815,1.00004,0.11287,0.0,29303,48.0,174.46875,1.27862,5262860.0,1786790380.81488,222,48.0,0.36898,,4855.3365,643.0,0.01846,1.80488,,643.0,0.0495,0.52526,0.0,0.0,0.69144,174.46875,,
,,,,,29387,,,,,1786790398.58104,222,,,,4873.10255,,,,,,,,,,,,,0.0
,,,,,29478,,,,,1786790421.9606,223,,,,4896.48211,,,,0.26665,,,,,,,,,
,,,,,29580,,,,,1786790443.60762,224,,,0.0606,4918.12911,,,,,,,,,,,,,
,,,,,29650,,,,,1786790450.52204,224,,,,4925.04358,,,,0.18827,,,,,,,,,
,,,,,29789,,,,,1786790474.08178,225,,,0.10401,4948.60329,,,,,,,,,,,,,
,,,,,30108,,,,,1786790549.0155,228,,,0.08677,5023.53706,,,,,,,,,,,,,
,,,,,30463,,,,,1786790613.76244,230,,,,5088.28402,,,,,,,,,,,,,0.0
,,,,,30532,,,,,1786790630.87443,231,,,0.07229,5105.39597,,,,,,,,,,,,,
,,,,,30737,,,,,1786790667.69117,232,,,0.12453,5142.21268,,,,,,,,,,,,,
,,,,,30795,,,,,1786790685.95749,233,,,,5160.47905,,,,,,,,,,,,,0.0
,,,,,30816,,,,,1786790688.60661,233,,,0.07928,5163.1282,,,,,,,,,,,,,
,,,,,30818,,,,,1786790688.77118,233,,,,5163.29268,,,,0.24401,,,,,,,,,
,,,,,30916,,,,,1786790709.0459,234,,,0.06686,5183.56746,,,,,,,,,,,,,
,,,,,31075,,,,,1786790734.94851,235,,,,5209.47002,,,,,,,,,,,,,0.0
,,,,,31209,,,,,1786790757.44938,236,,,0.09881,5231.97096,,,,,,,,,,,,,
,,,,,31236,,,,,1786790760.32331,236,,,0.06728,5234.84487,,,,,,,,,,,,,
,,,,,31329,,,,,1786790778.47755,237,,,0.10129,5252.99913,,,,,,,,,,,,,
,,,,,31351,,,,,1786790780.90478,237,,,,5255.42652,,,,,,,,,,,,,0.0
,,,,,31890,,,,,1786790884.29758,241,,,,5358.81909,,,,0.27512,,,,,,,,,
,,,,,31965,,,,,1786790901.52751,242,,,0.09512,5376.04911,,,,,,,,,,,,,
,,,,,32006,,,,,1786790905.62609,242,,,,5380.14757,,,,0.1893,,,,,,,,,
,,,,,32425,,,,,1786790987.3272,245,,,0.13573,5461.84873,,,,,,,,,,,,,
