train/learning_rate,train/completions/clipped_ratio,train/kl_approx,train/completions/min_length,train/num_tokens,train/sampling/sampling_logp_difference/max,train/epoch,train/completions/max_length,train/sampling/importance_sampling_ratio/max,train/completions/mean_length,profiling/Time taken: DistilTrainer._move_model_to_vllm,_timestamp,train/global_step,_runtime,train/completions/max_terminated_length,profiling/Time taken: DistilTrainer.compute_loss,train/grad_norm,train/entropy,train/sampling/importance_sampling_ratio/mean,profiling/Time taken: DistilTrainer._get_per_token_logps_and_entropies,train/loss,train/sampling/sampling_logp_difference/mean,profiling/Time taken: DistilTrainer.vLLM.generate,train/rewards,train/sampling/importance_sampling_ratio/min,_step,train/completions/min_terminated_length,train/completions/mean_terminated_length,profiling/Time taken: DistilTrainer._prepare_inputs
,,,,,,,,,,,1786805163.30775,1,41.06758,,0.20305,,,,,,,,,,158,,,
,,,,,,,,,,,1786805182.36221,2,60.12207,,0.19546,,,,,,,,,,270,,,
,,,,,,,,,,,1786805184.1236,2,61.88344,,,,,,0.05693,,,,,,288,,,
,,,,,,,,,,,1786805185.62643,2,63.38627,,,,,,0.05666,,,,,,304,,,
,,,,,,,,,,,1786805188.56097,2,66.321,,,,,,,,,,,,335,,,0.0
,,,,,,,,,,,1786805202.97368,3,80.73352,,0.14938,,,,,,,,,,418,,,
,,,,,,,,,,,1786805205.70929,3,83.46918,,,,,,,,,,,,451,,,0.0
,,,,,,,,,,,1786805207.42751,3,85.18735,,,,,,0.07111,,,,,,473,,,
,,,,,,,,,,,1786805208.71112,3,86.47108,,,,,,0.0732,,,,,,489,,,
,,,,,,,,,,,1786805210.83743,3,88.59753,,,,,,,,,,,,515,,,1e-05
,,,,,,,,,,,1786805244.8585,5,122.61837,,,,,,0.06947,,,,,,696,,,
,,,,,,,,,,,1786805246.66196,5,124.4219,,,,,,0.06886,,,,,,712,,,
,,,,,,,,,,,1786805249.35461,5,127.11446,,,,,,0.06853,,,,,,736,,,
,,,,,,,,,,,1786805252.98009,5,130.74003,,,,,,0.07057,,,,,,768,,,
,,,,,,,,,,,1786805264.47094,6,142.23085,,0.17202,,,,,,,,,,802,,,
,,,,,,,,,,,1786805272.68186,6,150.44175,,0.17104,,,,,,,,,,898,,,
,,,,,,,,,,,1786805285.40427,7,163.1642,,,,,,0.10822,,,,,,929,,,
,,,,,,,,,,,1786805292.1842,7,169.94412,,,,,,0.10681,,,,,,989,,,
,,,,,,,,,,,1786805298.7477,7,176.50784,,,,,,,,,,,,1047,,,1e-05
,,,,,,,,,,,1786805312.04563,8,189.80557,,,,,,0.11049,,,,,,1069,,,
,,,,,,,,,,,1786805313.40673,8,191.16658,,0.2175,,,,,,,,,,1082,,,
,,,,,,,,,,,1786805320.86166,8,198.62149,,0.2161,,,,,,,,,,1150,,,
,,,,,,,,,,0.18118,1786805325.56899,9,203.32896,,,,,,,,,,,,1188,,,
,,,,,,,,,,,1786805338.69969,9,216.45959,,,,,,0.06056,,,,,,1220,,,
,,,,,,,,,,,1786805348.17766,9,225.93758,,,,,,0.06037,,,,,,1312,,,
,,,,,,,,,,0.20495,1786805349.58068,10,227.34086,,,,,,,,,,,,1320,,,
,,,,,,,,,,,1786805385.78163,11,263.54152,,,,,,0.10064,,,,,,1481,,,
,,,,,,,,,,,1786805393.08763,11,270.84748,,0.19859,,,,,,,,,,1554,,,
,,,,,,,,,,,1786805413.67813,12,291.43809,,,,,,,,,,,,1671,,,0.0
,,,,,,,,,,,1786805430.40636,13,308.16621,,,,,,0.09805,,,,,,1741,,,
,,,,,,,,,,,1786805439.03012,13,316.78994,,,,,,,,,,,,1827,,,0.0
,,,,,,,,,,,1786805457.57239,14,335.33228,,,,,,0.05792,,,,,,1924,,,
,,,,,,,,,,,1786805459.44831,14,337.20841,,,,,,,,,,,,1943,,,0.0
,,,,,,,,,,,1786805462.67901,14,340.43886,,,,,,0.09265,,,,,,1977,,,
,,,,,,,,,,,1786805477.11698,15,354.87683,,,,,,0.05811,,,,,,2032,,,
,,,,,,,,,,,1786805482.50545,15,360.26536,,,,,,0.06138,,,,,,2088,,,
,,,,,,,,,,,1786805493.96909,16,371.72899,,,,,,0.09271,,,,,,2121,,,
,,,,,,,,,,,1786805502.61632,16,380.37622,,0.18375,,,,,,,,,,2214,,,
,,,,,,,,,,,1786805536.42613,18,414.18594,,0.20906,,,,,,,,,,2394,,,
,,,,,,,,,,,1786805539.87673,18,417.63659,,,,,,0.10187,,,,,,2425,,,
,,,,,,,,,,,1786805541.08718,18,418.84706,,,,,,0.06816,,,,,,2436,,,
,,,,,,,,,,,1786805541.66494,18,419.42488,,0.21005,,,,,,,,,,2442,,,
,,,,,,,,,,,1786805565.42408,19,443.18389,,0.16617,,,,,,,,,,2610,,,
,,,,,,,,,,,1786805584.76375,20,462.52363,,0.17323,,,,,,,,,,2742,,,
,,,,,,,,,,,1786805585.34921,20,463.10917,,,,,,0.05158,,,,,,2748,,,
,,,,,,,,,,,1786805599.86614,21,477.62605,,,,,,,,,,,,2779,,,0.0
,,,,,,,,,,,1786805602.75804,21,480.51796,,0.24615,,,,,,,,,,2802,,,
,,,,,,,,,,,1786805603.76791,21,481.52783,,,,,,0.1187,,,,,,2809,,,
,,,,,,,,,,,1786805612.01435,21,489.77439,,,,,,0.08195,,,,,,2872,,,
,,,,,,,,,,,1786805625.8878,22,503.64774,,,,,,,,,,,,2927,,,0.0
,,,,,,,,,,,1786805627.03662,22,504.79649,,,,,,0.05487,,,,,,2940,,,
,,,,,,,,,,,1786805634.05032,22,511.81018,,0.1734,,,,,,,,,,3018,,,
,,,,,,,,,,,1786805667.81696,24,545.57681,,,,,,0.06733,,,,,,3180,,,
,,,,,,,,,,,1786805693.02049,25,570.78039,,,,,,,,,,,,3307,,,0.0
,,,,,,,,,,,1786805724.2183,26,601.97821,,,,,,0.06963,,,,,,3476,,,
,,,,,,,,,,,1786805732.1721,26,609.93204,,,,,,0.11264,,,,,,3545,,,
,,,,,,,,,,,1786805732.44918,26,610.20919,,,,,,,,,,,,3547,,,0.0
,,,,,,,,,,,1786805746.00806,27,623.76791,,,,,,,,,,,,3587,,,0.0
,,,,,,,,,,,1786805746.91868,27,624.67859,,,,,,0.10163,,,,,,3597,,,
,,,,,,,,,,,1786805747.71935,27,625.47933,,0.19682,,,,,,,,,,3606,,,
,,,,,,,,,,,1786805748.06448,27,625.82439,,,,,,0.10242,,,,,,3609,,,
,,,,,,,,,,,1786805749.04574,27,626.80564,,,,,,,,,,,,3619,,,0.0
,,,,,,,,,,,1786805754.55983,27,632.31965,,0.19592,,,,,,,,,,3678,,,
,,,,,,,,,,,1786805779.20851,28,656.96848,,0.22057,,,,,,,,,,3802,,,
,,,,,,,,,,,1786805793.98142,29,671.74129,,,,,,,,,,,,3851,,,0.0
,,,,,,,,,,,1786805795.67761,29,673.43751,,,,,,,,,,,,3867,,,0.0
,,,,,,,,,,,1786805797.10996,29,674.86989,,,,,,0.09978,,,,,,3881,,,
,,,,,,,,,,,1786805799.94669,29,677.70654,,,,,,0.06417,,,,,,3908,,,
,,,,,,,,,,,1786805817.20205,30,694.96226,,0.22378,,,,,,,,,,3966,,,
,,,,,,,,,,,1786805819.78816,30,697.54804,,,,,,,,,,,,3987,,,0.0
,,,,,,,,,,,1786805828.67792,30,706.43778,,,,,,0.06749,,,,,,4064,,,
,,,,,,,,,,,1786805851.20724,31,728.96716,,,,,,0.07415,,,,,,4156,,,
,,,,,,,,,,,1786805852.34584,31,730.10568,,0.23802,,,,,,,,,,4166,,,
,,,,,,,,,,,1786805865.24342,32,743.00403,,,,,,,,,5.2142,,,4225,,,
,,,,,,,,,,,1786805871.71549,32,749.47545,,,,,,0.05614,,,,,,4264,,,
,,,,,,,,,,,1786805872.61298,32,750.37282,,0.19001,,,,,,,,,,4274,,,
,,,,,,,,,,,1786805889.34957,33,767.10951,,,,,,0.08561,,,,,,4369,,,
,,,,,,,,,,,1786805899.31191,33,777.07183,,0.17086,,,,,,,,,,4486,,,
,,,,,,,,,,,1786805920.47984,34,798.23967,,,,,,0.07487,,,,,,4580,,,
,,,,,,,,,,,1786805920.5883,34,798.34817,,,,,,0.10817,,,,,,4581,,,
,,,,,,,,,,,1786805939.39759,35,817.15752,,,,,,,,,,,,4695,,,0.0
,,,,,,,,,,,1786805939.73422,35,817.49421,,,,,,,,,,,,4699,,,0.0
,,,,,,,,,,,1786805942.15752,35,819.91741,,,,,,0.04819,,,,,,4728,,,
,,,,,,,,,,,1786805954.4243,36,832.18423,,,,,,0.05022,,,,,,4780,,,
,,,,,,,,,,,1786805963.01136,36,840.77127,,0.16757,,,,,,,,,,4882,,,
,,,,,,,,,,,1786805980.30551,37,858.06552,,,,,,,,,,,,4939,,,1e-05
,,,,,,,,,,,1786805980.86173,37,858.6217,,,,,,0.07699,,,,,,4944,,,
,,,,,,,,,,,1786806021.84185,39,899.60186,,0.19546,,,,,,,,,,5158,,,
,,,,,,,,,,,1786806022.61744,39,900.37729,,0.19362,,,,,,,,,,5166,,,
,,,,,,,,,,,1786806033.26669,39,911.02684,,,,,,,,,,,,5275,,,1e-05
,,,,,,,,,,,1786806068.40464,41,946.16458,,0.18029,,,,,,,,,,5434,,,
,,,,,,,,,,,1786806073.29404,41,951.0539,,0.17797,,,,,,,,,,5490,,,
,,,,,,,,,,,1786806090.36378,42,968.12384,,,,,,,,,,,,5563,,,0.0
,,,,,,,,,,,1786806146.45692,44,1024.21677,,0.19575,,,,,,,,,,5910,,,
,,,,,,,,,,,1786806184.50091,46,1062.2608,,,,,,0.06115,,,,,,6124,,,
,,,,,,,,,,,1786806188.64912,46,1066.40898,,,,,,0.09933,,,,,,6165,,,
,,,,,,,,,,,1786806227.92746,48,1105.68732,,,,,,0.09724,,,,,,6389,,,
,,,,,,,,,,,1786806249.04307,49,1126.80309,,,,,,,,,,,,6515,,,0.0
,,,,,,,,,,,1786806253.49121,49,1131.25114,,,,,,0.05862,,,,,,6560,,,
,,,,,,,,,,,1786806272.127,50,1149.88695,,,,,,0.09292,,,,,,6645,,,
,,,,,,,,,,,1786806275.10355,50,1152.86345,,,,,,,,,,,,6675,,,0.0
,,,,,,,,,,,1786806332.18667,53,1209.94668,,,,,,,,,,,,6999,,,10.60577
,,,,,,,,,,,1786806354.91012,54,1232.67001,,,,,,,,,,,,7139,,,0.0
,,,,,,,,,,,1786806357.19994,54,1234.95982,,,,,,0.0553,,,,,,7164,,,
9e-05,0.0,0.06829,306.0,1258052.0,0.46142,0.66265,651.0,1.58633,467.0,,1786806366.06264,55,1243.82266,651.0,,0.06685,0.92554,1.00035,,0.0737,0.01817,,0.0,0.74762,7259,306.0,467.0,
,,,,,,,,,,,1786806377.75045,55,1255.51034,,,,,,0.05481,,,,,,7296,,,
,,,,,,,,,,,1786806378.60467,55,1256.36469,,0.17939,,,,,,,,,,7306,,,
,,,,,,,,,,,1786806384.46469,55,1262.22461,,,,,,0.09109,,,,,,7369,,,
,,,,,,,,,,,1786806391.97707,56,1269.73732,,,,,,,,,4.90668,,,7393,,,
,,,,,,,,,,,1786806397.54938,56,1275.30934,,,,,,0.08693,,,,,,7425,,,
,,,,,,,,,,,1786806402.75675,56,1280.51674,,,,,,,,,,,,7483,,,0.0
,,,,,,,,,,,1786806440.35239,58,1318.11238,,0.19559,,,,,,,,,,7670,,,
,,,,,,,,,,,1786806444.28617,58,1322.04635,,,,,,0.06196,,,,,,7708,,,
,,,,,,,,,,,1786806487.86457,60,1365.62442,,0.19956,,,,,,,,,,7946,,,
,,,,,,,,,,,1786806488.2661,60,1366.02593,,0.19916,,,,,,,,,,7950,,,
,,,,,,,,,,,1786806491.07686,60,1368.83676,,0.19949,,,,,,,,,,7978,,,
,,,,,,,,,,,1786806510.71476,61,1388.47468,,,,,,0.10061,,,,,,8077,,,
,,,,,,,,,,,1786806541.85705,62,1419.61687,,0.19962,,,,,,,,,,8290,,,
,,,,,,,,,,,1786806554.13776,63,1431.89758,,,,,,0.09742,,,,,,8325,,,
,,,,,,,,,,,1786806555.33122,63,1433.09105,,0.19022,,,,,,,,,,8338,,,
,,,,,,,,,,,1786806555.71127,63,1433.47109,,0.19057,,,,,,,,,,8342,,,
,,,,,,,,,,,1786806575.27811,64,1453.03808,,,,,,0.07025,,,,,,8453,,,
,,,,,,,,,,,1786806575.93414,64,1453.69403,,,,,,0.05522,,,,,,8460,,,
,,,,,,,,,,,1786806582.75675,64,1460.5166,,,,,,0.09111,,,,,,8533,,,
,,,,,,,,,,,1786806584.63173,64,1462.39157,,,,,,0.09232,,,,,,8553,,,
,,,,,,,,,,,1786806599.86765,65,1477.62748,,,,,,,,,,,,8615,,,0.0
,,,,,,,,,,,1786806674.12438,68,1551.88442,,,,,,0.11945,,,,,,9101,,,
,,,,,,,,,,,1786806683.69624,69,1561.45618,,,,,,0.07629,,,,,,9117,,,
,,,,,,,,,,,1786806684.69863,69,1562.45847,,,,,,0.08024,,,,,,9129,,,
,,,,,,,,,,,1786806688.40422,69,1566.16404,,0.16029,,,,,,,,,,9174,,,
,,,,,,,,,,,1786806693.2932,69,1571.05304,,,,,,0.04944,,,,,,9232,,,
,,,,,,,,,,,1786806705.18614,70,1582.94599,,,,,,0.11721,,,,,,9245,,,
,,,,,,,,,,,1786806711.29613,70,1589.05599,,,,,,0.07421,,,,,,9296,,,
,,,,,,,,,,,1786806729.7677,71,1607.52754,,,,,,,,,,,,9395,,,0.0
,,,,,,,,,,,1786806734.58977,71,1612.34962,,,,,,0.08051,,,,,,9453,,,
,,,,,,,,,,,1786806738.64316,71,1616.40312,,0.16206,,,,,,,,,,9502,,,
,,,,,,,,,,,1786806748.28341,72,1626.04332,,,,,,0.1009,,,,,,9509,,,
,,,,,,,,,,,1786806755.69864,72,1633.45863,,,,,,,,,,,,9583,,,0.0
,,,,,,,,,,,1786806819.06207,75,1696.82199,,0.21691,,,,,,,,,,9938,,,
,,,,,,,,,,,1786806820.63001,75,1698.39001,,,,,,0.06209,,,,,,9952,,,
,,,,,,,,,,,1786806826.67061,75,1704.43048,,,,,,0.06188,,,,,,10008,,,
,,,,,,,,,,,1786806828.12765,75,1705.8875,,0.21821,,,,,,,,,,10022,,,
,,,,,,,,,,,1786806863.91479,77,1741.67463,,,,,,,,,,,,10187,,,0.0
,,,,,,,,,,,1786806887.15737,78,1764.91723,,,,,,0.0979,,,,,,10329,,,
,,,,,,,,,,,1786806916.38118,79,1794.14098,,,,,,,,,,,,10515,,,0.0
,,,,,,,,,,,1786806931.31275,80,1809.07268,,,,,,0.05906,,,,,,10568,,,
,,,,,,,,,,,1786806932.47896,80,1810.23892,,,,,,,,,,,,10579,,,0.0
,,,,,,,,,,,1786806934.99964,80,1812.75959,,,,,,0.05923,,,,,,10604,,,
,,,,,,,,,,,1786806935.54993,80,1813.30981,,0.20406,,,,,,,,,,10610,,,
,,,,,,,,,,,1786806943.28989,80,1821.04972,,,,,,0.10424,,,,,,10685,,,
,,,,,,,,,,,1786806952.69688,81,1830.45675,,0.17717,,,,,,,,,,10698,,,
,,,,,,,,,,,1786806952.87508,81,1830.63493,,,,,,,,,,,,10699,,,0.0
,,,,,,,,,,,1786806957.86209,81,1835.62191,,,,,,0.08712,,,,,,10757,,,
,,,,,,,,,,,1786807016.94653,84,1894.70653,,,,,,,,,,,,11099,,,0.0
,,,,,,,,,,,1786807019.14542,84,1896.90532,,0.19896,,,,,,,,,,11122,,,
,,,,,,,,,,,1786807090.01094,87,1967.77079,,,,,,,,,,,,11519,,,0.0
,,,,,,,,,,,1786807093.36291,87,1971.12275,,,,,,0.10149,,,,,,11553,,,
,,,,,,,,,,,1786807094.05799,87,1971.81781,,,,,,0.05847,,,,,,11560,,,
,,,,,,,,,,,1786807131.15601,89,2008.91601,,,,,,,,,,,,11751,,,9.13251
,,,,,,,,,,,1786807131.55791,89,2009.3179,,,,,,,,,,,,11755,,,0.0
,,,,,,,,,,,1786807133.95385,89,2011.71383,,,,,,,,,,,,11779,,,0.0
,,,,,,,,,,,1786807143.66606,89,2021.42589,,,,,,0.0985,,,,,,11877,,,
,,,,,,,,,,,1786807155.81928,90,2033.5791,,0.20128,,,,,,,,,,11902,,,
,,,,,,,,,,,1786807188.59234,91,2066.35233,,,,,,,,,,,,12131,,,0.0
,,,,,,,,,,,1786807203.81997,92,2081.57983,,,,,,0.10141,,,,,,12189,,,
,,,,,,,,,,,1786807207.44619,92,2085.20601,,0.19757,,,,,,,,,,12226,,,
,,,,,,,,,,,1786807210.00455,92,2087.76446,,,,,,,,,,,,12251,,,0.0
,,,,,,,,,,,1786807210.99491,92,2088.75476,,0.20192,,,,,,,,,,12262,,,
,,,,,,,,,,,1786807229.13906,93,2106.8989,,0.21053,,,,,,,,,,12338,,,
,,,,,,,,,,,1786807236.09909,93,2113.85897,,,,,,0.06728,,,,,,12400,,,
,,,,,,,,,,,1786807243.18668,94,2120.94687,,,,,,,,,5.48965,,,12409,,,
,,,,,,,,,,,1786807252.11833,94,2129.87823,,,,,,0.05767,,,,,,12472,,,
,,,,,,,,,,,1786807271.21671,95,2148.97658,,,,,,,,,,,,12571,,,0.0
,,,,,,,,,,,1786807292.00095,96,2169.76079,,,,,,0.09611,,,,,,12689,,,
,,,,,,,,,,,1786807293.78026,96,2171.54009,,,,,,0.05435,,,,,,12708,,,
,,,,,,,,,,,1786807313.69403,97,2191.45414,,,,,,3.25532,,,,,,12806,,,
,,,,,,,,,,,1786807322.91565,97,2200.6756,,,,,,0.06888,,,,,,12888,,,
,,,,,,,,,,,1786807323.96718,97,2201.72703,,0.221,,,,,,,,,,12898,,,
,,,,,,,,,,,1786807324.42145,97,2202.18128,,0.2237,,,,,,,,,,12902,,,
,,,,,,,,,,,1786807324.65458,97,2202.41455,,,,,,,,,,,,12903,,,0.0
,,,,,,,,,,,1786807335.11648,98,2212.87668,,,,,,,,,6.26471,,,12937,,,
,,,,,,,,,,,1786807338.99422,98,2216.75415,,,,,,0.0553,,,,,,12948,,,
,,,,,,,,,,,1786807344.62845,98,2222.38843,,,,,,,,,,,,13007,,,0.0
,,,,,,,,,,,1786807372.6667,99,2250.4267,,,,,,,,,,,,13187,,,0.0
,,,,,,,,,,,1786807389.90814,100,2267.66803,,0.19105,,,,,,,,,,13254,,,
,,,,,,,,,,,1786807394.54949,100,2272.30932,,0.19401,,,,,,,,,,13302,,,
,,,,,,,,,,,1786807437.17446,102,2314.93444,,,,,,,,,,,,13551,,,0.0
,,,,,,,,,,,1786807437.22996,102,2314.98985,,,,,,0.05485,,,,,,13552,,,
,,,,,,,,,,,1786807440.06234,102,2317.82221,,,,,,0.09696,,,,,,13581,,,
,,,,,,,,,,,1786807452.02781,103,2329.78771,,,,,,0.05338,,,,,,13612,,,
,,,,,,,,,,,1786807455.16998,103,2332.92981,,0.18856,,,,,,,,,,13646,,,
4e-05,0.0,0.06305,348.0,2447325.0,0.35173,1.25301,770.0,1.30451,511.71875,,1786807462.89668,104,2340.65671,770.0,,0.06388,0.87444,1.00002,,0.0648,0.01796,,0.0,0.70347,13727,348.0,511.71875,
,,,,,,,,,,0.18151,1786807463.42284,104,2341.18288,,,,,,,,,,,,13728,,,
,,,,,,,,,,,1786807477.29066,104,2355.05059,,,,,,0.1175,,,,,,13757,,,
,,,,,,,,,,,1786807485.41029,104,2363.17025,,,,,,0.1173,,,,,,13829,,,
,,,,,,,,,,,1786807504.01243,105,2381.77236,,,,,,0.11403,,,,,,13897,,,
,,,,,,,,,,,1786807506.72874,105,2384.48872,,,,,,,,,,,,13919,,,0.0
,,,,,,,,,,,1786807605.6562,109,2483.4162,,,,,,,,,,,,14439,,,0.0
,,,,,,,,,,,1786807607.67973,109,2485.43964,,,,,,0.05737,,,,,,14460,,,
,,,,,,,,,,0.18187,1786807614.06351,110,2491.82346,,,,,,,,,,,,14520,,,
,,,,,,,,,,,1786807625.53961,110,2503.29944,,0.18438,,,,,,,,,,14550,,,
,,,,,,,,,,,1786807627.3308,110,2505.09072,,,,,,0.05852,,,,,,14568,,,
,,,,,,,,,,,1786807627.66068,110,2505.42071,,,,,,,,,,,,14571,,,0.0
,,,,,,,,,,,1786807633.96968,110,2511.7296,,0.18618,,,,,,,,,,14638,,,
,,,,,,,,,,,1786807668.99965,112,2546.75958,,,,,,0.06737,,,,,,14788,,,
,,,,,,,,,,,1786807669.37612,112,2547.13618,,,,,,,,,,,,14791,,,0.0
,,,,,,,,,,,1786807702.2321,113,2579.99203,,,,,,0.06552,,,,,,14992,,,
,,,,,,,,,,,1786807702.60059,113,2580.36074,,,,,,,,,,,,14995,,,0.0
,,,,,,,,,,,1786807719.72814,114,2597.48816,,,,,,,,,,,,15071,,,0.0
,,,,,,,,,,,1786807724.87368,114,2602.63377,,,,,,,,,,,,15127,,,0.0
,,,,,,,,,,,1786807740.17769,115,2617.93757,,,,,,0.0526,,,,,,15196,,,
,,,,,,,,,,,1786807748.30774,115,2626.06782,,,,,,,,,,,,15283,,,0.0
,,,,,,,,,,,1786807771.35207,116,2649.11197,,0.22359,,,,,,,,,,15394,,,
,,,,,,,,,,,1786807774.47244,116,2652.23253,,,,,,0.11298,,,,,,15421,,,
,,,,,,,,,,,1786807809.28248,118,2687.04261,,,,,,,,,,,,15583,,,0.0
,,,,,,,,,,,1786807810.27039,118,2688.03023,,0.18964,,,,,,,,,,15594,,,
,,,,,,,,,,,1786807834.64072,119,2712.40073,,,,,,,,,,,,15727,,,0.0
,,,,,,,,,,,1786807868.9369,120,2746.69675,,,,,,,,,,,,15935,,,0.0
,,,,,,,,,,,1786807883.20621,121,2760.96609,,,,,,0.05816,,,,,,15984,,,
,,,,,,,,,,,1786807883.58887,121,2761.34876,,,,,,0.05764,,,,,,15988,,,
,,,,,,,,,,,1786807888.703,121,2766.46282,,0.1875,,,,,,,,,,16042,,,
,,,,,,,,,,,1786807889.05379,121,2766.81378,,,,,,0.09205,,,,,,16045,,,
,,,,,,,,,,,1786807905.92699,122,2783.68685,,0.19415,,,,,,,,,,16126,,,
,,,,,,,,,,,1786807929.15564,123,2806.9156,,,,,,0.11591,,,,,,16249,,,
,,,,,,,,,,,1786807938.25615,123,2816.01615,,,,,,0.07509,,,,,,16324,,,
,,,,,,,,,,,1786807957.96778,124,2835.72765,,0.18233,,,,,,,,,,16426,,,
,,,,,,,,,,,1786807979.74184,125,2857.50174,,0.18532,,,,,,,,,,16562,,,
,,,,,,,,,,,1786807981.14007,125,2858.89997,,,,,,0.06083,,,,,,16576,,,
,,,,,,,,,,,1786807986.16915,125,2863.92904,,,,,,0.08895,,,,,,16629,,,
,,,,,,,,,,,1786808001.62392,126,2879.38393,,,,,,,,,,,,16687,,,0.0
,,,,,,,,,,,1786808021.14074,127,2898.90073,,,,,,,,,,,,16779,,,0.0
,,,,,,,,,,,1786808046.44269,128,2924.20263,,,,,,0.05839,,,,,,16920,,,
,,,,,,,,,,,1786808047.1599,128,2924.9199,,,,,,,,,,,,16927,,,0.0
,,,,,,,,,,,1786808053.60766,128,2931.36756,,0.19007,,,,,,,,,,16994,,,
,,,,,,,,,,,1786808067.65458,129,2945.41441,,0.20768,,,,,,,,,,17042,,,
,,,,,,,,,,,1786808080.41572,129,2958.17554,,0.20838,,,,,,,,,,17158,,,
,,,,,,,,,,,1786808094.33816,130,2972.0982,,,,,,,,,,,,17203,,,0.0
,,,,,,,,,,,1786808097.14177,130,2974.90164,,,,,,0.0973,,,,,,17233,,,
,,,,,,,,,,,1786808160.12173,133,3037.88163,,,,,,0.09238,,,,,,17593,,,
,,,,,,,,,,,1786808162.766,133,3040.52583,,0.18274,,,,,,,,,,17622,,,
,,,,,,,,,,,1786808166.00611,133,3043.76595,,,,,,0.05479,,,,,,17656,,,
,,,,,,,,,,,1786808185.55312,134,3063.31296,,,,,,,,,,,,17767,,,0.0
,,,,,,,,,,,1786808187.8861,134,3065.64594,,,,,,0.05546,,,,,,17792,,,
,,,,,,,,,,,1786808188.7874,134,3066.54722,,0.18987,,,,,,,,,,17802,,,
,,,,,,,,,,,1786808204.91535,135,3082.67522,,,,,,0.05738,,,,,,17872,,,
,,,,,,,,,,,1786808206.01508,135,3083.775,,,,,,,,,,,,17883,,,0.0
,,,,,,,,,,,1786808206.1698,135,3083.92966,,,,,,0.09641,,,,,,17885,,,
,,,,,,,,,,,1786808211.44451,135,3089.20442,,,,,,,,,,,,17939,,,0.0
,,,,,,,,,,,1786808226.19325,136,3103.9531,,,,,,0.07839,,,,,,17972,,,
,,,,,,,,,,,1786808254.27658,137,3132.03641,,0.2077,,,,,,,,,,18122,,,
,,,,,,,,,,,1786808263.12855,137,3140.88841,,,,,,0.05879,,,,,,18208,,,
,,,,,,,,,,,1786808285.50885,138,3163.26877,,,,,,0.11038,,,,,,18317,,,
,,,,,,,,,,,1786808304.51799,139,3182.27783,,,,,,,,,,,,18415,,,0.0
,,,,,,,,,,,1786808334.87045,140,3212.63029,,0.21367,,,,,,,,,,18610,,,
,,,,,,,,,,,1786808348.45311,141,3226.21317,,,,,,0.10232,,,,,,18645,,,
,,,,,,,,,,,1786808348.88035,141,3226.64021,,,,,,0.10285,,,,,,18649,,,
,,,,,,,,,,,1786808354.78045,141,3232.54036,,,,,,0.10113,,,,,,18705,,,
,,,,,,,,,,,1786808372.13803,142,3249.89787,,,,,,0.10457,,,,,,18777,,,
,,,,,,,,,,,1786808373.01729,142,3250.77721,,,,,,0.10398,,,,,,18785,,,
,,,,,,,,,,,1786808377.65602,142,3255.41586,,,,,,,,,,,,18827,,,0.0
,,,,,,,,,,,1786808393.88684,143,3271.64666,,,,,,0.08885,,,,,,18897,,,
,,,,,,,,,,,1786808395.2326,143,3272.99249,,,,,,0.05284,,,,,,18912,,,
,,,,,,,,,,,1786808403.50749,143,3281.26764,,,,,,0.05304,,,,,,19004,,,
,,,,,,,,,,,1786808417.39563,144,3295.15554,,,,,,0.06145,,,,,,19052,,,
,,,,,,,,,,,1786808418.94101,144,3296.70092,,,,,,,,,,,,19067,,,0.0
,,,,,,,,,,,1786808422.93812,144,3300.69798,,,,,,,,,,,,19107,,,0.0
,,,,,,,,,,,1786808440.12342,145,3317.88342,,0.19224,,,,,,,,,,19174,,,
,,,,,,,,,,,1786808441.33095,145,3319.09078,,,,,,0.10307,,,,,,19185,,,
,,,,,,,,,,,1786808444.91698,145,3322.67684,,,,,,0.05953,,,,,,19220,,,
,,,,,,,,,,,1786808446.97651,145,3324.73641,,,,,,0.06016,,,,,,19240,,,
,,,,,,,,,,,1786808461.57237,146,3339.33239,,,,,,,,,,,,19275,,,11.30267
,,,,,,,,,,,1786808468.13341,146,3345.89329,,,,,,0.0696,,,,,,19332,,,
,,,,,,,,,,,1786808490.61633,147,3368.37632,,0.19139,,,,,,,,,,19454,,,
,,,,,,,,,,,1786808494.8534,147,3372.61331,,,,,,0.09788,,,,,,19497,,,
,,,,,,,,,,,1786808508.53181,148,3386.29177,,,,,,0.05822,,,,,,19544,,,
,,,,,,,,,,,1786808513.12608,148,3390.88594,,,,,,0.05507,,,,,,19592,,,
,,,,,,,,,,,1786808564.86443,150,3442.62435,,,,,,,,,,,,19855,,,0.0
,,,,,,,,,,,1786808566.68145,150,3444.44138,,0.20157,,,,,,,,,,19874,,,
,,,,,,,,,,,1786808614.98763,152,3492.74757,,,,,,0.09802,,,,,,20165,,,
,,,,,,,,,,,1786808652.4656,154,3530.22545,,0.19152,,,,,,,,,,20342,,,
,,,,,,,,,,,1786808660.28882,154,3538.04867,,0.19149,,,,,,,,,,20422,,,
,,,,,,,,,,,1786808676.91519,155,3554.67514,,,,,,0.05863,,,,,,20496,,,
,,,,,,,,,,,1786808683.38229,155,3561.14223,,0.19826,,,,,,,,,,20562,,,
,,,,,,,,,,,1786808726.33733,157,3604.09724,,,,,,,,,,,,20779,,,0.0
,,,,,,,,,,,1786808748.23913,158,3625.99897,,,,,,,,,,,,20911,,,0.0
,,,,,,,,,,,1786808765.62178,159,3643.38168,,,,,,0.09055,,,,,,20997,,,
,,,,,,,,,,,1786808772.94829,159,3650.70825,,,,,,,,,,,,21075,,,0.0
,,,,,,,,,,,1786808774.42883,159,3652.18909,,,,,,,,,,,,21091,,,0.0
,,,,,,,,,,,1786808776.66912,159,3654.42906,,,,,,,,,,,,21115,,,0.0
,,,,,,,,,,,1786808787.69572,160,3665.4556,,,,,,0.06851,,,,,,21124,,,
,,,,,,,,,,,1786808789.13506,160,3666.89491,,,,,,0.10437,,,,,,21137,,,
,,,,,,,,,,,1786808801.36067,160,3679.12049,,,,,,0.06714,,,,,,21248,,,
,,,,,,,,,,,1786808818.2548,161,3696.01475,,,,,,0.0678,,,,,,21296,,,
,,,,,,,,,,,1786808819.83157,161,3697.59149,,0.23475,,,,,,,,,,21310,,,
,,,,,,,,,,,1786808838.59067,162,3716.35092,,,,,,3.03452,,,,,,21386,,,
,,,,,,,,,,,1786808874.81901,163,3752.57885,,0.23651,,,,,,,,,,21606,,,
,,,,,,,,,,,1786808878.91915,163,3756.67899,,0.24,,,,,,,,,,21638,,,
,,,,,,,,,,,1786808897.54858,164,3775.30854,,,,,,0.06048,,,,,,21708,,,
,,,,,,,,,,,1786808914.36387,165,3792.12383,,,,,,0.05973,,,,,,21784,,,
,,,,,,,,,,,1786808925.07372,165,3802.83357,,,,,,0.09606,,,,,,21893,,,
