train/learning_rate,_step,_runtime,train/grad_norm,_timestamp,train/epoch,train/mean_token_accuracy,train/entropy,train/num_tokens,train/loss,train/global_step
0.0,0,8.72329,2.13594,1786611371.2543,0.00811,0.81877,0.58986,23289.0,1.4914,1
0.0,1,16.38967,1.71543,1786611378.92085,0.01622,0.83024,0.57845,45178.0,1.1692,2
1e-05,2,25.01938,1.99683,1786611387.55044,0.02433,0.82865,0.54556,68764.0,1.2045,3
1e-05,3,33.14231,2.11918,1786611395.67328,0.03244,0.80213,0.58487,91536.0,1.4228,4
2e-05,4,41.33519,1.70415,1786611403.86637,0.04055,0.82985,0.56554,116415.0,1.0226,5
2e-05,5,49.91685,1.80697,1786611412.44785,0.04866,0.81614,0.57485,138810.0,1.2421,6
2e-05,6,58.17146,2.22139,1786611420.70234,0.05677,0.79261,0.58188,161704.0,1.4029,7
3e-05,7,66.22357,1.86135,1786611428.75463,0.06488,0.83347,0.58966,183598.0,1.13,8
3e-05,8,74.78119,1.80388,1786611437.31219,0.07299,0.82451,0.60535,206486.0,1.1026,9
4e-05,9,83.0545,2.03985,1786611445.58551,0.08109,0.82508,0.58833,228960.0,1.1328,10
4e-05,10,91.25692,1.93178,1786611453.78813,0.0892,0.85696,0.61859,250441.0,0.9098,11
4e-05,11,98.36293,1.65537,1786611460.894,0.09731,0.85522,0.60431,273773.0,0.8107,12
5e-05,12,105.09927,1.53354,1786611467.6304,0.10542,0.86901,0.66608,294835.0,0.6904,13
5e-05,13,111.75824,1.08125,1786611474.28927,0.11353,0.87368,0.69334,316324.0,0.5565,14
6e-05,14,119.62543,0.96888,1786611482.15639,0.12164,0.87986,0.6847,337776.0,0.5058,15
6e-05,15,128.17855,1.046,1786611490.70965,0.12975,0.87881,0.73355,359991.0,0.4774,16
6e-05,16,136.8038,0.70883,1786611499.33491,0.13786,0.87788,0.75553,382102.0,0.4339,17
7e-05,17,145.34228,0.67146,1786611507.87325,0.14597,0.89709,0.72528,404962.0,0.3786,18
7e-05,18,153.99816,0.8137,1786611516.52909,0.15408,0.8882,0.7932,426114.0,0.3643,19
8e-05,19,162.70965,0.47329,1786611525.2407,0.16219,0.91026,0.8144,448166.0,0.3556,20
8e-05,20,171.19904,0.40835,1786611533.73014,0.1703,0.90054,0.76583,472603.0,0.3851,21
8e-05,21,179.46102,0.41216,1786611541.99196,0.17841,0.91285,0.82511,493855.0,0.3653,22
9e-05,22,187.68771,0.31909,1786611550.21877,0.18652,0.90006,0.82765,516119.0,0.3679,23
9e-05,23,195.88725,0.32474,1786611558.41839,0.19463,0.91861,0.77505,540250.0,0.358,24
0.0001,24,202.96569,0.30747,1786611565.49677,0.20274,0.92116,0.82829,561499.0,0.3089,25
0.0001,25,209.87909,0.22647,1786611572.41016,0.21085,0.92789,0.82364,584691.0,0.2748,26
0.0001,26,216.97122,0.32958,1786611579.50237,0.21896,0.90668,0.82488,607319.0,0.3544,27
0.0001,27,224.56607,0.35756,1786611587.09719,0.22707,0.93319,0.82221,628518.0,0.2877,28
0.0001,28,231.44645,0.31487,1786611593.97758,0.23517,0.92176,0.81357,651472.0,0.2841,29
0.0001,29,238.11627,0.38187,1786611600.64734,0.24328,0.92131,0.84417,673941.0,0.2805,30
0.0001,30,245.20085,0.32259,1786611607.73198,0.25139,0.92341,0.82178,696060.0,0.279,31
0.0001,31,253.66834,0.30288,1786611616.19918,0.2595,0.93559,0.81351,720414.0,0.261,32
0.0001,32,261.83409,0.33659,1786611624.36515,0.26761,0.91467,0.921,740557.0,0.2673,33
0.0001,33,269.3628,0.36575,1786611631.89388,0.27572,0.93187,0.85893,763138.0,0.3057,34
0.0001,34,276.43328,0.34292,1786611638.96439,0.28383,0.9192,0.84989,784508.0,0.2566,35
0.0001,35,283.52304,0.30532,1786611646.05405,0.29194,0.93765,0.803,807390.0,0.221,36
0.0001,36,291.93425,0.31567,1786611654.46515,0.30005,0.9255,0.78675,830558.0,0.3216,37
0.0001,37,299.94698,0.33832,1786611662.47788,0.30816,0.92558,0.79279,853029.0,0.2723,38
0.0001,38,307.67322,0.296,1786611670.20423,0.31627,0.94047,0.82114,873932.0,0.2421,39
0.0001,39,316.02873,0.26944,1786611678.55987,0.32438,0.93238,0.81353,895702.0,0.2559,40
0.0001,40,324.05693,0.38178,1786611686.58795,0.33249,0.92196,0.77885,917151.0,0.2806,41
0.0001,41,331.19521,0.27208,1786611693.72641,0.3406,0.92773,0.83915,939076.0,0.2689,42
0.0001,42,337.7779,0.28965,1786611700.30899,0.34871,0.92878,0.82556,960591.0,0.2331,43
0.0001,43,345.49558,0.29413,1786611708.02675,0.35682,0.92834,0.85121,981313.0,0.2966,44
0.0001,44,353.95735,0.38186,1786611716.48835,0.36493,0.90042,0.85015,1002838.0,0.3652,45
0.0001,45,362.19757,0.26375,1786611724.72867,0.37304,0.93682,0.80094,1028327.0,0.2753,46
0.0001,46,370.33416,0.26805,1786611732.8651,0.38115,0.92436,0.80344,1052673.0,0.3862,47
0.0001,47,378.31444,0.33551,1786611740.84552,0.38925,0.92177,0.83188,1075231.0,0.2752,48
0.0001,48,386.11451,0.38275,1786611748.64555,0.39736,0.92972,0.90622,1095069.0,0.2477,49
0.0001,49,394.16918,0.29369,1786611756.70017,0.40547,0.91684,0.82083,1118028.0,0.2974,50
0.0001,50,403.75528,0.25265,1786611766.28633,0.41358,0.94029,0.83555,1140444.0,0.2221,51
0.0001,51,411.76388,0.32167,1786611774.29487,0.42169,0.92621,0.85477,1160818.0,0.2725,52
0.0001,52,420.06793,0.32197,1786611782.59905,0.4298,0.93052,0.81585,1182692.0,0.2426,53
0.0001,53,428.12926,0.26537,1786611790.66034,0.43791,0.93474,0.7786,1205445.0,0.2189,54
0.0001,54,436.42245,0.29399,1786611798.95344,0.44602,0.92865,0.77276,1227599.0,0.224,55
0.0001,55,444.60304,0.31185,1786611807.13371,0.45413,0.93264,0.80992,1248218.0,0.2212,56
0.0001,56,452.95717,0.2798,1786611815.48811,0.46224,0.94397,0.75077,1270411.0,0.2046,57
0.0001,57,460.7436,0.27176,1786611823.27468,0.47035,0.92101,0.73882,1295083.0,0.2734,58
9e-05,58,468.32378,0.31656,1786611830.85485,0.47846,0.93263,0.78279,1316199.0,0.237,59
9e-05,59,476.12913,0.23299,1786611838.6602,0.48657,0.94276,0.76118,1339238.0,0.2062,60
9e-05,60,484.06956,0.23719,1786611846.60057,0.49468,0.94337,0.77781,1361423.0,0.2295,61
9e-05,61,492.48803,0.28262,1786611855.01903,0.50279,0.92418,0.73205,1385744.0,0.2208,62
9e-05,62,499.98638,0.34184,1786611862.51738,0.5109,0.93421,0.76876,1407436.0,0.2422,63
9e-05,63,507.59115,0.2937,1786611870.12216,0.51901,0.90836,0.79673,1429713.0,0.2908,64
9e-05,64,515.5666,0.22443,1786611878.09766,0.52712,0.91933,0.72651,1455792.0,0.2669,65
9e-05,65,523.63456,0.31684,1786611886.16555,0.53523,0.92004,0.80439,1477541.0,0.2747,66
9e-05,66,531.51352,0.28504,1786611894.04454,0.54334,0.92983,0.82188,1499246.0,0.3071,67
9e-05,67,539.78092,0.29914,1786611902.3119,0.55144,0.9422,0.78663,1521009.0,0.2337,68
9e-05,68,548.13573,0.23307,1786611910.66672,0.55955,0.92548,0.77929,1544596.0,0.22,69
9e-05,69,555.64031,0.24818,1786611918.17148,0.56766,0.92803,0.78805,1568099.0,0.2763,70
9e-05,70,562.24046,0.27534,1786611924.77154,0.57577,0.95217,0.75185,1591554.0,0.1852,71
9e-05,71,568.81471,0.2787,1786611931.34595,0.58388,0.92977,0.81687,1613707.0,0.2848,72
9e-05,72,575.3931,0.29993,1786611937.92416,0.59199,0.9333,0.75955,1636403.0,0.2258,73
9e-05,73,581.93218,0.25957,1786611944.46327,0.6001,0.93516,0.79018,1659242.0,0.2308,74
9e-05,74,588.52756,0.27119,1786611951.05871,0.60821,0.94981,0.75456,1682003.0,0.1828,75
9e-05,75,595.14877,0.26351,1786611957.67987,0.61632,0.9346,0.76531,1704447.0,0.2479,76
9e-05,76,601.77086,0.31297,1786611964.30202,0.62443,0.92153,0.79133,1726654.0,0.2845,77
9e-05,77,608.28439,0.31516,1786611970.81548,0.63254,0.93448,0.76579,1749127.0,0.2867,78
9e-05,78,614.97103,0.29412,1786611977.50213,0.64065,0.91704,0.78227,1772258.0,0.2827,79
9e-05,79,621.58659,0.29947,1786611984.11768,0.64876,0.93426,0.77452,1794985.0,0.2316,80
9e-05,80,628.09526,0.3276,1786611990.62636,0.65687,0.93617,0.81306,1816418.0,0.2113,81
9e-05,81,634.66962,0.23677,1786611997.20071,0.66498,0.93391,0.75616,1840473.0,0.2159,82
8e-05,82,641.22462,0.28314,1786612003.7556,0.67309,0.93153,0.80809,1862799.0,0.2393,83
8e-05,83,648.13434,0.25991,1786612010.66543,0.6812,0.93386,0.74575,1888740.0,0.2275,84
8e-05,84,654.78537,0.29878,1786612017.31646,0.68931,0.94514,0.75782,1911758.0,0.2082,85
8e-05,85,661.61571,0.21489,1786612024.14695,0.69742,0.93848,0.73862,1936690.0,0.2089,86
8e-05,86,668.78313,0.27667,1786612031.3141,0.70552,0.9447,0.77807,1958632.0,0.2155,87
8e-05,87,676.71627,0.28228,1786612039.24726,0.71363,0.94204,0.76233,1980858.0,0.1971,88
8e-05,88,683.83092,0.24458,1786612046.36203,0.72174,0.92731,0.7407,2003631.0,0.2561,89
8e-05,89,690.3639,0.30439,1786612052.89514,0.72985,0.95105,0.75593,2025528.0,0.1765,90
8e-05,90,697.04392,0.2954,1786612059.57499,0.73796,0.93043,0.74388,2049014.0,0.2829,91
8e-05,91,703.90606,0.27554,1786612066.43714,0.74607,0.94008,0.7587,2072638.0,0.2191,92
8e-05,92,710.43103,0.32878,1786612072.9621,0.75418,0.93533,0.71773,2094845.0,0.2293,93
8e-05,93,716.9488,0.27967,1786612079.47982,0.76229,0.9346,0.79154,2115300.0,0.2757,94
8e-05,94,723.52526,0.33797,1786612086.05641,0.7704,0.92755,0.76169,2137628.0,0.3197,95
8e-05,95,730.2667,0.2894,1786612092.79769,0.77851,0.94047,0.73566,2160627.0,0.2508,96
8e-05,96,736.97835,0.28853,1786612099.50949,0.78662,0.93126,0.75554,2184190.0,0.2283,97
8e-05,97,743.38518,0.28325,1786612105.91625,0.79473,0.93848,0.79086,2205321.0,0.229,98
8e-05,98,749.96458,0.296,1786612112.49568,0.80284,0.94412,0.77487,2227057.0,0.1907,99
8e-05,99,756.61377,0.25923,1786612119.14481,0.81095,0.95224,0.76184,2250546.0,0.2078,100
7e-05,100,764.30725,0.26796,1786612126.83834,0.81906,0.94191,0.76792,2271650.0,0.2135,101
7e-05,101,772.54856,0.27037,1786612135.07956,0.82717,0.91101,0.7837,2295133.0,0.4212,102
7e-05,102,780.35835,0.27079,1786612142.88929,0.83528,0.92298,0.81461,2316896.0,0.2578,103
7e-05,103,787.93851,0.29584,1786612150.46948,0.84339,0.93836,0.79556,2338755.0,0.2682,104
7e-05,104,795.67604,0.24525,1786612158.20722,0.8515,0.93375,0.76392,2362833.0,0.2146,105
7e-05,105,803.6033,0.25944,1786612166.13438,0.8596,0.93256,0.79505,2384699.0,0.2427,106
7e-05,106,811.58929,0.25371,1786612174.12037,0.86771,0.93704,0.78415,2406314.0,0.1946,107
7e-05,107,819.92838,0.27106,1786612182.45946,0.87582,0.92179,0.76812,2429668.0,0.3796,108
7e-05,108,827.71428,0.24196,1786612190.24527,0.88393,0.94467,0.73958,2454069.0,0.18,109
7e-05,109,835.69909,0.30049,1786612198.22996,0.89204,0.93708,0.74973,2476815.0,0.233,110
7e-05,110,843.45939,0.28069,1786612205.99049,0.90015,0.93437,0.72629,2500642.0,0.2067,111
7e-05,111,851.26307,0.28517,1786612213.79406,0.90826,0.94637,0.75063,2521756.0,0.1749,112
7e-05,112,858.76464,0.37389,1786612221.29566,0.91637,0.91118,0.77459,2542650.0,0.2976,113
7e-05,113,865.7073,0.27998,1786612228.2384,0.92448,0.92925,0.70843,2567370.0,0.2685,114
7e-05,114,872.34509,0.30687,1786612234.87628,0.93259,0.94631,0.79378,2589464.0,0.2238,115
6e-05,115,879.06721,0.26162,1786612241.59819,0.9407,0.93993,0.75798,2612955.0,0.2723,116
6e-05,116,885.62485,0.30134,1786612248.15608,0.94881,0.94675,0.75492,2636005.0,0.1862,117
6e-05,117,892.12037,0.28554,1786612254.65146,0.95692,0.94257,0.76943,2656507.0,0.2085,118
6e-05,118,898.66115,0.28419,1786612261.19222,0.96503,0.94396,0.73095,2679182.0,0.1931,119
6e-05,119,905.15814,0.31171,1786612267.68925,0.97314,0.93342,0.84903,2699536.0,0.2302,120
6e-05,120,911.62916,0.28827,1786612274.16027,0.98125,0.93936,0.76635,2721069.0,0.2228,121
6e-05,121,918.36111,0.31897,1786612280.8921,0.98936,0.9483,0.75108,2742929.0,0.1855,122
6e-05,122,926.35023,0.2169,1786612288.88123,0.99747,0.95522,0.74085,2767552.0,0.1666,123
6e-05,123,928.8452,0.43531,1786612291.37619,1.0,0.94217,0.75419,2773664.0,0.1753,124
6e-05,124,935.57436,0.28329,1786612298.10546,1.00811,0.94638,0.75429,2795534.0,0.1762,125
6e-05,125,942.08271,0.2505,1786612304.61383,1.01622,0.92514,0.77126,2817753.0,0.2573,126
6e-05,126,948.54462,0.25801,1786612311.07573,1.02433,0.93699,0.76935,2839609.0,0.2332,127
6e-05,127,954.98554,0.24308,1786612317.51664,1.03244,0.94386,0.73814,2861563.0,0.173,128
6e-05,128,961.49137,0.31109,1786612324.02248,1.04055,0.94844,0.76256,2883623.0,0.1539,129
6e-05,129,968.00914,0.30318,1786612330.54022,1.04866,0.94439,0.76049,2905425.0,0.1912,130
5e-05,130,974.51633,0.28417,1786612337.04743,1.05677,0.93102,0.74158,2927523.0,0.2376,131
5e-05,131,981.08161,0.30816,1786612343.6127,1.06488,0.94633,0.74924,2948690.0,0.1778,132
5e-05,132,987.54349,0.26189,1786612350.07458,1.07299,0.94402,0.72712,2970597.0,0.1835,133
5e-05,133,994.60537,0.34432,1786612357.13647,1.08109,0.92515,0.70035,2994012.0,0.246,134
5e-05,134,1001.72671,0.28367,1786612364.25782,1.0892,0.93747,0.72394,3015758.0,0.2875,135
5e-05,135,1009.40075,0.24835,1786612371.93175,1.09731,0.94983,0.70892,3039275.0,0.1598,136
5e-05,136,1017.54614,0.33316,1786612380.07713,1.10542,0.92834,0.74387,3061726.0,0.2434,137
5e-05,137,1025.33062,0.32851,1786612387.8617,1.11353,0.94298,0.73,3083801.0,0.1841,138
5e-05,138,1033.24282,0.2858,1786612395.77391,1.12164,0.94282,0.74458,3104558.0,0.2122,139
5e-05,139,1040.88158,0.31156,1786612403.41264,1.12975,0.93753,0.7125,3127155.0,0.2236,140
5e-05,140,1048.5637,0.30728,1786612411.0948,1.13786,0.95451,0.70068,3150937.0,0.1514,141
5e-05,141,1055.70337,0.30071,1786612418.23446,1.14597,0.95009,0.71956,3172260.0,0.2029,142
5e-05,142,1062.48964,0.29699,1786612425.0207,1.15408,0.95441,0.72943,3194074.0,0.1696,143
5e-05,143,1069.87553,0.36031,1786612432.40659,1.16219,0.93624,0.77378,3214668.0,0.2172,144
4e-05,144,1077.53509,0.32561,1786612440.06608,1.1703,0.94143,0.7185,3237875.0,0.2079,145
4e-05,145,1085.23526,0.2966,1786612447.76632,1.17841,0.9532,0.75481,3258911.0,0.1727,146
4e-05,146,1091.94024,0.26227,1786612454.47131,1.18652,0.95394,0.72056,3281634.0,0.2305,147
4e-05,147,1098.50584,0.27585,1786612461.03694,1.19463,0.93981,0.73036,3304656.0,0.2077,148
4e-05,148,1105.07106,0.28921,1786612467.60214,1.20274,0.95291,0.72578,3326793.0,0.1724,149
4e-05,149,1112.36205,0.25678,1786612474.89304,1.21085,0.95016,0.70697,3350241.0,0.2121,150
4e-05,150,1121.62114,0.27911,1786612484.15227,1.21896,0.94213,0.75343,3372216.0,0.2212,151
4e-05,151,1128.23825,0.27822,1786612490.76916,1.22707,0.93136,0.74644,3395224.0,0.2343,152
4e-05,152,1134.78853,0.27963,1786612497.31963,1.23517,0.95166,0.73672,3415585.0,0.1613,153
4e-05,153,1142.38374,0.31814,1786612504.91488,1.24328,0.94733,0.6988,3438759.0,0.1819,154
4e-05,154,1149.79632,0.28641,1786612512.3274,1.25139,0.95471,0.73115,3461232.0,0.1808,155
4e-05,155,1157.44317,0.29201,1786612519.97424,1.2595,0.94846,0.69857,3483175.0,0.1999,156
4e-05,156,1165.16443,0.32562,1786612527.69546,1.26761,0.94141,0.75292,3504568.0,0.2439,157
4e-05,157,1173.12102,0.29354,1786612535.65213,1.27572,0.93448,0.75165,3527263.0,0.2148,158
4e-05,158,1180.74218,0.3528,1786612543.27322,1.28383,0.9491,0.72109,3549384.0,0.2123,159
3e-05,159,1188.45092,0.33518,1786612550.98199,1.29194,0.94562,0.75528,3570515.0,0.2072,160
3e-05,160,1196.55784,0.32408,1786612559.08908,1.30005,0.95604,0.74646,3591394.0,0.1632,161
3e-05,161,1204.11504,0.30939,1786612566.64611,1.30816,0.93807,0.71159,3613793.0,0.1885,162
3e-05,162,1211.65704,0.27704,1786612574.188,1.31627,0.95818,0.71099,3636048.0,0.141,163
3e-05,163,1219.21743,0.32385,1786612581.74852,1.32438,0.94871,0.73103,3656165.0,0.1867,164
3e-05,164,1226.61179,0.28483,1786612589.14287,1.33249,0.95364,0.7015,3678226.0,0.1884,165
3e-05,165,1234.68062,0.27288,1786612597.21164,1.3406,0.95287,0.69384,3701820.0,0.1711,166
3e-05,166,1242.57504,0.29911,1786612605.10619,1.34871,0.92535,0.71225,3725384.0,0.2615,167
3e-05,167,1250.35391,0.29764,1786612612.885,1.35682,0.93767,0.72558,3747212.0,0.1954,168
3e-05,168,1258.2915,0.32282,1786612620.82251,1.36493,0.94373,0.7545,3767163.0,0.1707,169
3e-05,169,1266.00363,0.28977,1786612628.53461,1.37304,0.96745,0.73514,3789410.0,0.1399,170
3e-05,170,1273.48078,0.32594,1786612636.01188,1.38115,0.93207,0.73258,3812030.0,0.369,171
3e-05,171,1280.24165,0.42242,1786612642.77266,1.38925,0.9427,0.70986,3835188.0,0.222,172
3e-05,172,1288.45548,0.29992,1786612650.98654,1.39736,0.93682,0.75138,3857080.0,0.3112,173
3e-05,173,1296.69005,0.25702,1786612659.22118,1.40547,0.94692,0.72179,3880182.0,0.1523,174
2e-05,174,1303.34913,0.33451,1786612665.88025,1.41358,0.94347,0.74865,3902748.0,0.2373,175
2e-05,175,1309.99576,0.26277,1786612672.52684,1.42169,0.95016,0.706,3926374.0,0.1499,176
2e-05,176,1316.52904,0.28474,1786612679.06009,1.4298,0.94257,0.6988,3949633.0,0.2105,177
2e-05,177,1322.99881,0.35418,1786612685.52991,1.43791,0.94108,0.72879,3971817.0,0.2126,178
2e-05,178,1329.66857,0.26374,1786612692.19966,1.44602,0.94842,0.72398,3994856.0,0.1748,179
2e-05,179,1336.42472,0.30901,1786612698.95582,1.45413,0.953,0.70469,4019929.0,0.1667,180
2e-05,180,1343.00594,0.27901,1786612705.53703,1.46224,0.96346,0.71065,4042319.0,0.1294,181
2e-05,181,1349.60194,0.28579,1786612712.13304,1.47035,0.94367,0.75361,4065245.0,0.221,182
2e-05,182,1356.03801,0.33125,1786612718.56908,1.47846,0.94698,0.72003,4086647.0,0.1943,183
2e-05,183,1363.02886,0.36381,1786612725.55989,1.48657,0.94342,0.70361,4109153.0,0.2046,184
2e-05,184,1371.28792,0.28084,1786612733.81892,1.49468,0.94691,0.69577,4132123.0,0.1763,185
2e-05,185,1379.2024,0.2976,1786612741.73347,1.50279,0.95748,0.70203,4154123.0,0.1381,186
2e-05,186,1386.4428,0.23791,1786612748.97389,1.5109,0.95206,0.67122,4177882.0,0.1501,187
2e-05,187,1392.96225,0.30429,1786612755.49333,1.51901,0.94855,0.72623,4199848.0,0.1813,188
2e-05,188,1399.72458,0.29015,1786612762.25567,1.52712,0.939,0.68698,4225250.0,0.2188,189
2e-05,189,1406.26033,0.35931,1786612768.79144,1.53523,0.94534,0.7315,4246944.0,0.2066,190
2e-05,190,1412.72361,0.37807,1786612775.25472,1.54334,0.94432,0.73842,4266974.0,0.1777,191
2e-05,191,1419.86885,0.39181,1786612782.39969,1.55144,0.94751,0.76395,4286815.0,0.1875,192
1e-05,192,1428.11345,0.30749,1786612790.64451,1.55955,0.95819,0.72095,4308516.0,0.1462,193
1e-05,193,1436.28421,0.30381,1786612798.81529,1.56766,0.94206,0.70944,4331750.0,0.2507,194
1e-05,194,1443.04237,0.28349,1786612805.57347,1.57577,0.94061,0.69107,4356917.0,0.2674,195
1e-05,195,1449.83078,0.28408,1786612812.36188,1.58388,0.94491,0.67017,4381830.0,0.1965,196
1e-05,196,1456.28556,0.3222,1786612818.81665,1.59199,0.93045,0.71321,4402922.0,0.1977,197
1e-05,197,1462.86117,0.32801,1786612825.39223,1.6001,0.94796,0.7132,4424466.0,0.2148,198
1e-05,198,1469.61081,0.25746,1786612832.14194,1.60821,0.94261,0.74136,4447141.0,0.1932,199
1e-05,199,1476.18586,0.30077,1786612838.71695,1.61632,0.93944,0.70289,4470084.0,0.1911,200
1e-05,200,1483.51225,0.31612,1786612846.04327,1.62443,0.9483,0.67821,4493012.0,0.1888,201
1e-05,201,1489.73749,0.30666,1786612852.26828,1.63254,0.94743,0.72166,4513904.0,0.1846,202
1e-05,202,1495.90069,0.34582,1786612858.43168,1.64065,0.94402,0.71465,4535130.0,0.1668,203
1e-05,203,1502.27644,0.29407,1786612864.80748,1.64876,0.94409,0.71854,4558171.0,0.167,204
1e-05,204,1508.6686,0.36523,1786612871.19972,1.65687,0.95556,0.76192,4578166.0,0.1394,205
1e-05,205,1515.92542,0.27872,1786612878.4566,1.66498,0.94177,0.65872,4603002.0,0.2127,206
1e-05,206,1522.48543,0.37103,1786612885.01649,1.67309,0.94022,0.73038,4624106.0,0.2256,207
1e-05,207,1529.54431,0.31101,1786612892.07537,1.6812,0.94787,0.7193,4646509.0,0.1722,208
1e-05,208,1536.68234,0.33092,1786612899.2132,1.68931,0.94615,0.74316,4669044.0,0.1908,209
1e-05,209,1543.85528,0.29319,1786612906.38636,1.69742,0.95412,0.70147,4692785.0,0.1765,210
1e-05,210,1550.87414,0.35713,1786612913.40522,1.70552,0.9349,0.71728,4715689.0,0.2528,211
1e-05,211,1557.27377,0.35948,1786612919.80484,1.71363,0.94071,0.72455,4738681.0,0.2139,212
1e-05,212,1563.4783,0.32449,1786612926.00934,1.72174,0.94392,0.74873,4759470.0,0.2407,213
1e-05,213,1570.01555,0.37808,1786612932.54659,1.72985,0.9527,0.74657,4781242.0,0.1944,214
1e-05,214,1576.53591,0.29042,1786612939.06688,1.73796,0.96005,0.70762,4803686.0,0.1191,215
1e-05,215,1583.25383,0.34285,1786612945.78492,1.74607,0.94737,0.77419,4824004.0,0.2454,216
0.0,216,1589.79628,0.31196,1786612952.32733,1.75418,0.93554,0.73211,4845705.0,0.2475,217
0.0,217,1596.40046,0.33212,1786612958.93156,1.76229,0.94376,0.7081,4868555.0,0.2499,218
0.0,218,1602.96724,0.28456,1786612965.49826,1.7704,0.95517,0.69319,4892608.0,0.1647,219
0.0,219,1609.40341,0.25022,1786612971.93451,1.77851,0.94622,0.68654,4916873.0,0.2028,220
0.0,220,1615.5555,0.31144,1786612978.08656,1.78662,0.93763,0.74613,4938481.0,0.21,221
0.0,221,1621.77761,0.362,1786612984.30881,1.79473,0.95171,0.71662,4959874.0,0.1903,222
0.0,222,1628.22768,0.28844,1786612990.7588,1.80284,0.94569,0.67179,4983937.0,0.2087,223
0.0,223,1634.88427,0.26666,1786612997.41533,1.81095,0.94327,0.67062,5007807.0,0.1857,224
0.0,224,1641.43711,0.29066,1786613003.96819,1.81906,0.94713,0.67213,5031410.0,0.1584,225
0.0,225,1648.16948,0.3036,1786613010.70054,1.82717,0.9539,0.70393,5055178.0,0.1847,226
0.0,226,1654.68134,0.2988,1786613017.21244,1.83528,0.95574,0.69432,5079220.0,0.1537,227
0.0,227,1661.3441,0.27546,1786613023.87512,1.84339,0.94962,0.68687,5102935.0,0.2099,228
0.0,228,1668.03592,0.29997,1786613030.56703,1.8515,0.94561,0.66241,5127519.0,0.1778,229
0.0,229,1674.67988,0.28041,1786613037.21103,1.8596,0.95333,0.69609,5151445.0,0.1747,230
0.0,230,1681.30467,0.29558,1786613043.83591,1.86771,0.94186,0.70764,5175207.0,0.2544,231
0.0,231,1687.97828,0.29868,1786613050.50936,1.87582,0.96184,0.69883,5197714.0,0.152,232
0.0,232,1694.59276,0.32392,1786613057.12376,1.88393,0.94166,0.68857,5221830.0,0.1753,233
0.0,233,1701.10408,0.43934,1786613063.63517,1.89204,0.93919,0.71428,5243516.0,0.3626,234
0.0,234,1707.61311,0.30564,1786613070.14417,1.90015,0.94023,0.6995,5266775.0,0.1949,235
0.0,235,1714.2459,0.30018,1786613076.77679,1.90826,0.95233,0.68128,5290522.0,0.1846,236
0.0,236,1720.75803,0.33714,1786613083.28909,1.91637,0.93986,0.73774,5311754.0,0.2376,237
0.0,237,1727.20821,0.3085,1786613089.73929,1.92448,0.93916,0.70577,5333960.0,0.2056,238
0.0,238,1733.70405,0.36705,1786613096.23512,1.93259,0.95079,0.70405,5355679.0,0.1875,239
0.0,239,1740.26818,0.29503,1786613102.79931,1.9407,0.94184,0.72836,5377993.0,0.1937,240
0.0,240,1746.80848,0.32248,1786613109.3396,1.94881,0.94875,0.68373,5401355.0,0.1827,241
0.0,241,1753.26243,0.33232,1786613115.79351,1.95692,0.95426,0.69797,5423219.0,0.1817,242
0.0,242,1759.7842,0.27447,1786613122.31528,1.96503,0.95301,0.67748,5446765.0,0.1568,243
0.0,243,1766.47592,0.30112,1786613129.00698,1.97314,0.94695,0.71932,5468862.0,0.1877,244
0.0,244,1773.20524,0.24964,1786613135.73633,1.98125,0.95783,0.69457,5492549.0,0.1789,245
0.0,245,1779.80219,0.30211,1786613142.33328,1.98936,0.94551,0.69546,5515479.0,0.1911,246
0.0,246,1786.87474,0.30367,1786613149.40581,1.99747,0.95186,0.68314,5540052.0,0.1782,247
0.0,247,1789.23501,0.47382,1786613151.76608,2.0,0.9562,0.68888,5547328.0,0.1812,248
,248,1790.4182,,1786613152.94954,2.0,,,,,248
