train/num_tokens,train/global_step,train/loss,train/mean_token_accuracy,_step,_runtime,_timestamp,train/learning_rate,train/epoch,train/entropy,train/grad_norm
24667.0,1,1.1251,0.81705,0,8.80516,1786459841.23506,0.0,0.00811,0.55024,1.69032
46081.0,2,1.2805,0.81524,1,16.52842,1786459848.95843,0.0,0.01622,0.58294,1.94246
67326.0,3,1.4049,0.8291,2,24.02929,1786459856.4593,1e-05,0.02433,0.57896,2.37274
93256.0,4,1.068,0.83122,3,31.80506,1786459864.2351,1e-05,0.03244,0.55236,1.52734
114184.0,5,1.131,0.80529,4,39.34635,1786459871.7763,2e-05,0.04055,0.62138,1.73272
134839.0,6,1.3148,0.81427,5,46.89286,1786459879.32293,2e-05,0.04866,0.59287,2.03775
158486.0,7,1.1735,0.82835,6,54.43827,1786459886.86837,2e-05,0.05677,0.54194,1.99487
181111.0,8,1.1987,0.84044,7,61.71092,1786459894.14075,3e-05,0.06488,0.56005,2.0567
203880.0,9,1.1669,0.8163,8,68.38762,1786459900.81747,3e-05,0.07299,0.59485,1.9071
230038.0,10,0.8724,0.84075,9,75.23279,1786459907.66283,4e-05,0.08109,0.57747,1.40122
251960.0,11,0.991,0.85813,10,81.59527,1786459914.02516,4e-05,0.0892,0.63505,2.17465
275113.0,12,0.7732,0.85851,11,88.70595,1786459921.13597,4e-05,0.09731,0.63529,1.38146
298078.0,13,0.5757,0.8846,12,96.24846,1786459928.67832,5e-05,0.10542,0.62049,1.7295
320398.0,14,0.6278,0.85223,13,103.60287,1786459936.03286,5e-05,0.11353,0.68057,1.2641
343158.0,15,0.5532,0.86463,14,111.12483,1786459943.5549,6e-05,0.12164,0.6489,0.91076
364997.0,16,0.366,0.87963,15,118.45474,1786459950.8847,6e-05,0.12975,0.70834,0.95177
389164.0,17,0.4885,0.86654,16,126.0089,1786459958.43892,6e-05,0.13786,0.70195,0.89233
411195.0,18,0.3865,0.9002,17,133.39207,1786459965.82195,7e-05,0.14597,0.76431,0.68443
434306.0,19,0.3697,0.90647,18,141.04521,1786459973.47521,7e-05,0.15408,0.76194,0.52702
458074.0,20,0.3901,0.90512,19,148.68152,1786459981.11147,8e-05,0.16219,0.7538,0.50053
480288.0,21,0.3698,0.91162,20,156.33064,1786459988.76068,8e-05,0.1703,0.81386,0.42957
501247.0,22,0.3203,0.91514,21,163.83599,1786459996.26604,8e-05,0.17841,0.82665,0.38038
523262.0,23,0.303,0.92412,22,171.64701,1786460004.07698,9e-05,0.18652,0.8262,0.3888
548352.0,24,0.3135,0.91225,23,179.34744,1786460011.77734,9e-05,0.19463,0.78083,0.32003
570800.0,25,0.264,0.91689,24,187.0555,1786460019.4855,0.0001,0.20274,0.7917,0.32659
595979.0,26,0.2058,0.93291,25,194.49733,1786460026.92731,0.0001,0.21085,0.74073,0.22423
618313.0,27,0.2588,0.92585,26,201.2288,1786460033.65874,0.0001,0.21896,0.82463,0.34159
639131.0,28,0.2934,0.92376,27,207.77139,1786460040.20132,0.0001,0.22707,0.81806,0.38658
662694.0,29,0.328,0.91833,28,214.58152,1786460047.01146,0.0001,0.23517,0.77439,0.32703
684468.0,30,0.2537,0.92256,29,222.42434,1786460054.85426,0.0001,0.24328,0.82085,0.29074
707371.0,31,0.2376,0.93139,30,229.9629,1786460062.39288,0.0001,0.25139,0.78962,0.27206
728587.0,32,0.3419,0.92582,31,237.39046,1786460069.82045,0.0001,0.2595,0.82674,0.29254
751834.0,33,0.2958,0.92799,32,244.65683,1786460077.08687,0.0001,0.26761,0.78728,0.24874
775500.0,34,0.3016,0.91774,33,251.26645,1786460083.69644,0.0001,0.27572,0.78011,0.28091
797140.0,35,0.3925,0.9102,34,257.88322,1786460090.31321,0.0001,0.28383,0.83389,0.3203
818010.0,36,0.3543,0.91595,35,264.53896,1786460096.96892,0.0001,0.29194,0.85738,0.30738
840247.0,37,0.2235,0.94196,36,271.18167,1786460103.61169,0.0001,0.30005,0.80506,0.28879
861309.0,38,0.3037,0.91682,37,277.7857,1786460110.2157,0.0001,0.30816,0.82072,0.34792
884892.0,39,0.2972,0.91806,38,284.63409,1786460117.06401,0.0001,0.31627,0.82368,0.2803
904139.0,40,0.2412,0.9253,39,291.29092,1786460123.72087,0.0001,0.32438,0.90877,0.32999
926900.0,41,0.2622,0.91962,40,298.03473,1786460130.46468,0.0001,0.33249,0.84121,0.23892
947249.0,42,0.2438,0.94166,41,304.56084,1786460136.99085,0.0001,0.3406,0.84836,0.37693
970165.0,43,0.271,0.93018,42,311.25405,1786460143.68398,0.0001,0.34871,0.77064,0.33406
991860.0,44,0.2964,0.92758,43,317.99793,1786460150.42789,0.0001,0.35682,0.82009,0.26037
1014874.0,45,0.302,0.9149,44,325.4198,1786460157.8498,0.0001,0.36493,0.78019,0.31144
1036254.0,46,0.2805,0.91608,45,332.90918,1786460165.33916,0.0001,0.37304,0.80268,0.41876
1060515.0,47,0.2722,0.91853,46,339.97001,1786460172.4,0.0001,0.38115,0.75175,0.29197
1084196.0,48,0.2806,0.93904,47,346.75213,1786460179.1821,0.0001,0.38925,0.78453,0.22881
1108907.0,49,0.2465,0.9244,48,353.44529,1786460185.87528,0.0001,0.39736,0.7234,0.27861
1131541.0,50,0.2656,0.93086,49,359.97563,1786460192.40561,0.0001,0.40547,0.77683,0.3275
1155002.0,51,0.2308,0.93633,50,368.61648,1786460201.04647,0.0001,0.41358,0.73613,0.26774
1176830.0,52,0.2268,0.91831,51,374.89124,1786460207.32126,0.0001,0.42169,0.75763,0.31588
1199543.0,53,0.2559,0.92732,52,381.45771,1786460213.88767,0.0001,0.4298,0.79701,0.27384
1222674.0,54,0.2305,0.93787,53,388.23415,1786460220.66414,0.0001,0.43791,0.78005,0.30313
1244380.0,55,0.2743,0.91452,54,394.82628,1786460227.25618,0.0001,0.44602,0.77413,0.30365
1268262.0,56,0.2509,0.93455,55,401.42058,1786460233.85052,0.0001,0.45413,0.72654,0.35129
1290626.0,57,0.2955,0.93048,56,408.00375,1786460240.43368,0.0001,0.46224,0.80749,0.2804
1312949.0,58,0.252,0.92913,57,414.52307,1786460246.953,0.0001,0.47035,0.76354,0.31502
1335611.0,59,0.2175,0.94,58,421.3455,1786460253.7755,9e-05,0.47846,0.80569,0.29704
1359635.0,60,0.2269,0.93908,59,428.78336,1786460261.21326,9e-05,0.48657,0.7729,0.25718
1381527.0,61,0.2578,0.92844,60,436.16704,1786460268.59699,9e-05,0.49468,0.78465,0.3742
1404371.0,62,0.2311,0.93183,61,443.45286,1786460275.8828,9e-05,0.50279,0.779,0.33574
1424986.0,63,0.2008,0.94599,62,450.03288,1786460282.46293,9e-05,0.5109,0.82288,0.26874
1445918.0,64,0.2084,0.9468,63,456.63135,1786460289.06136,9e-05,0.51901,0.79417,0.36663
1468285.0,65,0.2966,0.92421,64,463.3643,1786460295.79425,9e-05,0.52712,0.80624,0.27959
1490575.0,66,0.2855,0.9302,65,469.98949,1786460302.41943,9e-05,0.53523,0.78318,0.29377
1513701.0,67,0.2756,0.92243,66,476.72241,1786460309.15234,9e-05,0.54334,0.77194,0.28175
1533278.0,68,0.2391,0.94679,67,483.66643,1786460316.09636,9e-05,0.55144,0.80666,0.33843
1555762.0,69,0.1971,0.94022,68,490.48284,1786460322.91278,9e-05,0.55955,0.74072,0.26829
1579200.0,70,0.2126,0.94174,69,497.19219,1786460329.62218,9e-05,0.56766,0.72207,0.25611
1601874.0,71,0.2779,0.92068,70,503.74213,1786460336.17203,9e-05,0.57577,0.76127,0.3294
1624691.0,72,0.2365,0.92962,71,510.32442,1786460342.75451,9e-05,0.58388,0.76785,0.33002
1647029.0,73,0.2615,0.9324,72,516.93705,1786460349.36699,9e-05,0.59199,0.75171,0.24725
1669166.0,74,0.1792,0.94719,73,523.41458,1786460355.84452,9e-05,0.6001,0.7631,0.28997
1692253.0,75,0.2342,0.93696,74,530.21831,1786460362.64827,9e-05,0.60821,0.74591,0.31689
1712219.0,76,0.1849,0.94274,75,536.65384,1786460369.08379,9e-05,0.61632,0.78222,0.27429
1734402.0,77,0.2528,0.92626,76,544.08734,1786460376.51725,9e-05,0.62443,0.78483,0.29935
1756113.0,78,0.2667,0.92784,77,550.7613,1786460383.19128,9e-05,0.63254,0.76508,0.27199
1777909.0,79,0.2838,0.93583,78,557.39217,1786460389.82212,9e-05,0.64065,0.79155,0.23637
1801904.0,80,0.1746,0.94226,79,564.16559,1786460396.59552,9e-05,0.64876,0.7425,0.29255
1823824.0,81,0.2004,0.94566,80,570.93743,1786460403.36741,9e-05,0.65687,0.7909,0.29971
1848747.0,82,0.254,0.92295,81,578.29905,1786460410.72891,9e-05,0.66498,0.75834,0.26514
1872078.0,83,0.254,0.92839,82,584.98468,1786460417.41474,8e-05,0.67309,0.75785,0.31533
1895706.0,84,0.2497,0.92781,83,591.71017,1786460424.14009,8e-05,0.6812,0.75818,0.28445
1918655.0,85,0.2188,0.92633,84,598.25613,1786460430.68605,8e-05,0.68931,0.73406,0.25058
1939824.0,86,0.2199,0.93836,85,604.75154,1786460437.18147,8e-05,0.69742,0.76919,0.27506
1964442.0,87,0.2842,0.92581,86,612.16366,1786460444.59359,8e-05,0.70552,0.76897,0.29009
1987461.0,88,0.2762,0.94655,87,619.60927,1786460452.03919,8e-05,0.71363,0.73638,0.28831
2009829.0,89,0.2389,0.93578,88,626.33739,1786460458.7673,8e-05,0.72174,0.73966,0.31295
2030224.0,90,0.2414,0.93549,89,632.82691,1786460465.25685,8e-05,0.72985,0.78952,0.33646
2051887.0,91,0.2823,0.92606,90,639.37248,1786460471.80241,8e-05,0.73796,0.75336,0.31737
2072751.0,92,0.2454,0.93278,91,645.9189,1786460478.3489,8e-05,0.74607,0.77183,0.32597
2095245.0,93,0.2978,0.92866,92,652.14676,1786460484.57677,8e-05,0.75418,0.77278,0.30022
2118636.0,94,0.246,0.92351,93,658.54597,1786460490.97593,8e-05,0.76229,0.7454,0.30824
2138377.0,95,0.2185,0.94417,94,665.6378,1786460498.06774,8e-05,0.7704,0.80009,0.3018
2160629.0,96,0.2068,0.94766,95,673.01065,1786460505.44059,8e-05,0.77851,0.73715,0.24619
2179864.0,97,0.275,0.92023,96,680.38838,1786460512.81831,8e-05,0.78662,0.86323,0.37638
2201780.0,98,0.2388,0.93786,97,687.82618,1786460520.25599,8e-05,0.79473,0.78177,0.30963
2224718.0,99,0.2809,0.94134,98,695.3479,1786460527.77784,8e-05,0.80284,0.77899,0.25727
2249170.0,100,0.2361,0.94456,99,703.18866,1786460535.6186,8e-05,0.81095,0.73319,0.22682
2271002.0,101,0.3876,0.9389,100,712.60365,1786460545.03359,7e-05,0.81906,0.79409,0.3085
2293114.0,102,0.2516,0.93413,101,720.01085,1786460552.44084,7e-05,0.82717,0.75518,0.30242
2315137.0,103,0.248,0.92675,102,727.39623,1786460559.82617,7e-05,0.83528,0.7549,0.29203
2338316.0,104,0.302,0.93783,103,734.84408,1786460567.27401,7e-05,0.84339,0.76383,0.2959
2359312.0,105,0.2209,0.93888,104,742.19511,1786460574.62504,7e-05,0.8515,0.78118,0.33023
2381959.0,106,0.2292,0.93237,105,749.62613,1786460582.05607,7e-05,0.8596,0.75713,0.28267
2403951.0,107,0.2239,0.94012,106,757.06679,1786460589.49679,7e-05,0.86771,0.77148,0.27068
2426790.0,108,0.2284,0.93494,107,764.46821,1786460596.89813,7e-05,0.87582,0.77759,0.312
2450240.0,109,0.2241,0.94592,108,772.00367,1786460604.43362,7e-05,0.88393,0.75344,0.24542
2473608.0,110,0.2301,0.93604,109,779.3226,1786460611.75255,7e-05,0.89204,0.75914,0.3047
2497112.0,111,0.2587,0.93266,110,785.90458,1786460618.33447,7e-05,0.90015,0.73382,0.29976
2520878.0,112,0.2203,0.93426,111,792.38128,1786460624.8112,7e-05,0.90826,0.73271,0.24978
2542124.0,113,0.2404,0.92601,112,798.59151,1786460631.02146,7e-05,0.91637,0.78107,0.3146
2563474.0,114,0.2536,0.93236,113,804.78084,1786460637.2108,7e-05,0.92448,0.74829,0.30615
2586452.0,115,0.2642,0.92662,114,811.25608,1786460643.6861,7e-05,0.93259,0.78214,0.30619
2607472.0,116,0.2152,0.94006,115,817.87743,1786460650.30743,6e-05,0.9407,0.77496,0.32413
2629521.0,117,0.2778,0.92114,116,825.27574,1786460657.70586,6e-05,0.94881,0.75411,0.26245
2652457.0,118,0.2688,0.9368,117,832.08859,1786460664.51859,6e-05,0.95692,0.74834,0.29725
2675551.0,119,0.2651,0.91839,118,838.69962,1786460671.12963,6e-05,0.96503,0.75872,0.37145
2698947.0,120,0.2371,0.93807,119,845.46882,1786460677.89882,6e-05,0.97314,0.79408,0.27429
2720939.0,121,0.1844,0.94558,120,852.00885,1786460684.43886,6e-05,0.98125,0.77256,0.27403
2743197.0,122,0.1981,0.9447,121,858.60872,1786460691.03872,6e-05,0.98936,0.77756,0.23481
2766295.0,123,0.1834,0.94724,122,865.59632,1786460698.02624,6e-05,0.99747,0.7739,0.25536
2773664.0,124,0.2334,0.94388,123,867.9264,1786460700.35641,6e-05,1.0,0.76563,0.5117
2795043.0,125,0.2793,0.93755,124,875.35854,1786460707.78846,6e-05,1.00811,0.78655,0.32545
2817224.0,126,0.1538,0.95077,125,882.78279,1786460715.21261,6e-05,1.01622,0.78523,0.25139
2838379.0,127,0.1897,0.94607,126,890.16436,1786460722.59427,6e-05,1.02433,0.78935,0.26649
2858897.0,128,0.1541,0.95435,127,897.53376,1786460729.96371,6e-05,1.03244,0.78296,0.22143
2881673.0,129,0.236,0.94048,128,904.95248,1786460737.38245,6e-05,1.04055,0.74778,0.29985
2903621.0,130,0.1975,0.94166,129,911.77672,1786460744.20666,6e-05,1.04866,0.72191,0.2946
2924143.0,131,0.1946,0.94192,130,918.35947,1786460750.7894,5e-05,1.05677,0.77967,0.30656
2945715.0,132,0.1785,0.95481,131,925.63378,1786460758.06362,5e-05,1.06488,0.77016,0.28086
2968478.0,133,0.2195,0.93235,132,933.18925,1786460765.61924,5e-05,1.07299,0.72729,0.30991
2992901.0,134,0.2267,0.93847,133,940.70335,1786460773.1333,5e-05,1.08109,0.69533,0.24744
3015791.0,135,0.2196,0.9431,134,948.12383,1786460780.55376,5e-05,1.0892,0.72523,0.27676
3037783.0,136,0.1899,0.94499,135,955.52854,1786460787.95834,5e-05,1.09731,0.73313,0.2379
3060553.0,137,0.2104,0.94485,136,962.90617,1786460795.33609,5e-05,1.10542,0.69962,0.26845
3084346.0,138,0.1654,0.9503,137,970.40079,1786460802.83061,5e-05,1.11353,0.70674,0.28652
3107957.0,139,0.1913,0.94315,138,977.49932,1786460809.92926,5e-05,1.12164,0.73939,0.26799
3129608.0,140,0.1681,0.95656,139,983.93838,1786460816.36819,5e-05,1.12975,0.70655,0.25888
3150871.0,141,0.2283,0.94779,140,990.40506,1786460822.83497,5e-05,1.13786,0.74214,0.2848
3172401.0,142,0.2094,0.93435,141,996.82745,1786460829.25738,5e-05,1.14597,0.74747,0.41719
3195247.0,143,0.1966,0.94872,142,1003.31098,1786460835.74083,5e-05,1.15408,0.71203,0.29264
3217168.0,144,0.2067,0.94595,143,1009.8558,1786460842.28574,5e-05,1.16219,0.7511,0.28462
3238618.0,145,0.1753,0.94743,144,1016.40336,1786460848.83329,4e-05,1.1703,0.72446,0.27704
3263220.0,146,0.2143,0.94185,145,1023.12948,1786460855.55948,4e-05,1.17841,0.69472,0.32147
3282202.0,147,0.1642,0.95436,146,1029.618,1786460862.04792,4e-05,1.18652,0.7978,0.35733
3305021.0,148,0.1666,0.95473,147,1036.343,1786460868.77295,4e-05,1.19463,0.75007,0.33167
3327709.0,149,0.1361,0.95511,148,1043.05734,1786460875.48721,4e-05,1.20274,0.74796,0.24198
3349579.0,150,0.2275,0.94547,149,1049.55539,1786460881.98534,4e-05,1.21085,0.72662,0.28634
3370806.0,151,0.1977,0.94647,150,1058.08021,1786460890.51015,4e-05,1.21896,0.75873,0.31984
3393388.0,152,0.173,0.95277,151,1064.76904,1786460897.19898,4e-05,1.22707,0.72982,0.29751
3415295.0,153,0.171,0.95115,152,1071.3399,1786460903.76983,4e-05,1.23517,0.74399,0.30546
3434995.0,154,0.1595,0.94526,153,1077.79122,1786460910.22116,4e-05,1.24328,0.77289,0.31306
3457651.0,155,0.1798,0.94522,154,1084.34732,1786460916.77727,4e-05,1.25139,0.73416,0.24748
3481357.0,156,0.1978,0.94136,155,1091.04434,1786460923.47428,4e-05,1.2595,0.70499,0.27464
3507473.0,157,0.167,0.95375,156,1097.96811,1786460930.39803,4e-05,1.26761,0.69181,0.23545
3528049.0,158,0.241,0.93124,157,1104.51578,1786460936.9457,4e-05,1.27572,0.7811,0.3131
3553341.0,159,0.167,0.94821,158,1111.26335,1786460943.69326,4e-05,1.28383,0.68592,0.27481
3574007.0,160,0.2192,0.93368,159,1117.75868,1786460950.18864,3e-05,1.29194,0.74805,0.34621
3598197.0,161,0.1903,0.94912,160,1125.23163,1786460957.66152,3e-05,1.30005,0.73919,0.32542
3618948.0,162,0.2008,0.95027,161,1132.69446,1786460965.1243,3e-05,1.30816,0.7514,0.33782
3641913.0,163,0.1673,0.94778,162,1139.35345,1786460971.78325,3e-05,1.31627,0.68218,0.32053
3665212.0,164,0.264,0.93414,163,1145.96144,1786460978.39104,3e-05,1.32438,0.70313,0.32645
3685466.0,165,0.1839,0.94507,164,1152.52631,1786460984.95611,3e-05,1.33249,0.74128,0.33954
3709148.0,166,0.2335,0.94486,165,1159.21978,1786460991.64976,3e-05,1.3406,0.70415,0.33363
3732244.0,167,0.1537,0.96325,166,1165.85222,1786460998.28202,3e-05,1.34871,0.68841,0.31814
3754671.0,168,0.2554,0.93407,167,1172.52246,1786461004.9524,3e-05,1.35682,0.72673,0.32808
3779800.0,169,0.1911,0.95063,168,1179.19567,1786461011.62556,3e-05,1.36493,0.65244,0.30125
3803154.0,170,0.2482,0.94089,169,1185.81606,1786461018.24607,3e-05,1.37304,0.71138,0.2768
3825760.0,171,0.1787,0.94662,170,1192.23988,1786461024.66982,3e-05,1.38115,0.71911,0.29549
3846920.0,172,0.2111,0.9429,171,1198.42271,1786461030.85268,3e-05,1.38925,0.71736,0.34908
3871801.0,173,0.2063,0.94567,172,1205.41311,1786461037.84313,3e-05,1.39736,0.67547,0.27675
3894598.0,174,0.1745,0.94921,173,1212.51869,1786461044.94862,3e-05,1.40547,0.6909,0.3473
3915627.0,175,0.1664,0.9339,174,1219.58914,1786461052.01904,2e-05,1.41358,0.77646,0.27758
3935586.0,176,0.1694,0.95622,175,1226.64863,1786461059.07839,2e-05,1.42169,0.77424,0.32909
3958732.0,177,0.1935,0.94857,176,1233.77189,1786461066.20194,2e-05,1.4298,0.69287,0.29923
3981469.0,178,0.2052,0.9448,177,1240.95237,1786461073.38234,2e-05,1.43791,0.7059,0.32484
4002790.0,179,0.1475,0.96239,178,1248.01968,1786461080.44969,2e-05,1.44602,0.74966,0.32115
4025984.0,180,0.2295,0.93025,179,1255.19692,1786461087.62695,2e-05,1.45413,0.73948,0.28167
4048813.0,181,0.172,0.94371,180,1262.27753,1786461094.70756,2e-05,1.46224,0.72145,0.31977
4070375.0,182,0.1471,0.95762,181,1269.29896,1786461101.72897,2e-05,1.47035,0.73657,0.29513
4094040.0,183,0.1864,0.95025,182,1276.53572,1786461108.96578,2e-05,1.47846,0.71251,0.26339
4116929.0,184,0.1813,0.94258,183,1283.65637,1786461116.08638,2e-05,1.48657,0.71998,0.32094
4139687.0,185,0.2435,0.95112,184,1290.84291,1786461123.27296,2e-05,1.49468,0.71649,0.29216
4161750.0,186,0.2088,0.94903,185,1298.04973,1786461130.47973,2e-05,1.50279,0.71814,0.32845
4186740.0,187,0.2241,0.93555,186,1305.53028,1786461137.96019,2e-05,1.5109,0.66957,0.31564
4209445.0,188,0.2344,0.94613,187,1312.95411,1786461145.38408,2e-05,1.51901,0.74343,0.31458
4231547.0,189,0.187,0.94513,188,1320.31847,1786461152.74852,2e-05,1.52712,0.71846,0.30955
4252226.0,190,0.2669,0.94293,189,1327.67571,1786461160.10562,2e-05,1.53523,0.76283,0.33875
4273801.0,191,0.1678,0.95489,190,1335.03648,1786461167.46652,2e-05,1.54334,0.72485,0.30239
4297931.0,192,0.2061,0.948,191,1342.48456,1786461174.91452,2e-05,1.55144,0.68715,0.32485
4320906.0,193,0.2042,0.95053,192,1350.0259,1786461182.45578,1e-05,1.55955,0.74196,0.24563
4343729.0,194,0.2493,0.95214,193,1357.4212,1786461189.85107,1e-05,1.56766,0.72979,0.32906
4366279.0,195,0.199,0.9417,194,1364.81617,1786461197.24609,1e-05,1.57577,0.71931,0.29896
4386369.0,196,0.156,0.94891,195,1372.13953,1786461204.56946,1e-05,1.58388,0.7356,0.36133
4409048.0,197,0.2936,0.94514,196,1379.46122,1786461211.89115,1e-05,1.59199,0.70966,0.30503
4431415.0,198,0.1916,0.95159,197,1386.82852,1786461219.25845,1e-05,1.6001,0.71269,0.35046
4454380.0,199,0.1834,0.94736,198,1394.28577,1786461226.71572,1e-05,1.60821,0.70322,0.31241
4479690.0,200,0.2317,0.93002,199,1401.7904,1786461234.22034,1e-05,1.61632,0.65816,0.33017
4502107.0,201,0.1611,0.9527,200,1411.12842,1786461243.55838,1e-05,1.62443,0.73702,0.33798
4525085.0,202,0.1822,0.94956,201,1417.71908,1786461250.14893,1e-05,1.63254,0.71251,0.31973
4547989.0,203,0.1557,0.9481,202,1424.37448,1786461256.80437,1e-05,1.64065,0.71882,0.26732
4570444.0,204,0.2246,0.94544,203,1431.61349,1786461264.04336,1e-05,1.64876,0.70854,0.38459
4591725.0,205,0.2093,0.95017,204,1438.98364,1786461271.41359,1e-05,1.65687,0.76755,0.30893
4614148.0,206,0.3141,0.94165,205,1446.33046,1786461278.76041,1e-05,1.66498,0.73296,0.36728
4634360.0,207,0.2216,0.93672,206,1453.35003,1786461285.77976,1e-05,1.67309,0.74851,0.31502
4658556.0,208,0.1978,0.9433,207,1460.51926,1786461292.94919,1e-05,1.6812,0.69787,0.30832
4682176.0,209,0.1973,0.93648,208,1467.7265,1786461300.15643,1e-05,1.68931,0.72763,0.28628
4703681.0,210,0.2112,0.94328,209,1474.76967,1786461307.1996,1e-05,1.69742,0.74258,0.37122
4726340.0,211,0.1499,0.94312,210,1481.83945,1786461314.26926,1e-05,1.70552,0.67795,0.26391
4748308.0,212,0.2462,0.93391,211,1488.91826,1786461321.34804,1e-05,1.71363,0.72531,0.36046
4770861.0,213,0.18,0.94554,212,1495.46451,1786461327.89423,1e-05,1.72174,0.71001,0.30243
4795408.0,214,0.2136,0.94047,213,1502.09329,1786461334.5232,1e-05,1.72985,0.72232,0.30226
4818051.0,215,0.1871,0.95654,214,1508.38514,1786461340.81492,1e-05,1.73796,0.70488,0.37536
4841610.0,216,0.2142,0.938,215,1514.93684,1786461347.36671,1e-05,1.74607,0.7067,0.29958
4863553.0,217,0.1846,0.95057,216,1521.41747,1786461353.84737,0.0,1.75418,0.7458,0.30501
4886908.0,218,0.1813,0.95359,217,1528.08357,1786461360.51353,0.0,1.76229,0.7138,0.29793
4909269.0,219,0.2073,0.94481,218,1534.72507,1786461367.15497,0.0,1.7704,0.71936,0.31016
4933391.0,220,0.1947,0.94543,219,1541.51307,1786461373.943,0.0,1.77851,0.68491,0.29095
4955560.0,221,0.2501,0.9381,220,1548.70323,1786461381.13309,0.0,1.78662,0.71969,0.30901
4976647.0,222,0.1522,0.95444,221,1555.20366,1786461387.63357,0.0,1.79473,0.75397,0.33562
4998548.0,223,0.1819,0.94487,222,1561.70725,1786461394.13713,0.0,1.80284,0.71507,0.33341
5022436.0,224,0.3162,0.94008,223,1569.03254,1786461401.46244,0.0,1.81095,0.70401,0.30574
5045577.0,225,0.2077,0.94961,224,1576.54959,1786461408.9796,0.0,1.81906,0.709,0.3422
5067218.0,226,0.2131,0.94144,225,1584.00516,1786461416.43507,0.0,1.82717,0.73844,0.32122
5089693.0,227,0.2317,0.94957,226,1591.49514,1786461423.92506,0.0,1.83528,0.71537,0.33163
5112696.0,228,0.2382,0.94237,227,1598.28856,1786461430.71838,0.0,1.84339,0.71457,0.30401
5134144.0,229,0.1659,0.95778,228,1604.79745,1786461437.22738,0.0,1.8515,0.70718,0.30203
5157832.0,230,0.2307,0.93488,229,1611.53686,1786461443.96681,0.0,1.8596,0.71899,0.33536
5179827.0,231,0.2247,0.94132,230,1618.81006,1786461451.24,0.0,1.86771,0.72833,0.31515
5203397.0,232,0.1985,0.94715,231,1626.25029,1786461458.68021,0.0,1.87582,0.6756,0.30022
5225765.0,233,0.1619,0.94943,232,1633.60029,1786461466.03022,0.0,1.88393,0.72454,0.30194
5247054.0,234,0.1981,0.93881,233,1641.02863,1786461473.45857,0.0,1.89204,0.74077,0.33681
5269158.0,235,0.217,0.93892,234,1647.83466,1786461480.26456,0.0,1.90015,0.76135,0.27302
5289682.0,236,0.1472,0.95641,235,1654.31524,1786461486.74518,0.0,1.90826,0.76715,0.38651
5313027.0,237,0.2011,0.94458,236,1661.10953,1786461493.53948,0.0,1.91637,0.68672,0.27848
5336960.0,238,0.234,0.94204,237,1668.54957,1786461500.97946,0.0,1.92448,0.70571,0.32991
5358100.0,239,0.218,0.95123,238,1675.93768,1786461508.36763,0.0,1.93259,0.74011,0.29086
5379977.0,240,0.1735,0.95591,239,1683.35768,1786461515.78762,0.0,1.9407,0.72623,0.31408
5403611.0,241,0.1976,0.9473,240,1690.76961,1786461523.19955,0.0,1.94881,0.69391,0.28781
5426438.0,242,0.1847,0.94608,241,1698.22735,1786461530.65728,0.0,1.95692,0.70693,0.28317
5448277.0,243,0.1912,0.9409,242,1705.65195,1786461538.08195,0.0,1.96503,0.7285,0.30544
5472140.0,244,0.1858,0.93991,243,1713.14994,1786461545.57989,0.0,1.97314,0.69197,0.31188
5494589.0,245,0.1998,0.93737,244,1720.6112,1786461553.04111,0.0,1.98125,0.72934,0.35992
5518667.0,246,0.1667,0.94202,245,1728.17268,1786461560.60262,0.0,1.98936,0.69555,0.33856
5540902.0,247,0.1138,0.95964,246,1735.6557,1786461568.08564,0.0,1.99747,0.71279,0.23555
5547328.0,248,0.2168,0.94636,247,1737.95322,1786461570.38307,0.0,2.0,0.74437,0.61579
,248,,,248,1739.79464,1786461572.22481,,2.0,,
