_timestamp,train/num_tokens,train/learning_rate,_step,train/epoch,_runtime,train/loss,train/grad_norm,train/global_step,train/mean_token_accuracy,train/entropy
1786742272.43894,19178.0,0.0,0,0.01197,7.86568,1.5614,1.22908,1,0.64369,1.06415
1786742279.83751,38798.0,1e-05,1,0.02393,15.26409,1.4263,1.12873,2,0.65952,1.04725
1786742287.19119,59230.0,1e-05,2,0.0359,22.61792,1.4857,1.04711,3,0.64431,1.10179
1786742293.8282,77878.0,2e-05,3,0.04787,29.25491,1.3514,0.91171,4,0.67165,1.02577
1786742300.8879,95585.0,2e-05,4,0.05984,36.31449,1.3689,0.72322,5,0.65546,1.11402
1786742307.93655,115466.0,3e-05,5,0.0718,43.36314,1.2473,0.46862,6,0.68533,1.05496
1786742315.06049,136105.0,4e-05,6,0.08377,50.48717,1.344,0.35029,7,0.66969,1.15776
1786742322.2693,156682.0,4e-05,7,0.09574,57.69611,1.3739,0.28489,8,0.66775,1.1784
1786742328.99275,176218.0,5e-05,8,0.1077,64.41968,1.3366,0.24357,9,0.66946,1.24443
1786742335.63823,196345.0,5e-05,9,0.11967,71.06485,1.2764,0.24738,10,0.67768,1.25969
1786742341.86516,217709.0,6e-05,10,0.13164,77.29172,1.3924,0.31246,11,0.64979,1.34566
1786742348.06969,238393.0,6e-05,11,0.14361,83.4965,1.403,0.33217,12,0.65277,1.35905
1786742354.17342,256951.0,7e-05,12,0.15557,89.6,1.1747,0.39482,13,0.68722,1.30772
1786742360.17071,275056.0,8e-05,13,0.16754,95.59738,1.21,0.27765,14,0.69273,1.27111
1786742366.21759,294518.0,8e-05,14,0.17951,101.64428,1.352,0.27117,15,0.67008,1.36768
1786742372.23496,313825.0,9e-05,15,0.19147,107.66162,1.3271,0.22826,16,0.66627,1.34671
1786742378.2654,332571.0,9e-05,16,0.20344,113.69307,1.2195,0.22065,17,0.67775,1.27261
1786742384.32704,352261.0,0.0001,17,0.21541,119.75376,1.3716,0.21798,18,0.65916,1.37755
1786742390.67778,374947.0,0.0001,18,0.22737,126.10444,1.6487,0.20787,19,0.66527,1.3526
1786742396.68564,393942.0,0.0001,19,0.23934,132.11231,1.2834,0.23296,20,0.67207,1.27517
1786742402.85029,415513.0,0.0001,20,0.25131,138.2769,1.3709,0.22416,21,0.65919,1.28461
1786742408.95175,435639.0,0.0001,21,0.26328,144.37836,1.3518,0.2513,22,0.66478,1.2372
1786742415.02164,455250.0,0.0001,22,0.27524,150.44819,1.0933,0.19886,23,0.71761,1.14127
1786742421.14488,475540.0,0.0001,23,0.28721,156.57171,1.4258,0.21329,24,0.65354,1.30007
1786742427.32161,496591.0,0.0001,24,0.29918,162.74828,1.2482,0.19132,25,0.68771,1.16072
1786742433.51596,517432.0,0.0001,25,0.31114,168.94258,1.3145,0.17756,26,0.6732,1.24431
1786742439.62979,536624.0,0.0001,26,0.32311,175.05649,1.1999,0.17341,27,0.69058,1.20046
1786742445.68304,556190.0,0.0001,27,0.33508,181.1096,1.1314,0.1788,28,0.72725,1.18866
1786742451.84114,577286.0,0.0001,28,0.34705,187.26786,1.2207,0.20654,29,0.70548,1.23725
1786742457.99881,598510.0,0.0001,29,0.35901,193.4255,1.2053,0.188,30,0.70179,1.22139
1786742464.21626,618133.0,0.0001,30,0.37098,199.64287,1.1784,0.19993,31,0.68377,1.2365
1786742470.38616,639219.0,0.0001,31,0.38295,205.81294,1.3554,0.20153,32,0.66432,1.31446
1786742476.52246,658735.0,0.0001,32,0.39491,211.94912,1.0762,0.18238,33,0.71026,1.1705
1786742482.54778,676966.0,0.0001,33,0.40688,217.97446,1.1471,0.18056,34,0.70073,1.21214
1786742488.59991,696376.0,0.0001,34,0.41885,224.0267,1.2323,0.17918,35,0.68611,1.25576
1786742494.59276,714572.0,0.0001,35,0.43082,230.01944,1.1606,0.19777,36,0.6955,1.20428
1786742500.60076,734141.0,0.0001,36,0.44278,236.02768,1.4075,0.20703,37,0.66551,1.29791
1786742506.75079,754898.0,0.0001,37,0.45475,242.17735,1.1378,0.17349,38,0.69856,1.15866
1786742512.74894,774515.0,0.0001,38,0.46672,248.17561,1.0347,0.16508,39,0.71643,1.14704
1786742518.77559,794194.0,9e-05,39,0.47868,254.20238,1.1961,0.18182,40,0.68475,1.25489
1786742524.81004,813144.0,9e-05,40,0.49065,260.2367,1.1908,0.19409,41,0.68915,1.21698
1786742530.85352,832630.0,9e-05,41,0.50262,266.28021,1.223,0.17596,42,0.68813,1.26258
1786742537.06186,852809.0,9e-05,42,0.51458,272.4885,1.2775,0.18,43,0.67245,1.26913
1786742543.145,873858.0,9e-05,43,0.52655,278.5717,1.2306,0.17873,44,0.68512,1.19796
1786742549.16673,892801.0,9e-05,44,0.53852,284.59342,1.2718,0.18623,45,0.68659,1.23459
1786742555.13751,911422.0,9e-05,45,0.55049,290.56417,1.2834,0.20366,46,0.67161,1.30001
1786742561.08965,930469.0,9e-05,46,0.56245,296.51632,1.346,0.21255,47,0.65765,1.30478
1786742567.06332,949990.0,9e-05,47,0.57442,302.49,1.1851,0.19278,48,0.68667,1.26091
1786742573.04957,968552.0,9e-05,48,0.58639,308.4762,1.262,0.21444,49,0.6699,1.28522
1786742579.8923,988970.0,9e-05,49,0.59835,315.31884,1.32,0.18205,50,0.66732,1.31425
1786742588.47067,1009715.0,9e-05,50,0.61032,323.89743,1.3088,0.1852,51,0.67813,1.2961
1786742595.91177,1029051.0,9e-05,51,0.62229,331.33849,1.3303,0.21876,52,0.66657,1.29363
1786742603.31362,1049038.0,9e-05,52,0.63426,338.74039,1.1178,0.17763,53,0.72439,1.16703
1786742610.05398,1068999.0,9e-05,53,0.64622,345.48055,1.1975,0.18768,54,0.69959,1.20198
1786742616.43688,1088678.0,9e-05,54,0.65819,351.86356,1.1999,0.20178,55,0.68659,1.17759
1786742622.78213,1108408.0,9e-05,55,0.67016,358.20892,1.1075,0.20125,56,0.70047,1.16902
1786742629.16422,1128100.0,8e-05,56,0.68212,364.59097,1.1822,0.19995,57,0.70361,1.16449
1786742635.58073,1148551.0,8e-05,57,0.69409,371.00745,1.2084,0.19134,58,0.67707,1.23395
1786742641.95372,1167945.0,8e-05,58,0.70606,377.38039,1.2085,0.20885,59,0.68139,1.26004
1786742648.34118,1188598.0,8e-05,59,0.71803,383.76791,1.302,0.20007,60,0.67785,1.2894
1786742654.73514,1207485.0,8e-05,60,0.72999,390.16178,1.0457,0.21167,61,0.70644,1.17463
1786742660.91639,1228516.0,8e-05,61,0.74196,396.34307,1.4175,0.21996,62,0.65119,1.33326
1786742666.97492,1247840.0,8e-05,62,0.75393,402.40279,1.2026,0.19321,63,0.71172,1.23546
1786742673.03161,1268209.0,8e-05,63,0.76589,408.45824,1.1589,0.19652,64,0.6875,1.23476
1786742679.05008,1287965.0,8e-05,64,0.77786,414.47682,1.1716,0.21465,65,0.69223,1.24484
1786742685.01875,1306804.0,8e-05,65,0.78983,420.4453,1.1995,0.20488,66,0.68812,1.26025
1786742691.05953,1326236.0,8e-05,66,0.8018,426.48622,1.0917,0.19491,67,0.7297,1.16941
1786742697.01191,1342980.0,8e-05,67,0.81376,432.43859,1.1468,0.25274,68,0.69829,1.21279
1786742703.13724,1363972.0,7e-05,68,0.82573,438.56395,1.3862,0.20215,69,0.65607,1.31338
1786742709.10529,1381637.0,7e-05,69,0.8377,444.53212,1.0853,0.22454,70,0.70549,1.2084
1786742715.49953,1400859.0,7e-05,70,0.84966,450.92609,1.1443,0.20685,71,0.70293,1.20234
1786742721.8891,1419351.0,7e-05,71,0.86163,457.31587,1.255,0.23077,72,0.68716,1.24852
1786742728.23841,1437571.0,7e-05,72,0.8736,463.66511,1.3061,0.24667,73,0.67192,1.27283
1786742734.62258,1457165.0,7e-05,73,0.88556,470.04929,1.1017,0.20237,74,0.70137,1.18907
1786742741.18255,1478027.0,7e-05,74,0.89753,476.6093,1.6264,0.21679,75,0.66976,1.32163
1786742747.56781,1499730.0,7e-05,75,0.9095,482.99449,1.1519,0.22,76,0.68974,1.23074
1786742753.91317,1518925.0,7e-05,76,0.92147,489.3399,1.1966,0.21758,77,0.70066,1.22082
1786742760.32381,1539127.0,7e-05,77,0.93343,495.75037,1.182,0.21744,78,0.68855,1.2916
1786742766.73525,1558934.0,6e-05,78,0.9454,502.16201,1.2331,0.20517,79,0.71384,1.18949
1786742773.12984,1579406.0,6e-05,79,0.95737,508.55653,1.1404,0.21161,80,0.70541,1.20784
1786742779.55163,1600094.0,6e-05,80,0.96933,514.97833,1.3562,0.22205,81,0.65886,1.32422
1786742785.95277,1619831.0,6e-05,81,0.9813,521.3795,1.1649,0.22057,82,0.69368,1.23272
1786742792.29963,1639736.0,6e-05,82,0.99327,527.72629,1.2049,0.21287,83,0.70111,1.23877
1786742795.86165,1649975.0,6e-05,83,1.0,531.28843,1.0554,0.28793,84,0.71451,1.17033
1786742802.19691,1669953.0,6e-05,84,1.01197,537.6236,1.2635,0.23763,85,0.66942,1.19791
1786742808.49094,1688322.0,6e-05,85,1.02393,543.91763,1.1809,0.22691,86,0.69986,1.20556
1786742814.8094,1707256.0,6e-05,86,1.0359,550.2361,1.1373,0.22081,87,0.69597,1.19675
1786742821.09518,1725214.0,6e-05,87,1.04787,556.52183,0.9933,0.22149,88,0.73972,1.12165
1786742827.37675,1743907.0,5e-05,88,1.05984,562.80341,1.1831,0.23135,89,0.69151,1.20861
1786742833.80597,1764510.0,5e-05,89,1.0718,569.23265,1.3066,0.2281,90,0.67563,1.20243
1786742840.14366,1784814.0,5e-05,90,1.08377,575.57034,1.3608,0.24004,91,0.6562,1.28374
1786742846.43818,1805549.0,5e-05,91,1.09574,581.8649,1.2079,0.2281,92,0.6835,1.23564
1786742852.72221,1824471.0,5e-05,92,1.1077,588.1489,1.1527,0.23299,93,0.7107,1.17477
1786742859.07711,1844249.0,5e-05,93,1.11967,594.50394,1.1298,0.22186,94,0.69855,1.22001
1786742865.40099,1864812.0,5e-05,94,1.13164,600.82765,1.1921,0.23884,95,0.69203,1.26593
1786742871.7653,1885702.0,5e-05,95,1.14361,607.19215,1.1317,0.21735,96,0.7027,1.18891
1786742877.99537,1904614.0,5e-05,96,1.15557,613.4221,1.1693,0.23479,97,0.71266,1.1674
1786742884.53233,1924505.0,5e-05,97,1.16754,619.95906,1.0468,0.23007,98,0.72255,1.10002
1786742890.91369,1945638.0,4e-05,98,1.17951,626.34041,1.0868,0.20315,99,0.72825,1.14012
1786742897.26804,1966184.0,4e-05,99,1.19147,632.6947,1.124,0.23196,100,0.70965,1.13134
1786742904.30482,1984544.0,4e-05,100,1.20344,639.73169,1.1012,0.23371,101,0.71029,1.17507
1786742910.48256,2003423.0,4e-05,101,1.21541,645.90916,1.0873,0.22675,102,0.72236,1.16189
1786742916.53884,2023850.0,4e-05,102,1.22737,651.96549,1.2037,0.25136,103,0.68698,1.21645
1786742922.4844,2043521.0,4e-05,103,1.23934,657.91123,1.2011,0.24293,104,0.68884,1.2271
1786742928.44079,2062107.0,4e-05,104,1.25131,663.86765,1.2455,0.26011,105,0.6742,1.25448
1786742934.46493,2082368.0,4e-05,105,1.26328,669.89166,1.3335,0.32716,106,0.67198,1.26519
1786742940.77256,2101670.0,4e-05,106,1.27524,676.19916,1.2528,0.26682,107,0.67694,1.22348
1786742947.12068,2121536.0,4e-05,107,1.28721,682.54732,1.157,0.25575,108,0.6969,1.19332
1786742953.44081,2141601.0,3e-05,108,1.29918,688.86749,1.183,0.24523,109,0.70736,1.18175
1786742961.23934,2162484.0,3e-05,109,1.31114,696.66619,1.0846,0.23396,110,0.70428,1.152
1786742969.01601,2182191.0,3e-05,110,1.32311,704.44286,1.2195,0.26336,111,0.67235,1.24649
1786742976.64134,2203064.0,3e-05,111,1.33508,712.06806,1.1634,0.24926,112,0.69709,1.19283
1786742983.88206,2223800.0,3e-05,112,1.34705,719.30879,1.1932,0.24435,113,0.69923,1.23706
1786742990.30184,2244785.0,3e-05,113,1.35901,725.72857,1.0606,0.22419,114,0.72419,1.12495
1786742996.37518,2264779.0,3e-05,114,1.37098,731.80189,0.9974,0.23379,115,0.72478,1.14267
1786743002.3633,2284489.0,3e-05,115,1.38295,737.79007,1.1922,0.2447,116,0.70082,1.19841
1786743008.328,2303316.0,3e-05,116,1.39491,743.75469,1.1314,0.26565,117,0.70363,1.17045
1786743014.38054,2323069.0,3e-05,117,1.40688,749.80725,1.1057,0.24921,118,0.6958,1.21088
1786743020.75908,2343330.0,2e-05,118,1.41885,756.18581,1.0573,0.24039,119,0.72018,1.14568
1786743027.14362,2362814.0,2e-05,119,1.43082,762.5705,1.3153,0.24666,120,0.67116,1.29636
1786743033.46897,2381510.0,2e-05,120,1.44278,768.89568,1.1813,0.27346,121,0.67949,1.20351
1786743039.96474,2402970.0,2e-05,121,1.45475,775.39145,1.57,0.24767,122,0.68015,1.32613
1786743047.0744,2423462.0,2e-05,122,1.46672,782.50114,1.6956,0.24697,123,0.64959,1.37688
1786743054.86236,2443144.0,2e-05,123,1.47868,790.2892,1.0391,0.26239,124,0.72029,1.11387
1786743062.65509,2462909.0,2e-05,124,1.49065,798.08183,1.243,0.27408,125,0.67532,1.23082
1786743070.09811,2482129.0,2e-05,125,1.50262,805.525,1.129,0.25933,126,0.70217,1.17345
1786743078.0031,2502201.0,2e-05,126,1.51458,813.4298,1.0237,0.25444,127,0.71034,1.13013
1786743085.75958,2522324.0,2e-05,127,1.52655,821.18629,1.3584,0.2668,128,0.66313,1.28573
1786743093.60441,2541786.0,2e-05,128,1.53852,829.03118,1.085,0.25574,129,0.70858,1.18528
1786743101.19847,2561149.0,2e-05,129,1.55049,836.62532,1.056,0.24851,130,0.71824,1.15103
1786743109.04605,2581961.0,1e-05,130,1.56245,844.47278,1.2186,0.24496,131,0.68209,1.22625
1786743116.86514,2602907.0,1e-05,131,1.57442,852.29187,1.2618,0.26683,132,0.67619,1.23238
1786743124.64252,2622110.0,1e-05,132,1.58639,860.0692,1.0806,0.25746,133,0.71795,1.15511
1786743132.2029,2642026.0,1e-05,133,1.59835,867.62972,1.1172,0.2684,134,0.70201,1.18502
1786743139.90996,2660340.0,1e-05,134,1.61032,875.33679,1.3051,0.28881,135,0.66317,1.29026
1786743147.60174,2680296.0,1e-05,135,1.62229,883.02854,1.1677,0.27025,136,0.69961,1.20493
1786743155.2619,2700555.0,1e-05,136,1.63426,890.6886,1.1837,0.25361,137,0.6865,1.21199
1786743162.96509,2720884.0,1e-05,137,1.64622,898.39189,1.1588,0.24951,138,0.69334,1.17775
1786743170.41033,2740715.0,1e-05,138,1.65819,905.83705,1.3366,0.28579,139,0.6692,1.29354
1786743176.77025,2760477.0,1e-05,139,1.67016,912.19698,1.3178,0.2592,140,0.66558,1.28211
1786743183.15016,2780888.0,1e-05,140,1.68212,918.57687,1.3076,0.23758,141,0.68118,1.26917
1786743189.43382,2799652.0,1e-05,141,1.69409,924.86051,1.2027,0.27713,142,0.69039,1.19496
1786743195.74223,2818473.0,1e-05,142,1.70606,931.16892,1.2048,0.28049,143,0.69465,1.20761
1786743202.03668,2837263.0,1e-05,143,1.71803,937.46361,1.1565,0.25199,144,0.71869,1.19241
1786743208.3404,2856334.0,1e-05,144,1.72999,943.76711,1.2511,0.25375,145,0.69217,1.24368
1786743214.68758,2877288.0,1e-05,145,1.74196,950.11422,1.1531,0.24291,146,0.7015,1.21255
1786743221.00692,2896809.0,1e-05,146,1.75393,956.43363,1.0898,0.27175,147,0.71779,1.15373
1786743227.30786,2915776.0,0.0,147,1.76589,962.73454,1.2906,0.29682,148,0.67827,1.25007
1786743233.65055,2935333.0,0.0,148,1.77786,969.07727,1.1818,0.26866,149,0.69915,1.17282
1786743239.95873,2954055.0,0.0,149,1.78983,975.3854,1.2066,0.28052,150,0.69305,1.2478
1786743247.51645,2973687.0,0.0,150,1.8018,982.9431,1.158,0.2492,151,0.70191,1.19088
1786743254.81728,2994638.0,0.0,151,1.81376,990.24391,1.1588,0.24206,152,0.70067,1.18838
1786743262.60322,3013092.0,0.0,152,1.82573,998.02987,1.1804,0.27799,153,0.69417,1.23043
1786743268.97709,3033391.0,0.0,153,1.8377,1004.40381,1.1157,0.27711,154,0.69848,1.16855
1786743275.32728,3052095.0,0.0,154,1.84966,1010.75401,1.1615,0.29396,155,0.69672,1.19815
1786743281.66036,3071334.0,0.0,155,1.86163,1017.08705,1.2089,0.28008,156,0.68798,1.23184
1786743288.04208,3090560.0,0.0,156,1.8736,1023.46869,0.9387,0.22955,157,0.76413,1.06423
1786743294.42937,3110172.0,0.0,157,1.88556,1029.85617,1.1508,0.2598,158,0.69536,1.16749
1786743301.0241,3130750.0,0.0,158,1.89753,1036.45093,1.108,0.23396,159,0.71896,1.17701
1786743308.79754,3149430.0,0.0,159,1.9095,1044.22431,1.1148,0.27104,160,0.69605,1.2038
1786743316.5023,3168545.0,0.0,160,1.92147,1051.92892,1.0157,0.26073,161,0.71928,1.14174
1786743324.39619,3186991.0,0.0,161,1.93343,1059.82293,1.1068,0.29365,162,0.70175,1.17872
1786743332.2009,3206635.0,0.0,162,1.9454,1067.62769,1.1775,0.25321,163,0.69329,1.19668
1786743339.55246,3226500.0,0.0,163,1.95737,1074.97914,1.122,0.26834,164,0.68822,1.18313
1786743347.38187,3247817.0,0.0,164,1.96933,1082.80861,1.0701,0.23894,165,0.72049,1.16803
1786743354.99188,3268320.0,0.0,165,1.9813,1090.4185,1.2133,0.25025,166,0.69807,1.22669
1786743361.89765,3288757.0,0.0,166,1.99327,1097.32445,1.2259,0.25884,167,0.69875,1.22025
1786743365.77015,3299950.0,0.0,167,2.0,1101.19686,1.0866,0.33653,168,0.71302,1.1614
1786743366.69857,,,168,2.0,1102.12502,,,168,,
