train/mean_token_accuracy,_runtime,train/loss,train/global_step,train/learning_rate,train/epoch,train/grad_norm,train/num_tokens,_step,_timestamp,train/entropy
0.81877,7.60596,1.4914,1,0.0,0.00811,2.13179,23289.0,0,1786613180.66638,0.58986
0.83024,14.75889,1.1692,2,0.0,0.01622,1.71546,45178.0,1,1786613187.81945,0.57845
0.82866,21.53143,1.2055,3,1e-05,0.02433,1.99975,68764.0,2,1786613194.59213,0.5454
0.80184,28.68695,1.4229,4,1e-05,0.03244,2.10801,91536.0,3,1786613201.74764,0.58491
0.83008,35.76454,1.023,5,2e-05,0.04055,1.70559,116415.0,4,1786613208.82519,0.56512
0.81716,42.26768,1.2418,6,2e-05,0.04866,1.79619,138810.0,5,1786613215.32836,0.57463
0.79132,48.9168,1.4034,7,2e-05,0.05677,2.20753,161704.0,6,1786613221.9775,0.58162
0.83455,56.22662,1.1265,8,3e-05,0.06488,1.85515,183598.0,7,1786613229.28723,0.58959
0.82337,63.26138,1.1035,9,3e-05,0.07299,1.79971,206486.0,8,1786613236.32197,0.60471
0.82607,70.10151,1.13,10,4e-05,0.08109,2.05625,228960.0,9,1786613243.16211,0.58837
0.8574,77.29559,0.9094,11,4e-05,0.0892,1.93998,250441.0,10,1786613250.35625,0.61813
0.85602,83.88878,0.8101,12,4e-05,0.09731,1.67431,273773.0,11,1786613256.94937,0.60421
0.86859,90.37534,0.6867,13,5e-05,0.10542,1.54996,294835.0,12,1786613263.43607,0.66603
0.87235,97.65999,0.5542,14,5e-05,0.11353,1.08639,316324.0,13,1786613270.72062,0.69401
0.88048,105.67538,0.5028,15,6e-05,0.12164,0.97147,337776.0,14,1786613278.73604,0.68565
0.88019,113.75841,0.4747,16,6e-05,0.12975,1.05072,359991.0,15,1786613286.81909,0.73444
0.87494,121.78064,0.433,17,6e-05,0.13786,0.69509,382102.0,16,1786613294.84133,0.75634
0.89656,129.81841,0.3781,18,7e-05,0.14597,0.67043,404962.0,17,1786613302.87902,0.72722
0.88848,137.41536,0.3631,19,7e-05,0.15408,0.81272,426114.0,18,1786613310.47595,0.79555
0.90846,144.23086,0.357,20,8e-05,0.16219,0.48391,448166.0,19,1786613317.29145,0.81789
0.90158,151.09683,0.3863,21,8e-05,0.1703,0.41176,472603.0,20,1786613324.15745,0.76978
0.91362,157.696,0.3657,22,8e-05,0.17841,0.41247,493855.0,21,1786613330.75669,0.82946
0.89928,164.43098,0.367,23,9e-05,0.18652,0.31998,516119.0,22,1786613337.49154,0.83208
0.91818,171.23092,0.3569,24,9e-05,0.19463,0.32351,540250.0,23,1786613344.29159,0.77864
0.92057,177.90746,0.3083,25,0.0001,0.20274,0.30756,561499.0,24,1786613350.96802,0.83335
0.92913,184.63877,0.2748,26,0.0001,0.21085,0.22793,584691.0,25,1786613357.69945,0.82809
0.90636,191.13959,0.3539,27,0.0001,0.21896,0.34855,607319.0,26,1786613364.20013,0.82919
0.9336,197.6983,0.2879,28,0.0001,0.22707,0.35173,628518.0,27,1786613370.75895,0.82549
0.92266,204.302,0.2842,29,0.0001,0.23517,0.30982,651472.0,28,1786613377.36258,0.818
0.9211,210.90128,0.2799,30,0.0001,0.24328,0.38578,673941.0,29,1786613383.96192,0.84993
0.92573,217.43378,0.2789,31,0.0001,0.25139,0.33249,696060.0,30,1786613390.49437,0.82863
0.93434,224.25326,0.2611,32,0.0001,0.2595,0.29736,720414.0,31,1786613397.31386,0.821
0.91376,230.77597,0.2666,33,0.0001,0.26761,0.33479,740557.0,32,1786613403.83654,0.93013
0.93067,237.42451,0.3052,34,0.0001,0.27572,0.36118,763138.0,33,1786613410.48484,0.86805
0.92047,243.91332,0.2559,35,0.0001,0.28383,0.34752,784508.0,34,1786613416.97391,0.85856
0.93755,250.5271,0.2217,36,0.0001,0.29194,0.30941,807390.0,35,1786613423.5877,0.81093
0.923,257.09875,0.321,37,0.0001,0.30005,0.31631,830558.0,36,1786613430.15932,0.79373
0.92734,263.65486,0.2739,38,0.0001,0.30816,0.33983,853029.0,37,1786613436.71544,0.79942
0.94149,270.1588,0.2425,39,0.0001,0.31627,0.30168,873932.0,38,1786613443.21943,0.82786
0.93289,276.78502,0.2557,40,0.0001,0.32438,0.26988,895702.0,39,1786613449.84567,0.81921
0.92189,283.38274,0.2811,41,0.0001,0.33249,0.38032,917151.0,40,1786613456.4433,0.78479
0.92804,290.16281,0.2697,42,0.0001,0.3406,0.27731,939076.0,41,1786613463.22337,0.84508
0.92988,296.8309,0.2329,43,0.0001,0.34871,0.28564,960591.0,42,1786613469.89149,0.83036
0.92862,303.83829,0.2966,44,0.0001,0.35682,0.29084,981313.0,43,1786613476.89887,0.85724
0.89905,310.37093,0.3652,45,0.0001,0.36493,0.37711,1002838.0,44,1786613483.43151,0.85603
0.93649,317.29014,0.2756,46,0.0001,0.37304,0.26612,1028327.0,45,1786613490.35074,0.80646
0.92411,324.09237,0.3867,47,0.0001,0.38115,0.26803,1052673.0,46,1786613497.15295,0.80865
0.92336,330.60502,0.2746,48,0.0001,0.38925,0.33201,1075231.0,47,1786613503.66569,0.83634
0.92952,337.16548,0.2494,49,0.0001,0.39736,0.38198,1095069.0,48,1786613510.22607,0.90957
0.91701,343.70015,0.2978,50,0.0001,0.40547,0.29555,1118028.0,49,1786613516.76073,0.82496
0.94258,352.21874,0.2221,51,0.0001,0.41358,0.25177,1140444.0,50,1786613525.27924,0.83888
0.92497,358.78365,0.2733,52,0.0001,0.42169,0.32348,1160818.0,51,1786613531.84423,0.85665
0.93056,365.18603,0.2422,53,0.0001,0.4298,0.32545,1182692.0,52,1786613538.2466,0.81803
0.93497,371.78632,0.2193,54,0.0001,0.43791,0.27132,1205445.0,53,1786613544.84689,0.78147
0.92934,378.42361,0.2246,55,0.0001,0.44602,0.27901,1227599.0,54,1786613551.48418,0.77646
0.93198,384.86372,0.2204,56,0.0001,0.45413,0.31204,1248218.0,55,1786613557.92424,0.81318
0.94104,391.58039,0.2045,57,0.0001,0.46224,0.27807,1270411.0,56,1786613564.641,0.75384
0.92097,398.39181,0.2745,58,0.0001,0.47035,0.27298,1295083.0,57,1786613571.45235,0.74223
0.93123,404.81233,0.2374,59,9e-05,0.47846,0.31987,1316199.0,58,1786613577.87291,0.78631
0.94211,411.46098,0.2055,60,9e-05,0.48657,0.23453,1339238.0,59,1786613584.52157,0.76456
0.94291,418.13496,0.2297,61,9e-05,0.49468,0.24239,1361423.0,60,1786613591.19554,0.78074
0.92347,424.78512,0.2209,62,9e-05,0.50279,0.28041,1385744.0,61,1786613597.84571,0.73356
0.93511,431.17641,0.2421,63,9e-05,0.5109,0.34029,1407436.0,62,1786613604.23677,0.77011
0.90937,437.83224,0.2906,64,9e-05,0.51901,0.28829,1429713.0,63,1786613610.89284,0.79731
0.92135,444.65144,0.2674,65,9e-05,0.52712,0.22337,1455792.0,64,1786613617.71202,0.72644
0.92196,451.20803,0.2744,66,9e-05,0.53523,0.31141,1477541.0,65,1786613624.26874,0.80285
0.9303,457.7563,0.3072,67,9e-05,0.54334,0.28335,1499246.0,66,1786613630.81686,0.82036
0.94063,464.30151,0.2337,68,9e-05,0.55144,0.29587,1521009.0,67,1786613637.36213,0.78526
0.92612,471.23761,0.2204,69,9e-05,0.55955,0.23401,1544596.0,68,1786613644.29825,0.77827
0.92865,477.94368,0.2763,70,9e-05,0.56766,0.25832,1568099.0,69,1786613651.00424,0.78885
0.95165,484.52787,0.1862,71,9e-05,0.57577,0.27564,1591554.0,70,1786613657.58843,0.7521
0.93134,491.1101,0.2852,72,9e-05,0.58388,0.27633,1613707.0,71,1786613664.17074,0.81831
0.93511,497.65579,0.2261,73,9e-05,0.59199,0.29811,1636403.0,72,1786613670.71635,0.76123
0.93597,504.18193,0.2304,74,9e-05,0.6001,0.26037,1659242.0,73,1786613677.24252,0.79229
0.95015,510.7738,0.1826,75,9e-05,0.60821,0.26922,1682003.0,74,1786613683.83447,0.75805
0.93538,517.37959,0.2476,76,9e-05,0.61632,0.26162,1704447.0,75,1786613690.44016,0.76922
0.92297,523.98357,0.2828,77,9e-05,0.62443,0.30427,1726654.0,76,1786613697.04413,0.79413
0.93335,530.47365,0.2861,78,9e-05,0.63254,0.30621,1749127.0,77,1786613703.53425,0.76893
0.91545,537.15874,0.2817,79,9e-05,0.64065,0.29497,1772258.0,78,1786613710.21916,0.78439
0.93355,543.7578,0.2323,80,9e-05,0.64876,0.30221,1794985.0,79,1786613716.8174,0.77576
0.93646,550.28592,0.2106,81,9e-05,0.65687,0.32548,1816418.0,80,1786613723.34646,0.81428
0.93356,556.75216,0.2168,82,9e-05,0.66498,0.24221,1840473.0,81,1786613729.81282,0.75733
0.9302,563.17419,0.2395,83,8e-05,0.67309,0.28291,1862799.0,82,1786613736.23466,0.8103
0.93323,570.08482,0.227,84,8e-05,0.6812,0.26004,1888740.0,83,1786613743.14539,0.74829
0.94581,576.72341,0.2077,85,8e-05,0.68931,0.30269,1911758.0,84,1786613749.78398,0.7601
0.9379,583.53392,0.2092,86,8e-05,0.69742,0.21488,1936690.0,85,1786613756.59446,0.74095
0.94619,590.07394,0.2166,87,8e-05,0.70552,0.28399,1958632.0,86,1786613763.13448,0.78048
0.94088,596.54869,0.1966,88,8e-05,0.71363,0.28443,1980858.0,87,1786613769.60923,0.76555
0.9266,603.10938,0.2565,89,8e-05,0.72174,0.24652,2003631.0,88,1786613776.17006,0.74572
0.95269,609.61172,0.1766,90,8e-05,0.72985,0.3013,2025528.0,89,1786613782.67231,0.75981
0.93011,616.26629,0.2822,91,8e-05,0.73796,0.29406,2049014.0,90,1786613789.32695,0.74785
0.93962,623.08204,0.2196,92,8e-05,0.74607,0.28044,2072638.0,91,1786613796.14262,0.76268
0.93326,629.53309,0.23,93,8e-05,0.75418,0.33569,2094845.0,92,1786613802.59366,0.72074
0.93594,635.94608,0.2754,94,8e-05,0.76229,0.27989,2115300.0,93,1786613809.00667,0.79346
0.92687,642.46589,0.3212,95,8e-05,0.7704,0.34118,2137628.0,94,1786613815.52645,0.76456
0.93878,649.18702,0.2512,96,8e-05,0.77851,0.28508,2160627.0,95,1786613822.24761,0.73828
0.93223,655.88655,0.2289,97,8e-05,0.78662,0.28987,2184190.0,96,1786613828.94709,0.75709
0.93907,662.27302,0.2282,98,8e-05,0.79473,0.28445,2205321.0,97,1786613835.3336,0.79286
0.94362,668.83657,0.1898,99,8e-05,0.80284,0.29423,2227057.0,98,1786613841.8971,0.77698
0.95291,675.68562,0.2066,100,8e-05,0.81095,0.25901,2250546.0,99,1786613848.74634,0.76266
0.94222,684.0738,0.2132,101,7e-05,0.81906,0.27009,2271650.0,100,1786613857.13437,0.76962
0.91224,690.65628,0.4206,102,7e-05,0.82717,0.28103,2295133.0,101,1786613863.71699,0.7849
0.92319,697.2027,0.2572,103,7e-05,0.83528,0.27614,2316896.0,102,1786613870.26325,0.81666
0.93946,703.73749,0.2683,104,7e-05,0.84339,0.2973,2338755.0,103,1786613876.79805,0.79843
0.93358,710.38825,0.2153,105,7e-05,0.8515,0.24659,2362833.0,104,1786613883.44873,0.76612
0.92959,717.53655,0.2435,106,7e-05,0.8596,0.26076,2384699.0,105,1786613890.5971,0.7987
0.93708,725.561,0.1951,107,7e-05,0.86771,0.25306,2406314.0,106,1786613898.62144,0.78796
0.9207,733.32659,0.3786,108,7e-05,0.87582,0.27169,2429668.0,107,1786613906.38693,0.77276
0.94399,740.73641,0.1798,109,7e-05,0.88393,0.24467,2454069.0,108,1786613913.797,0.74458
0.93643,747.20814,0.2325,110,7e-05,0.89204,0.30534,2476815.0,109,1786613920.26873,0.75453
0.936,753.83154,0.2073,111,7e-05,0.90015,0.28161,2500642.0,110,1786613926.89208,0.7331
0.94805,760.27583,0.1741,112,7e-05,0.90826,0.29003,2521756.0,111,1786613933.3364,0.75713
0.90948,766.7864,0.298,113,7e-05,0.91637,0.37321,2542650.0,112,1786613939.84706,0.77988
0.92822,773.49397,0.2679,114,7e-05,0.92448,0.27981,2567370.0,113,1786613946.55446,0.71318
0.94656,780.12442,0.2234,115,7e-05,0.93259,0.30962,2589464.0,114,1786613953.18504,0.79964
0.93779,786.8488,0.2722,116,6e-05,0.9407,0.26496,2612955.0,115,1786613959.90921,0.76276
0.94493,793.41369,0.1887,117,6e-05,0.94881,0.30848,2636005.0,116,1786613966.47423,0.75947
0.94231,799.85427,0.2093,118,6e-05,0.95692,0.2918,2656507.0,117,1786613972.91485,0.77453
0.94259,806.34994,0.1926,119,6e-05,0.96503,0.28615,2679182.0,118,1786613979.41051,0.73612
0.93387,812.76172,0.2289,120,6e-05,0.97314,0.30942,2699536.0,119,1786613985.8223,0.85642
0.93773,819.20488,0.2233,121,6e-05,0.98125,0.28306,2721069.0,120,1786613992.26545,0.77217
0.94993,825.70874,0.1864,122,6e-05,0.98936,0.31849,2742929.0,121,1786613998.76945,0.75708
0.95619,832.41908,0.1666,123,6e-05,0.99747,0.21877,2767552.0,122,1786614005.47968,0.74614
0.94542,834.42942,0.1763,124,6e-05,1.0,0.43865,2773664.0,123,1786614007.48994,0.75783
0.94731,840.84923,0.1759,125,6e-05,1.00811,0.2805,2795534.0,124,1786614013.90994,0.76112
0.92673,847.34249,0.2575,126,6e-05,1.01622,0.24888,2817753.0,125,1786614020.40304,0.77742
0.93926,853.80054,0.2337,127,6e-05,1.02433,0.25749,2839609.0,126,1786614026.861,0.77645
0.94367,860.20574,0.1732,128,6e-05,1.03244,0.245,2861563.0,127,1786614033.26638,0.74583
0.9476,867.12583,0.1547,129,6e-05,1.04055,0.31258,2883623.0,128,1786614040.18641,0.77
0.9442,875.24616,0.1917,130,6e-05,1.04866,0.30815,2905425.0,129,1786614048.30672,0.76713
0.93207,881.7236,0.2388,131,5e-05,1.05677,0.28504,2927523.0,130,1786614054.78418,0.74864
0.9464,888.26622,0.1785,132,5e-05,1.06488,0.30851,2948690.0,131,1786614061.3268,0.75703
0.94466,896.02884,0.1835,133,5e-05,1.07299,0.26523,2970597.0,132,1786614069.08924,0.73504
0.92663,903.82949,0.246,134,5e-05,1.08109,0.35052,2994012.0,133,1786614076.89007,0.70729
0.93648,911.66426,0.2888,135,5e-05,1.0892,0.28634,3015758.0,134,1786614084.72483,0.73078
0.94796,919.40511,0.1606,136,5e-05,1.09731,0.25038,3039275.0,135,1786614092.4656,0.71604
0.92885,926.02214,0.2449,137,5e-05,1.10542,0.33438,3061726.0,136,1786614099.08283,0.75226
0.94334,932.47436,0.1842,138,5e-05,1.11353,0.32741,3083801.0,137,1786614105.53503,0.737
0.94273,938.88809,0.2117,139,5e-05,1.12164,0.28277,3104558.0,138,1786614111.94867,0.75226
0.93808,945.39312,0.2231,140,5e-05,1.12975,0.31262,3127155.0,139,1786614118.45384,0.71875
0.95489,952.05313,0.1509,141,5e-05,1.13786,0.31364,3150937.0,140,1786614125.11373,0.70721
0.95064,958.59294,0.2031,142,5e-05,1.14597,0.30699,3172260.0,141,1786614131.65352,0.7256
0.95494,965.59202,0.1704,143,5e-05,1.15408,0.31345,3194074.0,142,1786614138.65252,0.73681
0.93505,972.99083,0.2174,144,5e-05,1.16219,0.36035,3214668.0,143,1786614146.05124,0.78055
0.94098,981.22551,0.2091,145,4e-05,1.1703,0.33267,3237875.0,144,1786614154.28594,0.72512
0.9547,989.48865,0.1724,146,4e-05,1.17841,0.29696,3258911.0,145,1786614162.54912,0.76236
0.95401,997.43803,0.23,147,4e-05,1.18652,0.26417,3281634.0,146,1786614170.49852,0.72703
0.93906,1004.81313,0.2074,148,4e-05,1.19463,0.27885,3304656.0,147,1786614177.87371,0.73591
0.95452,1011.34685,0.1725,149,4e-05,1.20274,0.29559,3326793.0,148,1786614184.40741,0.73062
0.95037,1018.58218,0.2112,150,4e-05,1.21085,0.26013,3350241.0,149,1786614191.64266,0.71167
0.94183,1027.70972,0.2209,151,4e-05,1.21896,0.27763,3372216.0,150,1786614200.77034,0.75704
0.93273,1034.52674,0.2339,152,4e-05,1.22707,0.27844,3395224.0,151,1786614207.58732,0.74869
0.95158,1040.72039,0.1605,153,4e-05,1.23517,0.28115,3415585.0,152,1786614213.78098,0.73975
0.94813,1047.15804,0.1806,154,4e-05,1.24328,0.31946,3438759.0,153,1786614220.21864,0.70151
0.95423,1053.41614,0.1789,155,4e-05,1.25139,0.28935,3461232.0,154,1786614226.47675,0.73309
0.95021,1059.55699,0.201,156,4e-05,1.2595,0.29546,3483175.0,155,1786614232.61748,0.70073
0.94132,1065.76961,0.2415,157,4e-05,1.26761,0.32635,3504568.0,156,1786614238.83017,0.75532
0.93591,1072.09216,0.2147,158,4e-05,1.27572,0.2951,3527263.0,157,1786614245.15276,0.75409
0.94978,1078.54503,0.2127,159,4e-05,1.28383,0.35873,3549384.0,158,1786614251.6056,0.72348
0.9457,1085.15413,0.2051,160,3e-05,1.29194,0.33847,3570515.0,159,1786614258.21472,0.75875
0.9547,1092.16086,0.1637,161,3e-05,1.30005,0.32924,3591394.0,160,1786614265.22144,0.7508
0.94018,1100.26314,0.1874,162,3e-05,1.30816,0.31097,3613793.0,161,1786614273.32362,0.71482
0.95931,1107.69772,0.1418,163,3e-05,1.31627,0.28375,3636048.0,162,1786614280.7583,0.714
0.94833,1114.08006,0.187,164,3e-05,1.32438,0.32563,3656165.0,163,1786614287.14057,0.7355
0.9545,1122.07907,0.1886,165,3e-05,1.33249,0.28789,3678226.0,164,1786614295.13957,0.70528
0.95201,1129.83199,0.1711,166,3e-05,1.3406,0.27533,3701820.0,165,1786614302.89258,0.69818
0.92534,1136.38919,0.2613,167,3e-05,1.34871,0.30168,3725384.0,166,1786614309.44979,0.7166
0.93982,1142.95769,0.1959,168,3e-05,1.35682,0.30192,3747212.0,167,1786614316.01826,0.73032
0.94354,1149.39428,0.1707,169,3e-05,1.36493,0.3265,3767163.0,168,1786614322.45483,0.76012
0.96373,1156.0165,0.1395,170,3e-05,1.37304,0.30572,3789410.0,169,1786614329.07718,0.74021
0.92976,1162.54238,0.3676,171,3e-05,1.38115,0.32394,3812030.0,170,1786614335.60296,0.73657
0.94312,1169.11316,0.2217,172,3e-05,1.38925,0.42236,3835188.0,171,1786614342.17376,0.71548
0.93597,1175.64848,0.3115,173,3e-05,1.39736,0.2987,3857080.0,172,1786614348.70905,0.75608
0.94627,1182.26988,0.153,174,3e-05,1.40547,0.25633,3880182.0,173,1786614355.33044,0.72552
0.9446,1188.8082,0.2369,175,2e-05,1.41358,0.33836,3902748.0,174,1786614361.86878,0.75279
0.95063,1195.43398,0.15,176,2e-05,1.42169,0.26545,3926374.0,175,1786614368.49448,0.70952
0.94421,1201.912,0.2107,177,2e-05,1.4298,0.2823,3949633.0,176,1786614374.9727,0.70155
0.94162,1208.32575,0.2127,178,2e-05,1.43791,0.3549,3971817.0,177,1786614381.38631,0.73244
0.94845,1214.95471,0.1736,179,2e-05,1.44602,0.26928,3994856.0,178,1786614388.01528,0.72671
0.95158,1221.68632,0.1674,180,2e-05,1.45413,0.31125,4019929.0,179,1786614394.7469,0.70749
0.96342,1228.24469,0.129,181,2e-05,1.46224,0.27896,4042319.0,180,1786614401.30527,0.71435
0.94523,1234.8419,0.2197,182,2e-05,1.47035,0.28283,4065245.0,181,1786614407.90246,0.7571
0.94516,1241.24693,0.1956,183,2e-05,1.47846,0.33851,4086647.0,182,1786614414.30749,0.72253
0.94284,1247.90903,0.2049,184,2e-05,1.48657,0.36635,4109153.0,183,1786614420.96974,0.70723
0.94534,1254.49498,0.1779,185,2e-05,1.49468,0.28469,4132123.0,184,1786614427.55556,0.69804
0.95757,1261.01761,0.1383,186,2e-05,1.50279,0.30216,4154123.0,185,1786614434.07831,0.70573
0.95084,1267.63098,0.1508,187,2e-05,1.5109,0.2444,4177882.0,186,1786614440.69155,0.6751
0.95061,1274.13126,0.1809,188,2e-05,1.51901,0.30413,4199848.0,187,1786614447.19186,0.73016
0.94004,1280.89039,0.2194,189,2e-05,1.52712,0.2937,4225250.0,188,1786614453.95098,0.69001
0.94549,1287.41703,0.2065,190,2e-05,1.53523,0.36307,4246944.0,189,1786614460.47762,0.73651
0.94628,1293.83001,0.1763,191,2e-05,1.54334,0.38038,4266974.0,190,1786614466.8906,0.74365
0.94787,1300.06631,0.1871,192,2e-05,1.55144,0.38877,4286815.0,191,1786614473.12679,0.76932
0.95784,1306.60782,0.1453,193,1e-05,1.55955,0.30854,4308516.0,192,1786614479.66855,0.72616
0.94098,1313.16811,0.2511,194,1e-05,1.56766,0.30314,4331750.0,193,1786614486.22873,0.71349
0.94121,1319.86753,0.2662,195,1e-05,1.57577,0.28343,4356917.0,194,1786614492.92808,0.69608
0.94514,1326.59392,0.1961,196,1e-05,1.58388,0.28624,4381830.0,195,1786614499.65439,0.67495
0.93374,1332.98545,0.1963,197,1e-05,1.59199,0.32038,4402922.0,196,1786614506.04605,0.71923
0.94944,1339.53547,0.2138,198,1e-05,1.6001,0.32711,4424466.0,197,1786614512.59608,0.71813
0.94588,1346.22604,0.1933,199,1e-05,1.60821,0.2594,4447141.0,198,1786614519.2866,0.74742
0.93951,1352.75895,0.1904,200,1e-05,1.61632,0.2961,4470084.0,199,1786614525.81952,0.70974
0.94844,1361.12977,0.1883,201,1e-05,1.62443,0.31767,4493012.0,200,1786614534.19034,0.68323
0.94953,1367.54309,0.1858,202,1e-05,1.63254,0.31182,4513904.0,201,1786614540.60381,0.72796
0.9429,1373.95926,0.1653,203,1e-05,1.64065,0.34212,4535130.0,202,1786614547.01984,0.72054
0.94579,1380.51577,0.1664,204,1e-05,1.64876,0.2921,4558171.0,203,1786614553.57641,0.72346
0.95642,1386.93137,0.1395,205,1e-05,1.65687,0.36982,4578166.0,204,1786614559.99196,0.76858
0.94078,1393.62641,0.2136,206,1e-05,1.66498,0.27792,4603002.0,205,1786614566.68698,0.66449
0.94205,1400.0828,0.2255,207,1e-05,1.67309,0.36998,4624106.0,206,1786614573.14339,0.73615
0.95086,1406.57878,0.1733,208,1e-05,1.6812,0.31433,4646509.0,207,1786614579.63928,0.72471
0.94726,1413.2071,0.1913,209,1e-05,1.68931,0.33231,4669044.0,208,1786614586.26769,0.74898
0.95243,1419.81032,0.1767,210,1e-05,1.69742,0.29622,4692785.0,209,1786614592.87094,0.70742
0.93675,1426.43635,0.2535,211,1e-05,1.70552,0.36029,4715689.0,210,1786614599.49703,0.72335
0.94151,1433.09359,0.2148,212,1e-05,1.71363,0.36639,4738681.0,211,1786614606.15414,0.72993
0.94534,1439.5253,0.2415,213,1e-05,1.72174,0.32748,4759470.0,212,1786614612.58589,0.75516
0.95538,1445.96717,0.1949,214,1e-05,1.72985,0.39115,4781242.0,213,1786614619.0275,0.75287
0.96035,1452.41122,0.1195,215,1e-05,1.73796,0.28952,4803686.0,214,1786614625.47179,0.71342
0.9502,1459.08069,0.2456,216,1e-05,1.74607,0.34186,4824004.0,215,1786614632.14126,0.78128
0.93541,1465.61074,0.2487,217,0.0,1.75418,0.31744,4845705.0,216,1786614638.67131,0.73721
0.94396,1472.19783,0.249,218,0.0,1.76229,0.33088,4868555.0,217,1786614645.2584,0.71393
0.95507,1478.8217,0.1641,219,0.0,1.7704,0.28049,4892608.0,218,1786614651.88223,0.70026
0.94494,1485.4765,0.2028,220,0.0,1.77851,0.25218,4916873.0,219,1786614658.53724,0.69159
0.93815,1491.9328,0.2103,221,0.0,1.78662,0.31142,4938481.0,220,1786614664.99337,0.75315
0.95262,1498.45001,0.1903,222,0.0,1.79473,0.36192,4959874.0,221,1786614671.51063,0.72324
0.94549,1505.13685,0.2096,223,0.0,1.80284,0.28865,4983937.0,222,1786614678.19745,0.67797
0.9432,1511.749,0.1857,224,0.0,1.81095,0.27179,5007807.0,223,1786614684.80957,0.67642
0.94679,1518.23819,0.1589,225,0.0,1.81906,0.28952,5031410.0,224,1786614691.29885,0.6773
0.9516,1526.29259,0.1843,226,0.0,1.82717,0.30452,5055178.0,225,1786614699.3531,0.71
0.95544,1534.12396,0.1544,227,0.0,1.83528,0.28991,5079220.0,226,1786614707.18454,0.70055
0.94902,1541.95481,0.2094,228,0.0,1.84339,0.27911,5102935.0,227,1786614715.01536,0.69373
0.94628,1549.26057,0.1777,229,0.0,1.8515,0.29674,5127519.0,228,1786614722.32109,0.6678
0.95536,1556.22947,0.1733,230,0.0,1.8596,0.27754,5151445.0,229,1786614729.29005,0.70336
0.94207,1564.24424,0.2546,231,0.0,1.86771,0.29602,5175207.0,230,1786614737.30473,0.71434
0.9609,1572.29005,0.1518,232,0.0,1.87582,0.29801,5197714.0,231,1786614745.35053,0.70562
0.94135,1580.24021,0.1759,233,0.0,1.88393,0.32072,5221830.0,232,1786614753.30069,0.69462
0.93908,1588.43674,0.3633,234,0.0,1.89204,0.43976,5243516.0,233,1786614761.49722,0.72121
0.94103,1596.64259,0.194,235,0.0,1.90015,0.30445,5266775.0,234,1786614769.70309,0.70656
0.95286,1604.9565,0.185,236,0.0,1.90826,0.29835,5290522.0,235,1786614778.01699,0.68783
0.9383,1612.7751,0.2376,237,0.0,1.91637,0.33689,5311754.0,236,1786614785.83567,0.74468
0.93963,1620.59138,0.2052,238,0.0,1.92448,0.31525,5333960.0,237,1786614793.652,0.71373
0.95247,1628.442,0.1875,239,0.0,1.93259,0.36174,5355679.0,238,1786614801.50258,0.71167
0.94033,1636.19034,0.1943,240,0.0,1.9407,0.30059,5377993.0,239,1786614809.25103,0.73509
0.95083,1643.35084,0.1825,241,0.0,1.94881,0.32036,5401355.0,240,1786614816.41139,0.6892
0.9539,1650.86983,0.1814,242,0.0,1.95692,0.33362,5423219.0,241,1786614823.93038,0.70436
0.95173,1659.11198,0.1566,243,0.0,1.96503,0.27501,5446765.0,242,1786614832.17243,0.68402
0.94557,1666.76597,0.1876,244,0.0,1.97314,0.30198,5468862.0,243,1786614839.82663,0.72563
0.95832,1675.12116,0.1792,245,0.0,1.98125,0.24806,5492549.0,244,1786614848.18157,0.70089
0.94445,1682.10852,0.193,246,0.0,1.98936,0.29891,5515479.0,245,1786614855.16916,0.70113
0.95176,1688.71206,0.1769,247,0.0,1.99747,0.29954,5540052.0,246,1786614861.77266,0.68898
0.95516,1690.79556,0.1817,248,0.0,2.0,0.46971,5547328.0,247,1786614863.85627,0.69487
,1692.72972,,248,,2.0,,,248,1786614865.79054,
