train/num_tokens,train/global_step,train/mean_token_accuracy,_step,_runtime,train/grad_norm,train/entropy,_timestamp,train/loss,train/epoch,train/learning_rate
19178.0,1,0.64369,0,7.97376,1.22913,1.06415,1786745287.74155,1.5614,0.01197,0.0
38798.0,2,0.65952,1,15.44984,1.12876,1.04725,1786745295.21806,1.4263,0.02393,1e-05
59230.0,3,0.64441,2,23.26147,1.04602,1.1022,1786745303.02946,1.4852,0.0359,1e-05
77878.0,4,0.67181,3,31.40774,0.91242,1.02611,1786745311.17593,1.3517,0.04787,2e-05
95585.0,5,0.65548,4,39.91559,0.72392,1.1143,1786745319.68358,1.3689,0.05984,2e-05
115466.0,6,0.68508,5,48.39112,0.46805,1.05527,1786745328.15915,1.2468,0.0718,3e-05
136105.0,7,0.66984,6,56.44304,0.35018,1.15784,1786745336.21109,1.3441,0.08377,4e-05
156682.0,8,0.66737,7,64.55952,0.28415,1.17884,1786745344.32759,1.3738,0.09574,4e-05
176218.0,9,0.66931,8,72.58194,0.24342,1.24477,1786745352.35011,1.3368,0.1077,5e-05
196345.0,10,0.67797,9,80.62567,0.24633,1.25901,1786745360.39376,1.2764,0.11967,5e-05
217709.0,11,0.65065,10,88.6602,0.31279,1.34555,1786745368.42835,1.3921,0.13164,6e-05
238393.0,12,0.65128,11,96.89787,0.33088,1.35921,1786745376.66598,1.4038,0.14361,6e-05
256951.0,13,0.68645,12,104.09239,0.39341,1.30769,1786745383.86046,1.1746,0.15557,7e-05
275056.0,14,0.69272,13,109.88406,0.27795,1.27171,1786745389.65211,1.2095,0.16754,8e-05
294518.0,15,0.66996,14,116.33903,0.27078,1.36808,1786745396.1071,1.3522,0.17951,8e-05
313825.0,16,0.6654,15,122.75077,0.22911,1.34809,1786745402.51884,1.3273,0.19147,9e-05
332571.0,17,0.67687,16,129.18812,0.22111,1.27316,1786745408.95627,1.2197,0.20344,9e-05
352261.0,18,0.65926,17,135.65952,0.21989,1.37766,1786745415.42767,1.3713,0.21541,0.0001
374947.0,19,0.66645,18,142.3547,0.20717,1.35309,1786745422.12276,1.6488,0.22737,0.0001
393942.0,20,0.67138,19,148.7549,0.23177,1.27581,1786745428.52306,1.284,0.23934,0.0001
415513.0,21,0.65882,20,155.25192,0.22436,1.28466,1786745435.01997,1.3712,0.25131,0.0001
435639.0,22,0.66546,21,161.7088,0.25191,1.23713,1786745441.47698,1.3521,0.26328,0.0001
455250.0,23,0.71781,22,168.12147,0.19874,1.14051,1786745447.88955,1.093,0.27524,0.0001
475540.0,24,0.65261,23,174.62656,0.22321,1.29972,1786745454.3946,1.4254,0.28721,0.0001
496591.0,25,0.68851,24,181.17801,0.19147,1.16083,1786745460.94618,1.2477,0.29918,0.0001
517432.0,26,0.67388,25,188.11395,0.17496,1.2446,1786745467.88199,1.3149,0.31114,0.0001
536624.0,27,0.69087,26,195.92622,0.17395,1.20089,1786745475.69434,1.2,0.32311,0.0001
556190.0,28,0.72714,27,203.63713,0.17921,1.1892,1786745483.40517,1.1317,0.33508,0.0001
577286.0,29,0.70429,28,210.67564,0.19739,1.23828,1786745490.44385,1.2198,0.34705,0.0001
598510.0,30,0.70109,29,217.7326,0.18767,1.22306,1786745497.50069,1.2048,0.35901,0.0001
618133.0,31,0.68246,30,224.86252,0.20017,1.23748,1786745504.63071,1.1781,0.37098,0.0001
639219.0,32,0.66374,31,231.36807,0.20416,1.31577,1786745511.13623,1.3555,0.38295,0.0001
658735.0,33,0.71248,32,237.87746,0.18303,1.17185,1786745517.64545,1.0759,0.39491,0.0001
676966.0,34,0.70157,33,244.30775,0.18216,1.21212,1786745524.07576,1.1469,0.40688,0.0001
696376.0,35,0.68633,34,250.77447,0.17882,1.25554,1786745530.54254,1.2327,0.41885,0.0001
714572.0,36,0.69579,35,257.20143,0.20135,1.20357,1786745536.96956,1.1604,0.43082,0.0001
734141.0,37,0.6646,36,263.64864,0.20911,1.29757,1786745543.41672,1.4079,0.44278,0.0001
754898.0,38,0.69874,37,270.15416,0.17358,1.1586,1786745549.92231,1.1382,0.45475,0.0001
774515.0,39,0.7165,38,276.67795,0.165,1.14676,1786745556.44601,1.0349,0.46672,0.0001
794194.0,40,0.68334,39,284.4338,0.1849,1.25466,1786745564.20187,1.1956,0.47868,9e-05
813144.0,41,0.6901,40,291.12087,0.19311,1.21688,1786745570.88896,1.1907,0.49065,9e-05
832630.0,42,0.68802,41,297.50285,0.17324,1.26239,1786745577.27093,1.2228,0.50262,9e-05
852809.0,43,0.6726,42,304.10708,0.17948,1.26913,1786745583.87514,1.2776,0.51458,9e-05
873858.0,44,0.68455,43,311.51222,0.1801,1.19908,1786745591.2803,1.2309,0.52655,9e-05
892801.0,45,0.68697,44,319.41967,0.18638,1.23533,1786745599.18772,1.2714,0.53852,9e-05
911422.0,46,0.67116,45,327.21809,0.21198,1.30042,1786745606.98613,1.2834,0.55049,9e-05
930469.0,47,0.65778,46,334.94479,0.21209,1.30441,1786745614.71287,1.3466,0.56245,9e-05
949990.0,48,0.68663,47,342.59744,0.19568,1.25928,1786745622.36542,1.1848,0.57442,9e-05
968552.0,49,0.67013,48,350.55182,0.21512,1.28454,1786745630.3198,1.2619,0.58639,9e-05
988970.0,50,0.66628,49,357.97837,0.18163,1.31325,1786745637.74638,1.3197,0.59835,9e-05
1009715.0,51,0.67774,50,366.79406,0.18493,1.29555,1786745646.56209,1.3086,0.61032,9e-05
1029051.0,52,0.66615,51,373.70049,0.21733,1.29256,1786745653.46858,1.3306,0.62229,9e-05
1049038.0,53,0.725,52,380.78326,0.17618,1.16655,1786745660.55133,1.1178,0.63426,9e-05
1068999.0,54,0.69952,53,387.23125,0.1873,1.20095,1786745666.99935,1.1969,0.64622,9e-05
1088678.0,55,0.68692,54,393.26907,0.20109,1.17824,1786745673.03719,1.2,0.65819,9e-05
1108408.0,56,0.7006,55,399.25551,0.1997,1.16933,1786745679.02366,1.1076,0.67016,9e-05
1128100.0,57,0.70378,56,405.29604,0.21161,1.16389,1786745685.06423,1.1825,0.68212,8e-05
1148551.0,58,0.67774,57,412.26372,0.18931,1.23471,1786745692.03177,1.2085,0.69409,8e-05
1167945.0,59,0.68024,58,419.15389,0.2106,1.25966,1786745698.92201,1.2082,0.70606,8e-05
1188598.0,60,0.67828,59,426.0951,0.20278,1.28784,1786745705.86316,1.3023,0.71803,8e-05
1207485.0,61,0.70784,60,433.09805,0.20989,1.17397,1786745712.86612,1.0458,0.72999,8e-05
1228516.0,62,0.65031,61,440.15095,0.21718,1.331,1786745719.91894,1.4175,0.74196,8e-05
1247840.0,63,0.71349,62,447.16043,0.1929,1.23403,1786745726.92852,1.2026,0.75393,8e-05
1268209.0,64,0.68833,63,454.07189,0.19444,1.23213,1786745733.83998,1.1587,0.76589,8e-05
1287965.0,65,0.69376,64,460.44949,0.21421,1.24285,1786745740.21755,1.1709,0.77786,8e-05
1306804.0,66,0.68733,65,466.84007,0.20485,1.25906,1786745746.60815,1.1997,0.78983,8e-05
1326236.0,67,0.72979,66,473.99944,0.19511,1.16876,1786745753.76751,1.0917,0.8018,8e-05
1342980.0,68,0.69811,67,481.3802,0.24861,1.21123,1786745761.14821,1.1461,0.81376,8e-05
1363972.0,69,0.65576,68,489.12151,0.20102,1.31358,1786745768.88956,1.3861,0.82573,7e-05
1381637.0,70,0.70413,69,496.02427,0.22518,1.20936,1786745775.79248,1.0851,0.8377,7e-05
1400859.0,71,0.70385,70,502.45678,0.20751,1.20377,1786745782.22486,1.1451,0.84966,7e-05
1419351.0,72,0.68663,71,508.82683,0.23294,1.24872,1786745788.59491,1.2556,0.86163,7e-05
1437571.0,73,0.67077,72,515.21434,0.24623,1.27364,1786745794.98238,1.3059,0.8736,7e-05
1457165.0,74,0.70105,73,521.59676,0.20247,1.18965,1786745801.36486,1.1017,0.88556,7e-05
1478027.0,75,0.66975,74,528.15518,0.21594,1.32159,1786745807.92324,1.6263,0.89753,7e-05
1499730.0,76,0.69048,75,534.54116,0.22033,1.22904,1786745814.30919,1.1524,0.9095,7e-05
1518925.0,77,0.70266,76,540.89399,0.21853,1.21908,1786745820.66218,1.1957,0.92147,7e-05
1539127.0,78,0.68797,77,547.10079,0.21564,1.28965,1786745826.86865,1.1824,0.93343,7e-05
1558934.0,79,0.71361,78,553.1465,0.20617,1.18858,1786745832.91458,1.2328,0.9454,6e-05
1579406.0,80,0.70621,79,559.34052,0.21149,1.20723,1786745839.10849,1.1396,0.95737,6e-05
1600094.0,81,0.65807,80,566.40383,0.21687,1.32237,1786745846.1719,1.3561,0.96933,6e-05
1619831.0,82,0.69363,81,573.72742,0.22151,1.23216,1786745853.49552,1.1646,0.9813,6e-05
1639736.0,83,0.70034,82,581.64151,0.21184,1.23828,1786745861.40941,1.2044,0.99327,6e-05
1649975.0,84,0.71432,83,586.23514,0.28631,1.1699,1786745866.00318,1.0559,1.0,6e-05
1669953.0,85,0.66983,84,594.04044,0.23846,1.1981,1786745873.80841,1.2633,1.01197,6e-05
1688322.0,86,0.69938,85,601.89789,0.22616,1.20631,1786745881.66596,1.1813,1.02393,6e-05
1707256.0,87,0.69538,86,609.68617,0.22021,1.19748,1786745889.45418,1.1376,1.0359,6e-05
1725214.0,88,0.73986,87,617.5262,0.22158,1.12195,1786745897.29424,0.9935,1.04787,6e-05
1743907.0,89,0.69211,88,625.32142,0.22435,1.20828,1786745905.08939,1.1828,1.05984,5e-05
1764510.0,90,0.67464,89,633.19309,0.22811,1.20166,1786745912.96109,1.306,1.0718,5e-05
1784814.0,91,0.65526,90,640.84284,0.24146,1.28254,1786745920.61084,1.3616,1.08377,5e-05
1805549.0,92,0.68439,91,648.72062,0.22733,1.23488,1786745928.4887,1.2083,1.09574,5e-05
1824471.0,93,0.70878,92,656.4813,0.23033,1.17445,1786745936.24935,1.1524,1.1077,5e-05
1844249.0,94,0.69935,93,662.96071,0.2218,1.21892,1786745942.72891,1.1306,1.11967,5e-05
1864812.0,95,0.6916,94,669.35937,0.23745,1.26424,1786745949.12743,1.192,1.13164,5e-05
1885702.0,96,0.70285,95,675.82702,0.21672,1.1874,1786745955.59514,1.1323,1.14361,5e-05
1904614.0,97,0.71244,96,682.24506,0.23413,1.167,1786745962.01311,1.1699,1.15557,5e-05
1924505.0,98,0.72229,97,688.79813,0.23081,1.10033,1786745968.56615,1.0464,1.16754,5e-05
1945638.0,99,0.72727,98,695.22904,0.20473,1.13987,1786745974.99709,1.0872,1.17951,4e-05
1966184.0,100,0.70998,99,701.64923,0.23344,1.13042,1786745981.41728,1.1245,1.19147,4e-05
1984544.0,101,0.71073,100,709.62401,0.23468,1.17445,1786745989.39209,1.1017,1.20344,4e-05
2003423.0,102,0.72188,101,715.69752,0.22618,1.16151,1786745995.46561,1.088,1.21541,4e-05
2023850.0,103,0.68675,102,721.82171,0.25115,1.21654,1786746001.58988,1.2034,1.22737,4e-05
2043521.0,104,0.68813,103,727.8304,0.24332,1.22646,1786746007.59847,1.2015,1.23934,4e-05
2062107.0,105,0.67449,104,733.84958,0.26026,1.25461,1786746013.61768,1.2456,1.25131,4e-05
2082368.0,106,0.6735,105,739.94506,0.25453,1.26458,1786746019.71312,1.3337,1.26328,4e-05
2101670.0,107,0.67702,106,745.97139,0.26572,1.22404,1786746025.73947,1.2528,1.27524,4e-05
2121536.0,108,0.69764,107,751.98459,0.25631,1.19361,1786746031.75269,1.1573,1.28721,4e-05
2141601.0,109,0.70822,108,758.13484,0.24658,1.18276,1786746037.90279,1.1834,1.29918,3e-05
2162484.0,110,0.70544,109,764.54686,0.23633,1.15242,1786746044.31492,1.0846,1.31114,3e-05
2182191.0,111,0.67255,110,770.9766,0.26293,1.24623,1786746050.74467,1.2198,1.32311,3e-05
2203064.0,112,0.69639,111,777.40188,0.24997,1.19307,1786746057.16997,1.1627,1.33508,3e-05
2223800.0,113,0.69984,112,784.53762,0.24411,1.23668,1786746064.30568,1.1935,1.34705,3e-05
2244785.0,114,0.72437,113,792.29687,0.22219,1.12446,1786746072.06494,1.0605,1.35901,3e-05
2264779.0,115,0.72411,114,800.11768,0.23376,1.14151,1786746079.88572,0.998,1.37098,3e-05
2284489.0,116,0.70022,115,807.94728,0.24493,1.19809,1786746087.71523,1.1921,1.38295,3e-05
2303316.0,117,0.70423,116,815.71066,0.26464,1.16988,1786746095.47875,1.1313,1.39491,3e-05
2323069.0,118,0.69635,117,823.47424,0.24897,1.21028,1786746103.24221,1.1063,1.40688,3e-05
2343330.0,119,0.71834,118,831.33272,0.24077,1.14557,1786746111.10072,1.0578,1.41885,2e-05
2362814.0,120,0.67106,119,839.16225,0.24656,1.29559,1786746118.93022,1.3154,1.43082,2e-05
2381510.0,121,0.6791,120,846.79734,0.27356,1.20249,1786746126.5654,1.1815,1.44278,2e-05
2402970.0,122,0.68054,121,854.6393,0.25564,1.32512,1786746134.40737,1.5709,1.45475,2e-05
2423462.0,123,0.65035,122,862.3011,0.24653,1.37514,1786746142.0691,1.6958,1.46672,2e-05
2443144.0,124,0.71876,123,869.95519,0.26406,1.11341,1786746149.72288,1.0391,1.47868,2e-05
2462909.0,125,0.67558,124,877.6593,0.27455,1.22962,1786746157.42735,1.2424,1.49065,2e-05
2482129.0,126,0.70264,125,885.44276,0.26,1.172,1786746165.21094,1.1287,1.50262,2e-05
2502201.0,127,0.70965,126,893.0288,0.25353,1.12904,1786746172.79665,1.0241,1.51458,2e-05
2522324.0,128,0.66292,127,899.47208,0.26661,1.2842,1786746179.24014,1.3584,1.52655,2e-05
2541786.0,129,0.70729,128,905.82845,0.25607,1.18464,1786746185.59657,1.0852,1.53852,2e-05
2561149.0,130,0.71766,129,912.26256,0.24934,1.15118,1786746192.03038,1.0567,1.55049,2e-05
2581961.0,131,0.6821,130,919.6587,0.24372,1.22579,1786746199.42677,1.2188,1.56245,1e-05
2602907.0,132,0.67692,131,927.5094,0.26706,1.23233,1786746207.27752,1.2616,1.57442,1e-05
2622110.0,133,0.71868,132,935.30008,0.25608,1.15492,1786746215.06817,1.081,1.58639,1e-05
2642026.0,134,0.70369,133,943.27736,0.26755,1.18563,1786746223.04535,1.1168,1.59835,1e-05
2660340.0,135,0.66306,134,950.39155,0.28709,1.29051,1786746230.15962,1.3057,1.61032,1e-05
2680296.0,136,0.69894,135,956.80532,0.26806,1.2048,1786746236.57339,1.1671,1.62229,1e-05
2700555.0,137,0.68595,136,963.21371,0.25376,1.21178,1786746242.98182,1.1846,1.63426,1e-05
2720884.0,138,0.69353,137,969.67008,0.24957,1.17702,1786746249.43814,1.1584,1.64622,1e-05
2740715.0,139,0.66943,138,976.07408,0.28672,1.29341,1786746255.84223,1.3367,1.65819,1e-05
2760477.0,140,0.66598,139,982.52438,0.25827,1.282,1786746262.29244,1.3168,1.67016,1e-05
2780888.0,141,0.68241,140,988.97116,0.2389,1.26947,1786746268.7392,1.3082,1.68212,1e-05
2799652.0,142,0.68937,141,995.33244,0.2773,1.19486,1786746275.10052,1.2029,1.69409,1e-05
2818473.0,143,0.69409,142,1001.72583,0.27718,1.20817,1786746281.49392,1.2056,1.70606,1e-05
2837263.0,144,0.71804,143,1008.07814,0.25129,1.19137,1786746287.84601,1.1568,1.71803,1e-05
2856334.0,145,0.69314,144,1015.13695,0.25376,1.24282,1786746294.90493,1.2508,1.72999,1e-05
2877288.0,146,0.7014,145,1022.43487,0.24229,1.21132,1786746302.20305,1.1526,1.74196,1e-05
2896809.0,147,0.71688,146,1030.17928,0.27619,1.15308,1786746309.94713,1.0902,1.75393,1e-05
2915776.0,148,0.67914,147,1038.28656,0.29591,1.24873,1786746318.05455,1.2907,1.76589,0.0
2935333.0,149,0.70095,148,1046.18319,0.26155,1.17257,1786746325.95114,1.1819,1.77786,0.0
2954055.0,150,0.69163,149,1053.81102,0.28206,1.24731,1786746333.57899,1.2074,1.78983,0.0
2973687.0,151,0.70333,150,1062.76575,0.25326,1.18947,1786746342.53383,1.1575,1.8018,0.0
2994638.0,152,0.70061,151,1069.77218,0.24115,1.18729,1786746349.54022,1.1591,1.81376,0.0
3013092.0,153,0.69345,152,1076.06214,0.27707,1.22923,1786746355.8302,1.1812,1.82573,0.0
3033391.0,154,0.69872,153,1082.11484,0.27247,1.16758,1786746361.88301,1.1158,1.8377,0.0
3052095.0,155,0.69699,154,1088.17594,0.29305,1.19722,1786746367.94403,1.1621,1.84966,0.0
3071334.0,156,0.68901,155,1094.21657,0.27653,1.23082,1786746373.98466,1.209,1.86163,0.0
3090560.0,157,0.76467,156,1100.30769,0.22672,1.06275,1786746380.07577,0.9389,1.8736,0.0
3110172.0,158,0.69657,157,1107.59363,0.25489,1.16658,1786746387.36161,1.1501,1.88556,0.0
3130750.0,159,0.71911,158,1114.41128,0.23274,1.17572,1786746394.17944,1.1082,1.89753,0.0
3149430.0,160,0.6947,159,1120.88285,0.26957,1.20279,1786746400.65098,1.1152,1.9095,0.0
3168545.0,161,0.71902,160,1127.24646,0.25756,1.14053,1786746407.01455,1.0158,1.92147,0.0
3186991.0,162,0.70167,161,1133.65655,0.29191,1.1771,1786746413.42463,1.1063,1.93343,0.0
3206635.0,163,0.69273,162,1140.07546,0.25289,1.19612,1786746419.84357,1.1778,1.9454,0.0
3226500.0,164,0.6871,163,1146.5671,0.26882,1.18179,1786746426.33522,1.1223,1.95737,0.0
3247817.0,165,0.72108,164,1153.0484,0.237,1.16671,1786746432.81646,1.0709,1.96933,0.0
3268320.0,166,0.69618,165,1159.50081,0.25986,1.22507,1786746439.26881,1.2135,1.9813,0.0
3288757.0,167,0.6979,166,1165.96167,0.25807,1.2191,1786746445.72975,1.2264,1.99327,0.0
3299950.0,168,0.71371,167,1169.56773,0.33557,1.15994,1786746449.33584,1.0868,2.0,0.0
,168,,168,1171.27901,,,1786746451.04721,,2.0,
