train/global_step,train/learning_rate,_runtime,train/epoch,train/num_tokens,train/mean_token_accuracy,_step,_timestamp,train/loss,train/entropy,train/grad_norm
1,0.0,7.48795,0.01197,19629.0,0.63951,0,1786464953.24964,1.5144,1.07243,1.30034
2,1e-05,14.24213,0.02393,39489.0,0.65184,1,1786464960.00391,1.5196,1.0478,1.28645
3,1e-05,21.01841,0.0359,58294.0,0.68005,2,1786464966.7801,1.3295,1.00592,1.15398
4,2e-05,27.93718,0.04787,78606.0,0.6398,3,1786464973.69911,1.4705,1.09197,0.94919
5,2e-05,34.71925,0.05984,98922.0,0.66725,4,1786464980.48093,1.3059,1.07963,0.69514
6,3e-05,42.44368,0.0718,120369.0,0.6462,5,1786464988.20554,1.8667,1.24419,0.48884
7,4e-05,49.25063,0.08377,139101.0,0.65658,6,1786464995.01251,1.4054,1.1998,0.36342
8,4e-05,55.36274,0.09574,159696.0,0.6873,7,1786465001.12462,1.3189,1.1683,0.26656
9,5e-05,61.97826,0.1077,180337.0,0.68846,8,1786465007.74019,1.2516,1.19056,0.25374
10,5e-05,68.61431,0.11967,199712.0,0.67387,9,1786465014.37623,1.2861,1.27952,0.27199
11,6e-05,75.277,0.13164,219674.0,0.67417,10,1786465021.03898,1.3102,1.28201,0.32018
12,6e-05,81.9078,0.14361,239983.0,0.67683,11,1786465027.66962,1.2408,1.28726,0.30211
13,7e-05,88.54627,0.15557,258584.0,0.66847,12,1786465034.30814,1.3882,1.337,0.33532
14,8e-05,95.13639,0.16754,278680.0,0.67474,13,1786465040.89816,1.2983,1.31013,0.26956
15,8e-05,101.63312,0.17951,297969.0,0.67736,14,1786465047.39499,1.2291,1.29924,0.24974
16,9e-05,108.06175,0.19147,317457.0,0.66877,15,1786465053.82359,1.2666,1.3345,0.20887
17,9e-05,114.62443,0.20344,336594.0,0.69558,16,1786465060.38625,1.2141,1.30003,0.19452
18,0.0001,121.13589,0.21541,356835.0,0.68305,17,1786465066.89704,1.2555,1.27678,0.1726
19,0.0001,128.35812,0.22737,377075.0,0.70336,18,1786465074.11996,1.1693,1.23693,0.18526
20,0.0001,135.80762,0.23934,396879.0,0.67791,19,1786465081.56954,1.1852,1.26134,0.20955
21,0.0001,143.37245,0.25131,417446.0,0.6549,20,1786465089.13428,1.2841,1.28301,0.21502
22,0.0001,150.92041,0.26328,438617.0,0.69616,21,1786465096.68228,1.184,1.19031,0.18521
23,0.0001,158.42361,0.27524,458010.0,0.67307,22,1786465104.18556,1.3755,1.29733,0.2149
24,0.0001,165.19625,0.28721,477959.0,0.67784,23,1786465110.95819,1.323,1.26002,0.18541
25,0.0001,171.71429,0.29918,497062.0,0.6713,24,1786465117.47623,1.4653,1.31245,0.20133
26,0.0001,178.30081,0.31114,517824.0,0.66959,25,1786465124.06276,1.3551,1.25898,0.18868
27,0.0001,185.15754,0.32311,538713.0,0.68067,26,1786465130.91939,1.2458,1.21492,0.20727
28,0.0001,192.61812,0.33508,558079.0,0.69887,27,1786465138.37996,1.139,1.21082,0.17287
29,0.0001,200.00606,0.34705,576836.0,0.68263,28,1786465145.76789,1.2276,1.27891,0.18864
30,0.0001,207.56436,0.35901,597389.0,0.69531,29,1786465153.32617,1.1829,1.25426,0.17911
31,0.0001,214.63462,0.37098,616103.0,0.67867,30,1786465160.39647,1.223,1.3164,0.20637
32,0.0001,221.57052,0.38295,633896.0,0.71541,31,1786465167.33247,1.1243,1.25582,0.24077
33,0.0001,228.36975,0.39491,652746.0,0.65728,32,1786465174.13165,1.3644,1.37049,0.21817
34,0.0001,234.49529,0.40688,672160.0,0.71192,33,1786465180.25686,1.0875,1.20546,0.17324
35,0.0001,240.60296,0.41885,691413.0,0.68328,34,1786465186.36482,1.2074,1.25368,0.19999
36,0.0001,246.81189,0.43082,712240.0,0.69077,35,1786465192.57361,1.2096,1.21174,0.17875
37,0.0001,253.91127,0.44278,733073.0,0.69558,36,1786465199.6731,1.2179,1.20203,0.17522
38,0.0001,260.94585,0.45475,752403.0,0.69636,37,1786465206.70751,1.1386,1.19669,0.22002
39,0.0001,267.88983,0.46672,771635.0,0.71728,38,1786465213.65168,1.3804,1.21776,0.17027
40,9e-05,274.98054,0.47868,791726.0,0.66624,39,1786465220.74237,1.2864,1.26736,0.18766
41,9e-05,281.96118,0.49065,811279.0,0.66757,40,1786465227.72303,1.3486,1.29548,0.20017
42,9e-05,288.94444,0.50262,830544.0,0.72012,41,1786465234.70626,1.0876,1.16359,0.1876
43,9e-05,295.17573,0.51458,848162.0,0.66686,42,1786465240.93757,1.304,1.29102,0.21973
44,9e-05,300.93453,0.52655,868892.0,0.68654,43,1786465246.6964,1.2285,1.21559,0.18454
45,9e-05,306.67505,0.53852,887121.0,0.65751,44,1786465252.43693,1.3368,1.33705,0.20887
46,9e-05,312.48487,0.55049,907236.0,0.67178,45,1786465258.24673,1.2631,1.2484,0.19785
47,9e-05,318.23909,0.56245,927315.0,0.69525,46,1786465264.00098,1.2312,1.26266,0.18511
48,9e-05,324.09132,0.57442,947417.0,0.70154,47,1786465269.85302,1.0917,1.216,0.17617
49,9e-05,329.87416,0.58639,966968.0,0.70272,48,1786465275.63613,1.0679,1.16687,0.18716
50,9e-05,335.61591,0.59835,986586.0,0.71097,49,1786465281.37775,1.0793,1.16523,0.19481
51,9e-05,342.39516,0.61032,1006254.0,0.69145,50,1786465288.15693,1.1865,1.21087,0.18619
52,9e-05,348.02493,0.62229,1024733.0,0.6632,51,1786465293.78682,1.3411,1.31905,0.21601
53,9e-05,353.72719,0.63426,1044524.0,0.69208,52,1786465299.48903,1.1986,1.24074,0.19697
54,9e-05,359.51082,0.64622,1064538.0,0.7127,53,1786465305.27271,1.1612,1.18756,0.17743
55,9e-05,365.24308,0.65819,1083583.0,0.6615,54,1786465311.00494,1.3034,1.3025,0.22411
56,9e-05,371.04816,0.67016,1103591.0,0.68427,55,1786465316.81004,1.2569,1.24065,0.19133
57,8e-05,376.75944,0.68212,1121697.0,0.68394,56,1786465322.52134,1.3119,1.28079,0.22088
58,8e-05,382.4639,0.69409,1140640.0,0.70886,57,1786465328.22576,1.1589,1.17558,0.18774
59,8e-05,388.11108,0.70606,1160691.0,0.6975,58,1786465333.87298,1.1139,1.19488,0.20022
60,8e-05,393.85745,0.71803,1179601.0,0.68885,59,1786465339.61927,1.1618,1.22137,0.20351
61,8e-05,399.48637,0.72999,1198318.0,0.67879,60,1786465345.24818,1.2608,1.25984,0.21236
62,8e-05,405.30524,0.74196,1217475.0,0.71245,61,1786465351.06723,1.0503,1.13256,0.21753
63,8e-05,411.04517,0.75393,1237400.0,0.6588,62,1786465356.80701,1.3237,1.26428,0.2084
64,8e-05,417.47996,0.76589,1258483.0,0.70531,63,1786465363.2418,1.1506,1.16234,0.18925
65,8e-05,423.90108,0.77786,1278118.0,0.69246,64,1786465369.66292,1.2519,1.25143,0.18412
66,8e-05,430.32296,0.78983,1297221.0,0.66091,65,1786465376.0848,1.2789,1.30916,0.21746
67,8e-05,436.8428,0.8018,1318008.0,0.67306,66,1786465382.60467,1.3014,1.25221,0.21783
68,8e-05,443.3067,0.81376,1338508.0,0.68137,67,1786465389.06854,1.3169,1.27452,0.20889
69,7e-05,449.70808,0.82573,1359332.0,0.68548,68,1786465395.46991,1.2419,1.21955,0.20823
70,7e-05,456.18153,0.8377,1380540.0,0.67118,69,1786465401.94334,1.3012,1.25624,0.1983
71,7e-05,462.68356,0.84966,1401254.0,0.68432,70,1786465408.44536,1.2278,1.24141,0.20138
72,7e-05,469.14113,0.86163,1421278.0,0.66371,71,1786465414.90299,1.2882,1.23712,0.22439
73,7e-05,475.59053,0.8736,1441692.0,0.69581,72,1786465421.35235,1.1744,1.23009,0.18925
74,7e-05,482.01093,0.88556,1460510.0,0.67861,73,1786465427.77275,1.2418,1.28757,0.22122
75,7e-05,488.44707,0.89753,1479167.0,0.70722,74,1786465434.20891,1.2185,1.19319,0.2219
76,7e-05,495.53044,0.9095,1499516.0,0.70706,75,1786465441.29235,1.1692,1.23612,0.19488
77,7e-05,502.50945,0.92147,1519017.0,0.69065,76,1786465448.27128,1.1761,1.23933,0.20849
78,7e-05,509.81495,0.93343,1539584.0,0.69906,77,1786465455.57683,1.2095,1.21868,0.20414
79,6e-05,517.17047,0.9454,1559524.0,0.70387,78,1786465462.93229,1.1249,1.17605,0.20121
80,6e-05,524.4754,0.95737,1579629.0,0.70903,79,1786465470.23733,1.1983,1.20828,0.21285
81,6e-05,531.38445,0.96933,1599097.0,0.67694,80,1786465477.14626,1.188,1.2533,0.22979
82,6e-05,537.84389,0.9813,1618910.0,0.64815,81,1786465483.60574,1.4436,1.32391,0.22822
83,6e-05,544.74001,0.99327,1638861.0,0.70323,82,1786465490.50184,1.1958,1.21947,0.20813
84,6e-05,548.79647,1.0,1649975.0,0.6536,83,1786465494.55833,1.4152,1.306,0.32353
85,6e-05,555.89745,1.01197,1669035.0,0.70744,84,1786465501.65935,1.0816,1.18218,0.21607
86,6e-05,562.1675,1.02393,1688763.0,0.69121,85,1786465507.92933,1.1141,1.22056,0.22062
87,6e-05,568.21112,1.0359,1709338.0,0.68143,86,1786465513.973,1.27,1.26457,0.21733
88,6e-05,574.21712,1.04787,1728676.0,0.69319,87,1786465519.97897,1.2201,1.218,0.22239
89,5e-05,580.22796,1.05984,1749225.0,0.66036,88,1786465525.98983,1.3214,1.29207,0.23024
90,5e-05,586.31876,1.0718,1767861.0,0.68661,89,1786465532.08063,1.2817,1.30408,0.23764
91,5e-05,592.67732,1.08377,1786804.0,0.71675,90,1786465538.43915,1.1299,1.20464,0.23655
92,5e-05,599.11872,1.09574,1807900.0,0.66699,91,1786465544.88058,1.2912,1.26462,0.22319
93,5e-05,605.48642,1.1077,1827944.0,0.70817,92,1786465551.24822,1.2114,1.17333,0.23915
94,5e-05,611.84769,1.11967,1847166.0,0.67687,93,1786465557.60952,1.2116,1.24866,0.25327
95,5e-05,618.22615,1.13164,1865803.0,0.72666,94,1786465563.98802,1.006,1.14719,0.23356
96,5e-05,624.65105,1.14361,1883793.0,0.71225,95,1786465570.41289,1.0833,1.13866,0.25139
97,5e-05,631.04929,1.15557,1904019.0,0.72175,96,1786465576.81116,1.0619,1.15268,0.22235
98,5e-05,637.48832,1.16754,1925489.0,0.68256,97,1786465583.25015,1.2013,1.23039,0.23818
99,4e-05,643.88544,1.17951,1946142.0,0.73059,98,1786465589.64726,1.0483,1.10637,0.20882
100,4e-05,650.34993,1.19147,1966812.0,0.72963,99,1786465596.11176,1.0351,1.09768,0.20345
101,4e-05,658.06537,1.20344,1987771.0,0.718,100,1786465603.82713,0.9692,1.08665,0.21876
102,4e-05,664.60799,1.21541,2006824.0,0.69074,101,1786465610.36983,1.2315,1.22133,0.24972
103,4e-05,671.03229,1.22737,2026402.0,0.65785,102,1786465616.79412,1.4406,1.33034,0.24268
104,4e-05,677.44074,1.23934,2044765.0,0.70841,103,1786465623.2026,1.1223,1.17909,0.25361
105,4e-05,683.85001,1.25131,2064300.0,0.69249,104,1786465629.61186,1.2304,1.26756,0.24418
106,4e-05,690.67565,1.26328,2086386.0,0.68217,105,1786465636.43754,1.5116,1.35391,0.22682
107,4e-05,698.04009,1.27524,2106053.0,0.70061,106,1786465643.80195,1.1025,1.21662,0.2363
108,4e-05,705.44352,1.28721,2126357.0,0.68132,107,1786465651.20542,1.1936,1.21229,0.24586
109,3e-05,712.0074,1.29918,2147303.0,0.69376,108,1786465657.76921,1.1303,1.19377,0.24433
110,3e-05,718.7241,1.31114,2166067.0,0.71879,109,1786465664.48599,1.0561,1.15101,0.23749
111,3e-05,726.10726,1.32311,2185861.0,0.68644,110,1786465671.86915,1.3115,1.28863,0.2353
112,3e-05,733.47677,1.33508,2205885.0,0.69507,111,1786465679.23861,1.1629,1.21039,0.23417
113,3e-05,740.78285,1.34705,2224616.0,0.66137,112,1786465686.54467,1.3758,1.28058,0.26106
114,3e-05,747.49035,1.35901,2244693.0,0.69272,113,1786465693.25218,1.1714,1.20904,0.23885
115,3e-05,753.92214,1.37098,2264964.0,0.71042,114,1786465699.68401,1.1232,1.17911,0.24736
116,3e-05,760.586,1.38295,2284965.0,0.70376,115,1786465706.34786,1.1089,1.17715,0.24842
117,3e-05,767.31037,1.39491,2305622.0,0.69131,116,1786465713.07225,1.185,1.19489,0.25459
118,3e-05,774.67463,1.40688,2326626.0,0.68974,117,1786465720.43643,1.2477,1.21218,0.22781
119,2e-05,781.9873,1.41885,2344961.0,0.6745,118,1786465727.74919,1.2487,1.25357,0.26778
120,2e-05,789.27378,1.43082,2364444.0,0.71596,119,1786465735.03568,1.0401,1.14633,0.24773
121,2e-05,796.55102,1.44278,2384402.0,0.65984,120,1786465742.31296,1.2749,1.26616,0.30467
122,2e-05,803.83416,1.45475,2403499.0,0.70297,121,1786465749.59599,1.1521,1.19532,0.25649
123,2e-05,811.15316,1.46672,2423537.0,0.71843,122,1786465756.91509,1.0372,1.15816,0.23573
124,2e-05,818.4461,1.47868,2442853.0,0.66467,123,1786465764.20794,1.3597,1.32663,0.28272
125,2e-05,825.71379,1.49065,2461965.0,0.69871,124,1786465771.47578,1.166,1.189,0.27203
126,2e-05,832.96869,1.50262,2481454.0,0.70316,125,1786465778.73048,1.0689,1.1657,0.23558
127,2e-05,840.25605,1.51458,2498667.0,0.70702,126,1786465786.01803,1.1231,1.20009,0.30308
128,2e-05,846.65956,1.52655,2518581.0,0.67571,127,1786465792.4214,1.3055,1.20777,0.26
129,2e-05,853.07349,1.53852,2537384.0,0.71182,128,1786465798.83532,1.0488,1.14051,0.24596
130,2e-05,859.45901,1.55049,2556299.0,0.67949,129,1786465805.22086,1.318,1.23641,0.29314
131,1e-05,865.84041,1.56245,2575382.0,0.70815,130,1786465811.60222,1.1253,1.1894,0.26376
132,1e-05,873.18171,1.57442,2595770.0,0.68453,131,1786465818.94351,1.1785,1.21147,0.24862
133,1e-05,880.55422,1.58639,2615864.0,0.71878,132,1786465826.316,1.0422,1.15013,0.24917
134,1e-05,887.83062,1.59835,2635737.0,0.6453,133,1786465833.5925,1.3805,1.30607,0.27884
135,1e-05,895.1433,1.61032,2655533.0,0.70175,134,1786465840.90511,1.1691,1.18978,0.28098
136,1e-05,902.35544,1.62229,2674841.0,0.72151,135,1786465848.11728,1.0842,1.14948,0.26182
137,1e-05,909.59111,1.63426,2693820.0,0.70156,136,1786465855.35297,1.1308,1.20816,0.26516
138,1e-05,916.9327,1.64622,2716687.0,0.66867,137,1786465862.69456,1.423,1.29233,0.24487
139,1e-05,924.17219,1.65819,2736903.0,0.68964,138,1786465869.93392,1.2253,1.24113,0.26919
140,1e-05,931.49416,1.67016,2757446.0,0.68841,139,1786465877.25608,1.291,1.25176,0.25137
141,1e-05,938.7226,1.68212,2776748.0,0.70126,140,1786465884.48442,1.2282,1.18333,0.25696
142,1e-05,946.02747,1.69409,2794028.0,0.72673,141,1786465891.78932,1.0186,1.09063,0.25691
143,1e-05,953.35964,1.70606,2813684.0,0.70118,142,1786465899.12149,1.1682,1.23164,0.27354
144,1e-05,960.78435,1.71803,2834383.0,0.68962,143,1786465906.54631,1.5646,1.28519,0.24798
145,1e-05,968.08053,1.72999,2853460.0,0.70452,144,1786465913.8423,1.1557,1.17696,0.28027
146,1e-05,975.45926,1.74196,2875110.0,0.70391,145,1786465921.22125,1.1131,1.16571,0.24443
147,1e-05,982.76871,1.75393,2893714.0,0.69132,146,1786465928.53054,1.1445,1.21604,0.25848
148,0.0,990.05019,1.76589,2914505.0,0.6932,147,1786465935.81211,1.1851,1.21582,0.25171
149,0.0,997.31139,1.77786,2933951.0,0.66976,148,1786465943.07309,1.2943,1.25035,0.2863
150,0.0,1004.54612,1.78983,2953228.0,0.70168,149,1786465950.30795,1.1706,1.22431,0.26133
151,0.0,1012.96787,1.8018,2973687.0,0.6769,150,1786465958.7297,1.2401,1.2151,0.27678
152,0.0,1020.19133,1.81376,2993161.0,0.68275,151,1786465965.95307,1.2807,1.21171,0.29534
153,0.0,1027.43715,1.82573,3011318.0,0.69378,152,1786465973.19878,1.2173,1.1983,0.27901
154,0.0,1034.73419,1.8377,3031247.0,0.72349,153,1786465980.49595,1.0711,1.1291,0.23818
155,0.0,1041.97046,1.84966,3050732.0,0.69028,154,1786465987.73228,1.1851,1.2127,0.25086
156,0.0,1049.25158,1.86163,3070110.0,0.69427,155,1786465995.01347,1.1528,1.15996,0.2889
157,0.0,1056.48798,1.8736,3090368.0,0.71537,156,1786466002.24974,1.0665,1.14838,0.23566
158,0.0,1063.71961,1.88556,3110042.0,0.7001,157,1786466009.48143,1.1593,1.21049,0.26114
159,0.0,1070.8746,1.89753,3129636.0,0.70055,158,1786466016.63643,1.1221,1.16701,0.25379
160,0.0,1077.32815,1.9095,3149349.0,0.71088,159,1786466023.08996,1.0878,1.14955,0.25276
161,0.0,1083.64979,1.92147,3170727.0,0.70099,160,1786466029.41163,1.1459,1.15299,0.25455
162,0.0,1090.06229,1.93343,3190448.0,0.69628,161,1786466035.82414,1.1543,1.17842,0.25802
163,0.0,1096.47442,1.9454,3209850.0,0.70672,162,1786466042.23626,1.097,1.17406,0.26807
164,0.0,1102.89151,1.95737,3228388.0,0.7079,163,1786466048.65332,1.0726,1.18842,0.255
165,0.0,1109.94789,1.96933,3248474.0,0.72207,164,1786466055.70977,1.0721,1.17528,0.24129
166,0.0,1117.26455,1.9813,3268228.0,0.70992,165,1786466063.02637,1.0757,1.15964,0.26149
167,0.0,1124.59382,1.99327,3288759.0,0.72145,166,1786466070.35557,1.0481,1.11359,0.24007
168,0.0,1128.51636,2.0,3299950.0,0.7147,167,1786466074.27826,1.0981,1.17342,0.29542
168,,1129.56288,2.0,,,168,1786466075.32496,,,
