adapter,frobenius,r,alpha,scale,n_modules
runs/online_sft_lora_7b_tooluse_s1_seed42/checkpoint-100,4.3069,16,32,2.0,196
runs/online_sft_lora_7b_tooluse_s1_seed42/checkpoint-150,4.8345,16,32,2.0,196
runs/online_sft_lora_7b_tooluse_s1_seed42/checkpoint-200,5.0435,16,32,2.0,196
runs/online_sft_lora_7b_tooluse_s1_seed42/checkpoint-246,5.0653,16,32,2.0,196
runs/online_sft_lora_7b_tooluse_s1_seed42/checkpoint-50,3.3734,16,32,2.0,196
runs/sdft_ema_lora_7b_science_s2_seed1234/checkpoint-100,6.309,16,32,2.0,196
runs/sdft_ema_lora_7b_science_s2_seed1234/checkpoint-150,6.4667,16,32,2.0,196
runs/sdft_ema_lora_7b_science_s2_seed1234/checkpoint-166,6.4704,16,32,2.0,196
runs/sdft_ema_lora_7b_science_s2_seed1234/checkpoint-50,5.7896,16,32,2.0,196
runs/sdft_ema_lora_7b_science_s2_seed2024/checkpoint-100,6.1419,16,32,2.0,196
runs/sdft_ema_lora_7b_science_s2_seed2024/checkpoint-150,6.3017,16,32,2.0,196
runs/sdft_ema_lora_7b_science_s2_seed2024/checkpoint-166,6.3058,16,32,2.0,196
runs/sdft_ema_lora_7b_science_s2_seed2024/checkpoint-50,5.6224,16,32,2.0,196
runs/sdft_ema_lora_7b_science_s2_seed42/checkpoint-100,6.2374,16,32,2.0,196
runs/sdft_ema_lora_7b_science_s2_seed42/checkpoint-150,6.3989,16,32,2.0,196
runs/sdft_ema_lora_7b_science_s2_seed42/checkpoint-166,6.4029,16,32,2.0,196
runs/sdft_ema_lora_7b_science_s2_seed42/checkpoint-50,5.7085,16,32,2.0,196
runs/sdft_ema_lora_7b_tooluse_s1_seed1234/checkpoint-100,4.2297,16,32,2.0,196
runs/sdft_ema_lora_7b_tooluse_s1_seed1234/checkpoint-150,4.5965,16,32,2.0,196
runs/sdft_ema_lora_7b_tooluse_s1_seed1234/checkpoint-200,4.7666,16,32,2.0,196
runs/sdft_ema_lora_7b_tooluse_s1_seed1234/checkpoint-246,4.7936,16,32,2.0,196
runs/sdft_ema_lora_7b_tooluse_s1_seed1234/checkpoint-50,3.4896,16,32,2.0,196
runs/sdft_ema_lora_7b_tooluse_s1_seed2024/checkpoint-100,4.0456,16,32,2.0,196
runs/sdft_ema_lora_7b_tooluse_s1_seed2024/checkpoint-150,4.4257,16,32,2.0,196
runs/sdft_ema_lora_7b_tooluse_s1_seed2024/checkpoint-200,4.5958,16,32,2.0,196
runs/sdft_ema_lora_7b_tooluse_s1_seed2024/checkpoint-246,4.6234,16,32,2.0,196
runs/sdft_ema_lora_7b_tooluse_s1_seed2024/checkpoint-50,3.3327,16,32,2.0,196
runs/sdft_ema_lora_7b_tooluse_s1_seed42/checkpoint-100,4.1388,16,32,2.0,196
runs/sdft_ema_lora_7b_tooluse_s1_seed42/checkpoint-150,4.5277,16,32,2.0,196
runs/sdft_ema_lora_7b_tooluse_s1_seed42/checkpoint-200,4.6899,16,32,2.0,196
runs/sdft_ema_lora_7b_tooluse_s1_seed42/checkpoint-246,4.7151,16,32,2.0,196
runs/sdft_ema_lora_7b_tooluse_s1_seed42/checkpoint-50,3.3852,16,32,2.0,196
runs/sdft_frozen_lora_7b_tooluse_s1_seed42/checkpoint-100,4.1759,16,32,2.0,196
runs/sdft_frozen_lora_7b_tooluse_s1_seed42/checkpoint-150,4.594,16,32,2.0,196
runs/sdft_frozen_lora_7b_tooluse_s1_seed42/checkpoint-200,4.7584,16,32,2.0,196
runs/sdft_frozen_lora_7b_tooluse_s1_seed42/checkpoint-246,4.7734,16,32,2.0,196
runs/sdft_frozen_lora_7b_tooluse_s1_seed42/checkpoint-50,3.3845,16,32,2.0,196
runs/sft_lora_7b_science_s2_acq50_seed1234/checkpoint-100,8.3804,16,32,2.0,196
runs/sft_lora_7b_science_s2_acq50_seed1234/checkpoint-150,8.8821,16,32,2.0,196
runs/sft_lora_7b_science_s2_acq50_seed1234/checkpoint-168,8.8913,16,32,2.0,196
runs/sft_lora_7b_science_s2_acq50_seed1234/checkpoint-50,7.0438,16,32,2.0,196
runs/sft_lora_7b_science_s2_acq50_seed2024/checkpoint-100,8.3322,16,32,2.0,196
runs/sft_lora_7b_science_s2_acq50_seed2024/checkpoint-150,8.8328,16,32,2.0,196
runs/sft_lora_7b_science_s2_acq50_seed2024/checkpoint-168,8.8417,16,32,2.0,196
runs/sft_lora_7b_science_s2_acq50_seed2024/checkpoint-50,6.9966,16,32,2.0,196
runs/sft_lora_7b_science_s2_acq50_seed42/checkpoint-100,8.384,16,32,2.0,196
runs/sft_lora_7b_science_s2_acq50_seed42/checkpoint-150,8.886,16,32,2.0,196
runs/sft_lora_7b_science_s2_acq50_seed42/checkpoint-168,8.896,16,32,2.0,196
runs/sft_lora_7b_science_s2_acq50_seed42/checkpoint-50,7.0532,16,32,2.0,196
runs/sft_lora_7b_science_s2_seed1234/checkpoint-100,9.7613,16,32,2.0,196
runs/sft_lora_7b_science_s2_seed1234/checkpoint-150,10.202,16,32,2.0,196
runs/sft_lora_7b_science_s2_seed1234/checkpoint-168,10.2101,16,32,2.0,196
runs/sft_lora_7b_science_s2_seed1234/checkpoint-50,8.6343,16,32,2.0,196
runs/sft_lora_7b_science_s2_seed2024/checkpoint-100,9.6472,16,32,2.0,196
runs/sft_lora_7b_science_s2_seed2024/checkpoint-150,10.0868,16,32,2.0,196
runs/sft_lora_7b_science_s2_seed2024/checkpoint-168,10.0947,16,32,2.0,196
runs/sft_lora_7b_science_s2_seed2024/checkpoint-50,8.505,16,32,2.0,196
runs/sft_lora_7b_science_s2_seed42/checkpoint-100,9.7101,16,32,2.0,196
runs/sft_lora_7b_science_s2_seed42/checkpoint-150,10.1414,16,32,2.0,196
runs/sft_lora_7b_science_s2_seed42/checkpoint-168,10.1502,16,32,2.0,196
runs/sft_lora_7b_science_s2_seed42/checkpoint-50,8.5767,16,32,2.0,196
runs/sft_lora_7b_tooluse_s1_seed1234/checkpoint-100,6.0643,16,32,2.0,196
runs/sft_lora_7b_tooluse_s1_seed1234/checkpoint-150,6.6788,16,32,2.0,196
runs/sft_lora_7b_tooluse_s1_seed1234/checkpoint-200,6.9778,16,32,2.0,196
runs/sft_lora_7b_tooluse_s1_seed1234/checkpoint-248,7.019,16,32,2.0,196
runs/sft_lora_7b_tooluse_s1_seed1234/checkpoint-50,5.1174,16,32,2.0,196
runs/sft_lora_7b_tooluse_s1_seed2024/checkpoint-100,6.0083,16,32,2.0,196
runs/sft_lora_7b_tooluse_s1_seed2024/checkpoint-150,6.5917,16,32,2.0,196
runs/sft_lora_7b_tooluse_s1_seed2024/checkpoint-200,6.8695,16,32,2.0,196
runs/sft_lora_7b_tooluse_s1_seed2024/checkpoint-248,6.9104,16,32,2.0,196
runs/sft_lora_7b_tooluse_s1_seed2024/checkpoint-50,5.0794,16,32,2.0,196
runs/sft_lora_7b_tooluse_s1_seed42/checkpoint-100,6.0443,16,32,2.0,196
runs/sft_lora_7b_tooluse_s1_seed42/checkpoint-150,6.6402,16,32,2.0,196
runs/sft_lora_7b_tooluse_s1_seed42/checkpoint-200,6.9303,16,32,2.0,196
runs/sft_lora_7b_tooluse_s1_seed42/checkpoint-248,6.973,16,32,2.0,196
runs/sft_lora_7b_tooluse_s1_seed42/checkpoint-50,5.0924,16,32,2.0,196
