arm,scale,eval_set,base,arm_acc,ceiling,gap_closed_pct,note
online_sft_lora_7b_tooluse_s1_seed42,7b,tooluse/holdout,0.27,0.33,0.52,24.0,descriptive
sdft_ema_lora_7b_science_s2_seed1234,7b,tooluse/holdout,0.27,0.32,0.52,20.0,descriptive
sdft_ema_lora_7b_science_s2_seed2024,7b,tooluse/holdout,0.27,0.3,0.52,12.0,descriptive
sdft_ema_lora_7b_science_s2_seed42,7b,tooluse/holdout,0.27,0.3,0.52,12.0,descriptive
sdft_ema_lora_7b_tooluse_s1_seed1234,7b,tooluse/holdout,0.27,0.32,0.52,20.0,descriptive
sdft_ema_lora_7b_tooluse_s1_seed2024,7b,tooluse/holdout,0.27,0.32,0.52,20.0,descriptive
sdft_ema_lora_7b_tooluse_s1_seed42,7b,tooluse/holdout,0.27,0.31,0.52,16.0,descriptive
sdft_frozen_lora_7b_tooluse_s1_seed42,7b,tooluse/holdout,0.27,0.32,0.52,20.0,descriptive
sft_lora_7b_joint_s1_seed42,7b,tooluse/holdout,0.27,0.37,0.52,40.0,descriptive
sft_lora_7b_science_s2_acq50_seed1234,7b,tooluse/holdout,0.27,0.32,0.52,20.0,descriptive
sft_lora_7b_science_s2_acq50_seed2024,7b,tooluse/holdout,0.27,0.33,0.52,24.0,descriptive
sft_lora_7b_science_s2_acq50_seed42,7b,tooluse/holdout,0.27,0.32,0.52,20.0,descriptive
sft_lora_7b_science_s2_seed1234,7b,tooluse/holdout,0.27,0.34,0.52,28.0,descriptive
sft_lora_7b_science_s2_seed2024,7b,tooluse/holdout,0.27,0.35,0.52,32.0,descriptive
sft_lora_7b_science_s2_seed42,7b,tooluse/holdout,0.27,0.36,0.52,36.0,descriptive
sft_lora_7b_tooluse_s1_acq50_seed1234,7b,tooluse/holdout,0.27,0.34,0.52,28.0,descriptive
sft_lora_7b_tooluse_s1_acq50_seed2024,7b,tooluse/holdout,0.27,0.34,0.52,28.0,descriptive
sft_lora_7b_tooluse_s1_acq50_seed42,7b,tooluse/holdout,0.27,0.33,0.52,24.0,descriptive
sft_lora_7b_tooluse_s1_seed1234,7b,tooluse/holdout,0.27,0.37,0.52,40.0,descriptive
sft_lora_7b_tooluse_s1_seed2024,7b,tooluse/holdout,0.27,0.39,0.52,48.0,descriptive
sft_lora_7b_tooluse_s1_seed42,7b,tooluse/holdout,0.27,0.39,0.52,48.0,descriptive
