arm,arm_id,stage1_run,scale,seed,eval_set,n,acquisition,stage1_acc,stage2_acc,bwt,retention_abs,retention_pct,forgot,gained,n_discordant,mcnemar_p,sig_05
sdft_ema_lora_7b_science_s2_seed1234,sdft_ema,sdft_ema_lora_7b_tooluse_s1_seed1234,7b,1234,tooluse/holdout,100,0.32,0.32,0.32,0.0,0.0,100.0,2,2,4,1.0,False
sdft_ema_lora_7b_science_s2_seed1234,sdft_ema,sdft_ema_lora_7b_tooluse_s1_seed1234,7b,1234,tooluse/eval_data,97,0.6701,0.6701,0.5979,-0.0722,-0.0722,89.2,12,5,17,0.1435,False
sdft_ema_lora_7b_science_s2_seed2024,sdft_ema,sdft_ema_lora_7b_tooluse_s1_seed2024,7b,2024,tooluse/holdout,100,0.32,0.32,0.3,-0.02,-0.02,93.8,4,2,6,0.6875,False
sdft_ema_lora_7b_science_s2_seed2024,sdft_ema,sdft_ema_lora_7b_tooluse_s1_seed2024,7b,2024,tooluse/eval_data,97,0.7113,0.7113,0.6082,-0.1031,-0.1031,85.5,13,3,16,0.0213,True
sdft_ema_lora_7b_science_s2_seed42,sdft_ema,sdft_ema_lora_7b_tooluse_s1_seed42,7b,42,tooluse/holdout,100,0.31,0.31,0.3,-0.01,-0.01,96.8,4,3,7,1.0,False
sdft_ema_lora_7b_science_s2_seed42,sdft_ema,sdft_ema_lora_7b_tooluse_s1_seed42,7b,42,tooluse/eval_data,97,0.6701,0.6701,0.6392,-0.0309,-0.0309,95.4,8,5,13,0.5811,False
sft_lora_7b_science_s2_acq50_seed1234,sft,sft_lora_7b_tooluse_s1_acq50_seed1234,7b,1234,tooluse/holdout,100,0.34,0.34,0.32,-0.02,-0.02,94.1,5,3,8,0.7266,False
sft_lora_7b_science_s2_acq50_seed1234,sft,sft_lora_7b_tooluse_s1_acq50_seed1234,7b,1234,tooluse/eval_data,97,0.5876,0.5876,0.6186,0.0309,0.0309,105.3,4,7,11,0.5488,False
sft_lora_7b_science_s2_acq50_seed2024,sft,sft_lora_7b_tooluse_s1_acq50_seed2024,7b,2024,tooluse/holdout,100,0.34,0.34,0.33,-0.01,-0.01,97.1,4,3,7,1.0,False
sft_lora_7b_science_s2_acq50_seed2024,sft,sft_lora_7b_tooluse_s1_acq50_seed2024,7b,2024,tooluse/eval_data,97,0.6082,0.6082,0.6392,0.0309,0.0309,105.1,4,7,11,0.5488,False
sft_lora_7b_science_s2_acq50_seed42,sft,sft_lora_7b_tooluse_s1_acq50_seed42,7b,42,tooluse/holdout,100,0.33,0.33,0.32,-0.01,-0.01,97.0,4,3,7,1.0,False
sft_lora_7b_science_s2_acq50_seed42,sft,sft_lora_7b_tooluse_s1_acq50_seed42,7b,42,tooluse/eval_data,97,0.5876,0.5876,0.5567,-0.0309,-0.0309,94.7,8,5,13,0.5811,False
sft_lora_7b_science_s2_seed1234,sft,sft_lora_7b_tooluse_s1_seed1234,7b,1234,tooluse/holdout,100,0.37,0.37,0.34,-0.03,-0.03,91.9,4,1,5,0.375,False
sft_lora_7b_science_s2_seed1234,sft,sft_lora_7b_tooluse_s1_seed1234,7b,1234,tooluse/eval_data,97,0.6392,0.6392,0.6392,0.0,0.0,100.0,9,9,18,1.0,False
sft_lora_7b_science_s2_seed2024,sft,sft_lora_7b_tooluse_s1_seed2024,7b,2024,tooluse/holdout,100,0.39,0.39,0.35,-0.04,-0.04,89.7,5,1,6,0.2188,False
sft_lora_7b_science_s2_seed2024,sft,sft_lora_7b_tooluse_s1_seed2024,7b,2024,tooluse/eval_data,97,0.6186,0.6186,0.6392,0.0206,0.0206,103.3,5,7,12,0.7744,False
sft_lora_7b_science_s2_seed42,sft,sft_lora_7b_tooluse_s1_seed42,7b,42,tooluse/holdout,100,0.39,0.39,0.36,-0.03,-0.03,92.3,4,1,5,0.375,False
sft_lora_7b_science_s2_seed42,sft,sft_lora_7b_tooluse_s1_seed42,7b,42,tooluse/eval_data,97,0.5876,0.5876,0.6495,0.0619,0.0619,110.5,5,11,16,0.2101,False
