run,objective,tuning,teacher,scale,dataset,stage,seed,has_adapter,has_final_eval,n_checkpoint_evals,has_forgetting,has_base_forgetting,git_sha
online_sft_lora_7b_tooluse_s1_seed42,online_sft,lora,frozen,7b,tooluse,1,42,False,True,5,True,False,bc810cbe
sdft_ema_lora_7b_science_s2_seed1234,sdft,lora,ema,7b,science,2,1234,False,True,4,True,False,bc810cbe
sdft_ema_lora_7b_science_s2_seed2024,sdft,lora,ema,7b,science,2,2024,False,True,4,True,False,bc810cbe
sdft_ema_lora_7b_science_s2_seed42,sdft,lora,ema,7b,science,2,42,True,True,4,True,False,bc810cbe
sdft_ema_lora_7b_tooluse_s1_seed1234,sdft,lora,ema,7b,tooluse,1,1234,False,True,5,True,False,bc810cbe
sdft_ema_lora_7b_tooluse_s1_seed2024,sdft,lora,ema,7b,tooluse,1,2024,True,True,5,True,False,bc810cbe
sdft_ema_lora_7b_tooluse_s1_seed42,sdft,lora,ema,7b,tooluse,1,42,True,True,5,True,False,bc810cbe
sdft_frozen_lora_7b_tooluse_s1_seed42,sdft,lora,frozen,7b,tooluse,1,42,False,True,5,True,False,bc810cbe
sft_lora_7b_joint_s1_seed42,sft,lora,none,7b,joint,1,42,False,True,0,False,False,e3b75cac
sft_lora_7b_science_s2_acq50_seed1234,sft,lora,none,7b,science,2,1234,False,True,4,True,False,fac3fbd8
sft_lora_7b_science_s2_acq50_seed2024,sft,lora,none,7b,science,2,2024,False,True,4,True,False,fac3fbd8
sft_lora_7b_science_s2_acq50_seed42,sft,lora,none,7b,science,2,42,False,True,4,True,False,fac3fbd8
sft_lora_7b_science_s2_seed1234,sft,lora,none,7b,science,2,1234,False,True,4,True,False,bc810cbe
sft_lora_7b_science_s2_seed2024,sft,lora,none,7b,science,2,2024,False,True,4,True,False,bc810cbe
sft_lora_7b_science_s2_seed42,sft,lora,none,7b,science,2,42,False,True,4,True,False,bc810cbe
sft_lora_7b_tooluse_s1,sft,lora,none,7b,tooluse,1,42,False,False,0,False,True,fac3fbd8
sft_lora_7b_tooluse_s1_acq50_seed1234,sft,lora,none,7b,tooluse,1,1234,False,True,0,True,False,bc810cbe
sft_lora_7b_tooluse_s1_acq50_seed2024,sft,lora,none,7b,tooluse,1,2024,False,True,0,True,False,bc810cbe
sft_lora_7b_tooluse_s1_acq50_seed42,sft,lora,none,7b,tooluse,1,42,False,True,0,True,False,bc810cbe
sft_lora_7b_tooluse_s1_seed1234,sft,lora,none,7b,tooluse,1,1234,True,True,5,True,False,bc810cbe
sft_lora_7b_tooluse_s1_seed2024,sft,lora,none,7b,tooluse,1,2024,False,True,5,True,False,bc810cbe
sft_lora_7b_tooluse_s1_seed42,sft,lora,none,7b,tooluse,1,42,True,True,5,True,False,bc810cbe
smoke_sft_lora_tooluse_s1,sft,lora,none,0.5b,tooluse,1,42,False,False,0,False,False,bc810cbe
