scale,seed,stage,eval_set,arm_id_a,arm_a,arm_id_b,arm_b,acc_a,acc_b,n_discordant,mcnemar_p,sig_05_uncorrected
7b,42,1,tooluse/eval_data,online_sft,online_sft_lora_7b_tooluse_s1_seed42,sdft_ema,sdft_ema_lora_7b_tooluse_s1_seed42,0.5773,0.6701,17,0.049,True
7b,42,1,tooluse/eval_data,online_sft,online_sft_lora_7b_tooluse_s1_seed42,sdft_frozen,sdft_frozen_lora_7b_tooluse_s1_seed42,0.5773,0.6804,14,0.0129,True
7b,42,1,tooluse/eval_data,online_sft,online_sft_lora_7b_tooluse_s1_seed42,sft_joint,sft_lora_7b_joint_s1_seed42,0.5773,0.5979,16,0.8036,False
7b,42,1,tooluse/eval_data,online_sft,online_sft_lora_7b_tooluse_s1_seed42,sft_acq50,sft_lora_7b_tooluse_s1_acq50_seed42,0.5773,0.5876,21,1.0,False
7b,42,1,tooluse/eval_data,online_sft,online_sft_lora_7b_tooluse_s1_seed42,sft,sft_lora_7b_tooluse_s1_seed42,0.5773,0.5876,15,1.0,False
7b,42,1,tooluse/eval_data,sdft_ema,sdft_ema_lora_7b_tooluse_s1_seed42,sdft_frozen,sdft_frozen_lora_7b_tooluse_s1_seed42,0.6701,0.6804,11,1.0,False
7b,42,1,tooluse/eval_data,sdft_ema,sdft_ema_lora_7b_tooluse_s1_seed42,sft_joint,sft_lora_7b_joint_s1_seed42,0.6701,0.5979,17,0.1435,False
7b,42,1,tooluse/eval_data,sdft_ema,sdft_ema_lora_7b_tooluse_s1_seed42,sft_acq50,sft_lora_7b_tooluse_s1_acq50_seed42,0.6701,0.5876,22,0.1338,False
7b,42,1,tooluse/eval_data,sdft_ema,sdft_ema_lora_7b_tooluse_s1_seed42,sft,sft_lora_7b_tooluse_s1_seed42,0.6701,0.5876,18,0.0963,False
7b,42,1,tooluse/eval_data,sdft_frozen,sdft_frozen_lora_7b_tooluse_s1_seed42,sft_joint,sft_lora_7b_joint_s1_seed42,0.6804,0.5979,18,0.0963,False
7b,42,1,tooluse/eval_data,sdft_frozen,sdft_frozen_lora_7b_tooluse_s1_seed42,sft_acq50,sft_lora_7b_tooluse_s1_acq50_seed42,0.6804,0.5876,19,0.0636,False
7b,42,1,tooluse/eval_data,sdft_frozen,sdft_frozen_lora_7b_tooluse_s1_seed42,sft,sft_lora_7b_tooluse_s1_seed42,0.6804,0.5876,15,0.0352,True
7b,42,1,tooluse/eval_data,sft_joint,sft_lora_7b_joint_s1_seed42,sft_acq50,sft_lora_7b_tooluse_s1_acq50_seed42,0.5979,0.5876,13,1.0,False
7b,42,1,tooluse/eval_data,sft_joint,sft_lora_7b_joint_s1_seed42,sft,sft_lora_7b_tooluse_s1_seed42,0.5979,0.5876,3,1.0,False
7b,42,1,tooluse/eval_data,sft_acq50,sft_lora_7b_tooluse_s1_acq50_seed42,sft,sft_lora_7b_tooluse_s1_seed42,0.5876,0.5876,10,1.0,False
7b,42,1,tooluse/holdout,online_sft,online_sft_lora_7b_tooluse_s1_seed42,sdft_ema,sdft_ema_lora_7b_tooluse_s1_seed42,0.33,0.31,4,0.625,False
7b,42,1,tooluse/holdout,online_sft,online_sft_lora_7b_tooluse_s1_seed42,sdft_frozen,sdft_frozen_lora_7b_tooluse_s1_seed42,0.33,0.32,3,1.0,False
7b,42,1,tooluse/holdout,online_sft,online_sft_lora_7b_tooluse_s1_seed42,sft_joint,sft_lora_7b_joint_s1_seed42,0.33,0.37,6,0.2188,False
7b,42,1,tooluse/holdout,online_sft,online_sft_lora_7b_tooluse_s1_seed42,sft_acq50,sft_lora_7b_tooluse_s1_acq50_seed42,0.33,0.33,8,1.0,False
7b,42,1,tooluse/holdout,online_sft,online_sft_lora_7b_tooluse_s1_seed42,sft,sft_lora_7b_tooluse_s1_seed42,0.33,0.39,6,0.0312,True
7b,42,1,tooluse/holdout,sdft_ema,sdft_ema_lora_7b_tooluse_s1_seed42,sdft_frozen,sdft_frozen_lora_7b_tooluse_s1_seed42,0.31,0.32,3,1.0,False
7b,42,1,tooluse/holdout,sdft_ema,sdft_ema_lora_7b_tooluse_s1_seed42,sft_joint,sft_lora_7b_joint_s1_seed42,0.31,0.37,6,0.0312,True
7b,42,1,tooluse/holdout,sdft_ema,sdft_ema_lora_7b_tooluse_s1_seed42,sft_acq50,sft_lora_7b_tooluse_s1_acq50_seed42,0.31,0.33,6,0.6875,False
7b,42,1,tooluse/holdout,sdft_ema,sdft_ema_lora_7b_tooluse_s1_seed42,sft,sft_lora_7b_tooluse_s1_seed42,0.31,0.39,8,0.0078,True
7b,42,1,tooluse/holdout,sdft_frozen,sdft_frozen_lora_7b_tooluse_s1_seed42,sft_joint,sft_lora_7b_joint_s1_seed42,0.32,0.37,9,0.1797,False
7b,42,1,tooluse/holdout,sdft_frozen,sdft_frozen_lora_7b_tooluse_s1_seed42,sft_acq50,sft_lora_7b_tooluse_s1_acq50_seed42,0.32,0.33,7,1.0,False
7b,42,1,tooluse/holdout,sdft_frozen,sdft_frozen_lora_7b_tooluse_s1_seed42,sft,sft_lora_7b_tooluse_s1_seed42,0.32,0.39,9,0.0391,True
7b,42,1,tooluse/holdout,sft_joint,sft_lora_7b_joint_s1_seed42,sft_acq50,sft_lora_7b_tooluse_s1_acq50_seed42,0.37,0.33,6,0.2188,False
7b,42,1,tooluse/holdout,sft_joint,sft_lora_7b_joint_s1_seed42,sft,sft_lora_7b_tooluse_s1_seed42,0.37,0.39,2,0.5,False
7b,42,1,tooluse/holdout,sft_acq50,sft_lora_7b_tooluse_s1_acq50_seed42,sft,sft_lora_7b_tooluse_s1_seed42,0.33,0.39,6,0.0312,True
7b,1234,2,science/eval_data,sdft_ema,sdft_ema_lora_7b_science_s2_seed1234,sft_acq50,sft_lora_7b_science_s2_acq50_seed1234,0.57,0.5858,154,0.5728,False
7b,1234,2,science/eval_data,sdft_ema,sdft_ema_lora_7b_science_s2_seed1234,sft,sft_lora_7b_science_s2_seed1234,0.57,0.5483,143,0.4031,False
7b,1234,2,science/eval_data,sft_acq50,sft_lora_7b_science_s2_acq50_seed1234,sft,sft_lora_7b_science_s2_seed1234,0.5858,0.5483,103,0.0756,False
7b,1234,2,tooluse/eval_data,sdft_ema,sdft_ema_lora_7b_science_s2_seed1234,sft_acq50,sft_lora_7b_science_s2_acq50_seed1234,0.5979,0.6186,18,0.8145,False
7b,1234,2,tooluse/eval_data,sdft_ema,sdft_ema_lora_7b_science_s2_seed1234,sft,sft_lora_7b_science_s2_seed1234,0.5979,0.6392,16,0.4545,False
7b,1234,2,tooluse/eval_data,sft_acq50,sft_lora_7b_science_s2_acq50_seed1234,sft,sft_lora_7b_science_s2_seed1234,0.6186,0.6392,14,0.7905,False
7b,1234,2,tooluse/holdout,sdft_ema,sdft_ema_lora_7b_science_s2_seed1234,sft_acq50,sft_lora_7b_science_s2_acq50_seed1234,0.32,0.32,10,1.0,False
7b,1234,2,tooluse/holdout,sdft_ema,sdft_ema_lora_7b_science_s2_seed1234,sft,sft_lora_7b_science_s2_seed1234,0.32,0.34,8,0.7266,False
7b,1234,2,tooluse/holdout,sft_acq50,sft_lora_7b_science_s2_acq50_seed1234,sft,sft_lora_7b_science_s2_seed1234,0.32,0.34,8,0.7266,False
7b,2024,2,science/eval_data,sdft_ema,sdft_ema_lora_7b_science_s2_seed2024,sft_acq50,sft_lora_7b_science_s2_acq50_seed2024,0.5404,0.5483,138,0.7985,False
7b,2024,2,science/eval_data,sdft_ema,sdft_ema_lora_7b_science_s2_seed2024,sft,sft_lora_7b_science_s2_seed2024,0.5404,0.5917,132,0.0292,True
7b,2024,2,science/eval_data,sft_acq50,sft_lora_7b_science_s2_acq50_seed2024,sft,sft_lora_7b_science_s2_seed2024,0.5483,0.5917,100,0.0352,True
7b,2024,2,tooluse/eval_data,sdft_ema,sdft_ema_lora_7b_science_s2_seed2024,sft_acq50,sft_lora_7b_science_s2_acq50_seed2024,0.6082,0.6392,15,0.6072,False
7b,2024,2,tooluse/eval_data,sdft_ema,sdft_ema_lora_7b_science_s2_seed2024,sft,sft_lora_7b_science_s2_seed2024,0.6082,0.6392,17,0.6291,False
7b,2024,2,tooluse/eval_data,sft_acq50,sft_lora_7b_science_s2_acq50_seed2024,sft,sft_lora_7b_science_s2_seed2024,0.6392,0.6392,8,1.0,False
7b,2024,2,tooluse/holdout,sdft_ema,sdft_ema_lora_7b_science_s2_seed2024,sft_acq50,sft_lora_7b_science_s2_acq50_seed2024,0.3,0.33,11,0.5488,False
7b,2024,2,tooluse/holdout,sdft_ema,sdft_ema_lora_7b_science_s2_seed2024,sft,sft_lora_7b_science_s2_seed2024,0.3,0.35,9,0.1797,False
7b,2024,2,tooluse/holdout,sft_acq50,sft_lora_7b_science_s2_acq50_seed2024,sft,sft_lora_7b_science_s2_seed2024,0.33,0.35,8,0.7266,False
7b,42,2,science/eval_data,sdft_ema,sdft_ema_lora_7b_science_s2_seed42,sft_acq50,sft_lora_7b_science_s2_acq50_seed42,0.5444,0.574,137,0.2315,False
7b,42,2,science/eval_data,sdft_ema,sdft_ema_lora_7b_science_s2_seed42,sft,sft_lora_7b_science_s2_seed42,0.5444,0.5779,125,0.1521,False
7b,42,2,science/eval_data,sft_acq50,sft_lora_7b_science_s2_acq50_seed42,sft,sft_lora_7b_science_s2_seed42,0.574,0.5779,112,0.9248,False
7b,42,2,tooluse/eval_data,sdft_ema,sdft_ema_lora_7b_science_s2_seed42,sft_acq50,sft_lora_7b_science_s2_acq50_seed42,0.6392,0.5567,20,0.1153,False
7b,42,2,tooluse/eval_data,sdft_ema,sdft_ema_lora_7b_science_s2_seed42,sft,sft_lora_7b_science_s2_seed42,0.6392,0.6495,13,1.0,False
7b,42,2,tooluse/eval_data,sft_acq50,sft_lora_7b_science_s2_acq50_seed42,sft,sft_lora_7b_science_s2_seed42,0.5567,0.6495,15,0.0352,True
7b,42,2,tooluse/holdout,sdft_ema,sdft_ema_lora_7b_science_s2_seed42,sft_acq50,sft_lora_7b_science_s2_acq50_seed42,0.3,0.32,12,0.7744,False
7b,42,2,tooluse/holdout,sdft_ema,sdft_ema_lora_7b_science_s2_seed42,sft,sft_lora_7b_science_s2_seed42,0.3,0.36,12,0.146,False
7b,42,2,tooluse/holdout,sft_acq50,sft_lora_7b_science_s2_acq50_seed42,sft,sft_lora_7b_science_s2_seed42,0.32,0.36,6,0.2188,False
7b,1234,1,tooluse/eval_data,sdft_ema,sdft_ema_lora_7b_tooluse_s1_seed1234,sft_acq50,sft_lora_7b_tooluse_s1_acq50_seed1234,0.6701,0.5876,20,0.1153,False
7b,1234,1,tooluse/eval_data,sdft_ema,sdft_ema_lora_7b_tooluse_s1_seed1234,sft,sft_lora_7b_tooluse_s1_seed1234,0.6701,0.6392,19,0.6476,False
7b,1234,1,tooluse/eval_data,sft_acq50,sft_lora_7b_tooluse_s1_acq50_seed1234,sft,sft_lora_7b_tooluse_s1_seed1234,0.5876,0.6392,9,0.1797,False
7b,1234,1,tooluse/holdout,sdft_ema,sdft_ema_lora_7b_tooluse_s1_seed1234,sft_acq50,sft_lora_7b_tooluse_s1_acq50_seed1234,0.32,0.34,4,0.625,False
7b,1234,1,tooluse/holdout,sdft_ema,sdft_ema_lora_7b_tooluse_s1_seed1234,sft,sft_lora_7b_tooluse_s1_seed1234,0.32,0.37,7,0.125,False
7b,1234,1,tooluse/holdout,sft_acq50,sft_lora_7b_tooluse_s1_acq50_seed1234,sft,sft_lora_7b_tooluse_s1_seed1234,0.34,0.37,5,0.375,False
7b,2024,1,tooluse/eval_data,sdft_ema,sdft_ema_lora_7b_tooluse_s1_seed2024,sft_acq50,sft_lora_7b_tooluse_s1_acq50_seed2024,0.7113,0.6082,12,0.0063,True
7b,2024,1,tooluse/eval_data,sdft_ema,sdft_ema_lora_7b_tooluse_s1_seed2024,sft,sft_lora_7b_tooluse_s1_seed2024,0.7113,0.6186,13,0.0225,True
7b,2024,1,tooluse/eval_data,sft_acq50,sft_lora_7b_tooluse_s1_acq50_seed2024,sft,sft_lora_7b_tooluse_s1_seed2024,0.6082,0.6186,9,1.0,False
7b,2024,1,tooluse/holdout,sdft_ema,sdft_ema_lora_7b_tooluse_s1_seed2024,sft_acq50,sft_lora_7b_tooluse_s1_acq50_seed2024,0.32,0.34,4,0.625,False
7b,2024,1,tooluse/holdout,sdft_ema,sdft_ema_lora_7b_tooluse_s1_seed2024,sft,sft_lora_7b_tooluse_s1_seed2024,0.32,0.39,7,0.0156,True
7b,2024,1,tooluse/holdout,sft_acq50,sft_lora_7b_tooluse_s1_acq50_seed2024,sft,sft_lora_7b_tooluse_s1_seed2024,0.34,0.39,5,0.0625,False
